y,session_label,comm,iso_outlier,lof_outlier,both_flagged,cluster_KMeans (k=4),cluster_GMM (k=4),cluster_Agglomerative (k=4),cluster_DBSCAN,orig_index
0,unknown,pool-92,0,0,False,0,1,2,-1,0
0,unknown,Thread-109 (_ha,0,0,False,0,1,2,0,1
0,unknown,Thread-69 (work,0,0,False,0,1,2,0,2
0,unknown,Thread-79 (work,0,0,False,0,1,2,0,3
0,unknown,Thread-33 (_han,0,1,False,0,1,2,0,4
1,unknown,TaskCon~ller #2,0,1,False,0,1,2,-1,5
0,unknown,JS Helper,0,0,False,0,1,2,0,6
0,unknown,sh,0,0,False,2,0,1,1,7
1,unknown,Thread-144 (wor,0,0,False,0,1,2,0,8
0,unknown,code,0,0,False,2,0,1,-1,9
0,unknown,Thread-80 (work,0,0,False,0,1,2,0,10
0,unknown,WRWorkerLP#1,0,0,False,0,1,1,-1,11
0,unknown,sh,0,0,False,2,0,1,-1,12
1,unknown,WRWorker#3,0,0,False,0,1,1,-1,13
0,unknown,Isolated Web Co,1,1,True,2,0,1,-1,15
0,unknown,Thread-178 (wor,0,0,False,0,1,2,0,16
1,unknown,rtkit-daemon,0,0,False,0,1,2,0,17
0,unknown,cpuUsage.sh,0,0,False,2,0,1,-1,18
0,unknown,sleep,0,0,False,0,1,1,-1,19
0,unknown,pet,0,1,False,0,1,2,-1,20
0,unknown,Thread-88 (_han,0,0,False,0,1,2,0,21
0,unknown,Thread-83 (work,0,0,False,0,1,2,0,22
0,unknown,systemd,0,0,False,2,0,1,-1,23
0,unknown,Thread-51 (work,0,0,False,0,1,2,0,24
0,unknown,Thread-8 (worke,0,0,False,0,1,2,0,25
0,unknown,GDM userdb work,0,0,False,0,1,2,0,26
0,unknown,code,0,0,False,0,1,2,-1,27
0,unknown,Thread-11 (_han,0,0,False,0,1,2,0,28
0,unknown,StreamTrans #47,0,0,False,0,1,2,0,29
0,unknown,Thread-63 (work,0,0,False,0,1,2,0,30
0,unknown,libuv-worker,0,0,False,0,1,2,0,31
0,unknown,ps,1,1,True,2,0,1,-1,32
1,unknown,stress-ng-vm,1,1,True,3,2,3,-1,33
0,unknown,Thread-78 (work,0,0,False,0,1,2,0,34
0,unknown,ibus-x11,0,1,False,2,0,1,-1,35
0,unknown,Thread-44 (_han,0,0,False,0,1,2,0,36
0,unknown,sleep,0,0,False,2,0,1,-1,37
1,unknown,Thread-183 (wor,0,0,False,0,1,2,0,38
0,unknown,sed,0,0,False,2,0,1,-1,39
0,unknown,Thread-41 (work,0,0,False,0,1,2,0,40
0,unknown,NetworkManager,1,0,False,2,0,1,-1,41
0,unknown,IPDL Background,0,0,False,0,1,2,-1,42
0,unknown,TaskCon~ller #7,0,0,False,0,1,2,0,43
0,unknown,WorkerThread,0,0,False,0,1,2,0,44
0,unknown,gmain,0,0,False,0,1,2,0,45
0,unknown,cpuUsage.sh,0,0,False,2,0,1,-1,46
0,unknown,Worker Launcher,0,0,False,0,1,2,2,47
0,unknown,Thread-148 (wor,0,1,False,0,1,2,-1,48
0,unknown,cat,0,1,False,2,0,1,6,49
0,unknown,Thread-21 (_han,0,0,False,0,1,2,0,50
0,unknown,Thread-136 (wor,0,0,False,0,1,2,3,51
0,unknown,pet,0,1,False,0,1,2,-1,52
0,unknown,Thread-21 (_han,0,0,False,0,1,2,0,53
0,unknown,Thread-179 (wor,0,0,False,0,1,2,-1,54
0,unknown,git,0,0,False,2,0,1,-1,55
0,unknown,WorkerThread,0,0,False,0,1,2,0,56
0,unknown,gly-rayon-0,0,0,False,0,1,2,0,57
0,unknown,libuv-worker,0,0,False,0,1,2,0,59
0,unknown,Thread-21 (_han,0,0,False,0,1,2,0,60
0,unknown,Timer,0,0,False,0,1,2,-1,61
0,unknown,Thread-13 (work,0,0,False,0,1,2,0,62
0,unknown,sed,0,0,False,2,0,1,20,63
0,unknown,gjs,0,0,False,2,0,1,-1,64
0,unknown,Thread-164 (_ha,0,1,False,0,1,2,-1,65
0,unknown,upowerd,1,1,True,2,0,1,-1,66
0,unknown,Thread-54 (_han,0,0,False,0,1,2,0,67
0,unknown,Thread-101 (wor,0,0,False,0,1,2,0,68
0,unknown,ibus-extension-,0,0,False,2,0,1,-1,69
2,unknown,Thread-121 (_ha,0,0,False,0,1,2,0,70
0,unknown,Thread-18 (work,0,0,False,0,1,2,0,71
0,unknown,Socket Thread,0,0,False,0,1,2,0,72
0,unknown,WRScene~derLP#1,0,1,False,0,1,2,-1,73
2,unknown,ibus-portal,1,0,False,2,0,1,-1,74
0,unknown,Thread-211 (wor,0,0,False,0,1,2,0,75
1,unknown,dart:io EventHa,0,0,False,0,1,2,0,76
0,unknown,PerfettoTrace,0,0,False,0,1,2,0,77
0,unknown,sh,0,0,False,0,1,1,-1,78
0,unknown,StyleThread#4,0,0,False,0,1,2,-1,79
0,unknown,kworker/5:1,0,0,False,0,1,2,0,80
0,unknown,localsearch-3,0,0,False,2,0,1,-1,81
0,unknown,cat,0,0,False,2,0,1,4,82
0,unknown,python,0,0,False,0,1,1,-1,83
0,unknown,libuv-worker,0,0,False,0,1,2,0,84
1,unknown,Thread-187 (_ha,0,0,False,0,1,2,0,85
0,unknown,bpftool,1,0,False,2,0,1,-1,86
0,unknown,gsd-media-keys,0,0,False,0,0,1,-1,87
0,unknown,migration/0,0,1,False,0,1,2,0,89
0,unknown,pet,0,0,False,0,1,2,5,90
2,unknown,Thread-150 (wor,0,0,False,0,1,2,0,91
0,unknown,Thread-196 (_ha,0,0,False,0,1,2,-1,92
0,unknown,cpuUsage.sh,0,0,False,2,0,1,15,93
0,unknown,Thread-40 (work,0,1,False,0,1,2,0,94
0,unknown,Thread-14 (work,0,0,False,0,1,2,0,95
0,unknown,Task Runner for,0,0,False,0,1,2,-1,96
0,unknown,gly-hdl-loader,0,0,False,0,1,2,-1,97
0,unknown,Thread-73 (work,0,0,False,0,1,2,0,98
0,unknown,python,0,0,False,2,0,1,-1,99
2,unknown,StreamT~ns #636,0,0,False,0,1,2,0,100
0,unknown,Thread-23 (work,0,0,False,0,1,2,0,101
1,unknown,Thread-132 (_ha,0,0,False,0,1,2,-1,102
0,unknown,Thread-62 (work,0,0,False,0,1,2,0,103
0,unknown,Thread-220 (_ha,0,0,False,0,1,2,0,104
0,unknown,Thread-21 (_han,0,0,False,0,1,2,0,105
0,unknown,python,1,1,True,2,3,1,-1,106
1,unknown,stress-ng-vm,1,0,False,2,0,1,-1,107
0,unknown,git,1,1,True,2,0,1,-1,108
0,unknown,DNS Res~er #523,0,0,False,0,1,2,-1,109
0,unknown,WRWorker#2,0,0,False,0,1,2,-1,110
0,unknown,Thread-37 (work,0,0,False,0,1,2,0,111
0,unknown,Thread-26 (work,0,0,False,0,1,2,0,112
0,unknown,python,0,0,False,0,1,1,-1,113
0,unknown,Thread-4 (worke,0,0,False,0,1,2,0,114
0,unknown,gdbus,0,0,False,0,1,2,0,115
0,unknown,Thread-15 (work,0,0,False,0,1,2,0,116
0,unknown,Timer,0,0,False,0,1,2,-1,117
0,unknown,DOM Worker,0,0,False,0,1,2,0,118
0,unknown,Thread-98 (_han,0,0,False,0,1,2,0,119
0,unknown,Backgro~ool #29,0,0,False,0,1,2,-1,120
0,unknown,TaskCon~ller #6,0,1,False,0,1,2,0,121
0,unknown,Thread-137 (wor,0,0,False,0,1,2,-1,122
0,unknown,Thread-32 (_han,0,1,False,0,1,2,0,123
0,unknown,zbus::Connectio,0,1,False,0,1,2,-1,124
0,unknown,Thread-50 (work,0,0,False,0,1,2,0,125
0,unknown,WRWorker#0,0,0,False,0,1,1,-1,126
0,unknown,DelayedTaskSche,0,0,False,0,1,2,0,127
0,unknown,thermald,0,0,False,0,1,2,-1,128
0,unknown,sleep,0,0,False,2,0,1,-1,129
2,unknown,Thread-164 (_ha,0,0,False,0,1,2,0,130
0,unknown,Thread-13 (work,0,0,False,0,1,2,0,131
0,unknown,StreamT~ns #629,0,0,False,0,1,1,-1,132
1,unknown,Socket Thread,0,1,False,0,1,2,-1,133
0,unknown,ImageBridgeChld,0,0,False,0,1,2,0,134
0,unknown,ProcessHangMon,0,0,False,0,1,2,0,135
0,unknown,StreamTrans #2,0,0,False,0,1,2,-1,136
0,unknown,Thread-137 (wor,0,0,False,0,1,2,3,137
0,unknown,WRWorkerLP#2,0,0,False,0,1,1,-1,138
0,unknown,cpuUsage.sh,0,0,False,2,0,1,-1,139
0,unknown,Thread-164 (_ha,0,0,False,0,1,2,0,140
0,unknown,Thread-96 (work,0,0,False,0,1,2,0,141
0,unknown,cat,0,0,False,2,0,1,6,142
0,unknown,kworker/u32:2,1,0,False,2,0,1,-1,143
0,unknown,TaskCon~ller #4,0,0,False,0,1,2,0,144
0,unknown,Thread-197 (_ha,0,1,False,0,1,2,-1,145
0,unknown,kworker/u32:3,0,0,False,2,0,1,-1,146
0,unknown,Thread-127 (wor,0,0,False,0,1,2,-1,147
0,unknown,Thread-55 (_han,0,0,False,0,1,2,0,148
0,unknown,Thread-7 (worke,0,0,False,0,1,2,0,149
0,unknown,Thread-58 (work,0,0,False,0,1,2,0,150
0,unknown,Thread-19 (work,0,0,False,0,1,2,0,151
0,unknown,code,1,1,True,2,3,1,-1,152
2,unknown,StyleThread#5,0,1,False,0,1,1,-1,153
0,unknown,DOM Worker,0,0,False,0,1,2,0,154
0,unknown,Thread-16 (work,0,0,False,0,1,2,0,155
0,unknown,ImageIO,0,0,False,0,1,1,-1,156
0,unknown,Thread-153 (_ha,0,1,False,0,1,2,-1,157
0,unknown,Timer,0,0,False,0,1,2,0,158
0,unknown,Thread-62 (work,0,0,False,0,1,2,0,159
0,unknown,ibus-x11,0,0,False,2,0,1,-1,160
0,unknown,Thread-7 (worke,0,0,False,0,1,2,0,161
0,unknown,DelayedTaskSche,0,0,False,0,1,2,0,162
1,unknown,Thread-143 (_ha,0,0,False,0,1,2,-1,163
1,unknown,WorkerThread,0,0,False,0,1,2,0,164
0,unknown,DelayedTaskSche,0,0,False,0,1,2,0,165
0,unknown,Thread-11 (_han,0,0,False,0,1,2,0,166
0,unknown,Thread-16 (work,0,0,False,0,1,2,0,167
0,unknown,sleep,0,0,False,0,1,1,-1,168
0,unknown,Indexed~IO #253,0,0,False,0,1,2,0,169
1,unknown,Thread-129 (wor,0,0,False,0,1,2,-1,170
0,unknown,Thread-109 (_ha,0,0,False,0,1,2,0,171
0,unknown,Thread-66 (_han,0,0,False,0,1,2,0,172
1,unknown,Thread-153 (_ha,0,0,False,0,1,2,0,173
0,unknown,sleep,0,0,False,2,0,1,-1,174
0,unknown,StreamT~ns #621,0,0,False,0,1,2,0,175
0,unknown,code,0,0,False,2,0,1,-1,176
0,unknown,V8Worker,0,0,False,0,1,2,-1,177
0,unknown,Thread-21 (_han,0,0,False,0,1,2,0,178
0,unknown,bpftool,1,0,False,2,0,1,-1,179
0,unknown,Thread-20 (_han,0,0,False,0,1,2,2,180
0,unknown,Thread-66 (_han,0,0,False,0,1,2,-1,181
0,unknown,Chrome_ChildIOT,0,0,False,0,1,2,-1,182
0,unknown,cpuUsage.sh,0,0,False,2,0,1,15,183
0,unknown,Thread-85 (work,0,0,False,0,1,2,0,184
0,unknown,bpftool,1,1,True,2,0,1,-1,185
0,unknown,Thread-55 (_han,0,0,False,0,1,2,0,186
1,unknown,localsearch-3,0,0,False,2,0,1,-1,187
0,unknown,StreamT~ns #631,0,0,False,0,1,2,0,188
0,unknown,Thread-83 (work,0,0,False,0,1,2,0,189
1,unknown,WRWorkerLP#7,0,0,False,0,1,1,-1,190
0,unknown,StreamTrans #72,0,0,False,0,1,2,-1,191
0,unknown,kworker/2:1H,1,1,True,0,0,1,-1,192
0,unknown,Timer,0,0,False,0,1,2,-1,193
1,unknown,gdbus,0,0,False,0,1,2,0,194
0,unknown,Thread-16 (work,0,0,False,0,1,2,0,195
0,unknown,Thread-14 (work,0,0,False,0,1,2,0,196
0,unknown,Thread-111 (wor,0,0,False,0,1,2,-1,197
0,unknown,pet,0,0,False,0,1,2,11,198
1,unknown,cpuUsage.sh,0,0,False,0,1,1,7,199
0,unknown,Thread-13 (work,0,0,False,0,1,2,0,200
1,unknown,cpuUsage.sh,0,0,False,2,0,1,-1,201
0,unknown,TaskCon~ller #1,0,0,False,0,1,2,-1,202
0,unknown,TaskCon~ller #2,0,0,False,0,1,2,0,203
0,unknown,Backgro~Pool #2,0,0,False,0,1,2,8,204
0,unknown,ThreadPoolForeg,0,0,False,0,1,2,-1,205
0,unknown,Timer,0,0,False,0,1,2,-1,206
0,unknown,git,1,1,True,2,0,1,-1,207
0,unknown,cpuUsage.sh,0,0,False,2,0,1,-1,208
0,unknown,code,0,0,False,0,1,1,-1,209
1,unknown,Thread-191 (wor,0,0,False,0,1,2,-1,210
1,unknown,DedicatedWorker,0,0,False,0,1,2,-1,211
0,unknown,rcu_preempt,0,1,False,0,1,1,-1,212
0,unknown,Thread-30 (work,0,0,False,0,1,2,0,213
0,unknown,Isolated Web Co,1,0,False,2,0,1,-1,214
1,unknown,sqldb:c~lite #9,0,0,False,0,1,2,0,215
0,unknown,Web Content,0,0,False,2,0,1,-1,216
0,unknown,Thread-25 (work,0,0,False,0,1,2,0,217
0,unknown,WRWorker#3,0,0,False,0,1,1,-1,218
0,unknown,FSBroker20107,0,0,False,0,1,2,8,219
0,unknown,pet,0,1,False,0,1,2,0,220
0,unknown,Thread-72 (work,0,0,False,0,1,2,0,221
0,unknown,IPC I/O Child,0,0,False,0,1,2,-1,222
0,unknown,Thread-96 (work,0,0,False,0,1,2,0,223
0,unknown,sleep,0,0,False,0,1,1,-1,224
0,unknown,Chrome_ChildIOT,0,0,False,0,1,2,0,225
0,unknown,TaskCon~ller #3,0,0,False,0,1,2,0,226
0,unknown,blocking-70,0,0,False,0,1,2,0,227
0,unknown,Thread-154 (_ha,0,0,False,0,1,2,0,228
0,unknown,StreamTrans #29,0,0,False,0,1,1,-1,229
1,unknown,Thread-162 (wor,0,0,False,0,1,2,-1,230
0,unknown,StreamT~ns #626,0,0,False,0,1,1,-1,231
0,unknown,MediaTimer #70,0,0,False,0,1,2,8,232
0,unknown,sed,0,0,False,2,0,1,-1,233
0,unknown,Thread-201 (wor,0,0,False,0,1,2,-1,234
0,unknown,gdbus,0,0,False,0,1,2,0,235
0,unknown,sed,0,1,False,2,0,1,-1,237
0,unknown,python,1,1,True,2,3,1,-1,238
0,unknown,python,1,1,True,2,3,1,-1,239
0,unknown,gdbus,0,0,False,0,1,2,-1,240
0,unknown,Timer,0,0,False,0,1,2,0,241
0,unknown,code,0,0,False,2,0,1,-1,242
0,unknown,Thread-1 (worke,0,0,False,0,1,2,0,243
0,unknown,Thread-50 (work,0,0,False,0,1,2,0,244
0,unknown,systemd-journal,0,0,False,2,0,1,-1,245
0,unknown,python,0,0,False,0,1,1,-1,246
0,unknown,Thread-85 (work,0,0,False,0,1,2,0,247
0,unknown,StyleThread#1,0,0,False,0,1,2,-1,248
0,unknown,IPC I/O Child,0,0,False,0,1,1,-1,249
0,unknown,Thread-8 (worke,0,0,False,0,1,2,0,250
0,unknown,Thread-3 (worke,0,0,False,0,1,2,0,251
0,unknown,pet,0,0,False,0,1,2,-1,252
0,unknown,systemd-journal,0,0,False,2,0,1,-1,253
0,unknown,bash,0,0,False,2,0,1,-1,254
1,unknown,TaskCon~ller #1,0,0,False,0,1,1,10,255
1,unknown,TaskCon~ller #6,0,0,False,0,1,2,0,256
1,unknown,Thread-187 (_ha,0,0,False,0,1,2,-1,257
0,unknown,Thread-59 (work,0,0,False,0,1,2,0,258
0,unknown,Thread-5 (worke,0,0,False,0,1,2,0,259
0,unknown,Thread-68 (work,0,0,False,0,1,2,0,260
0,unknown,Thread-210 (wor,0,0,False,0,1,2,0,261
0,unknown,cat,0,0,False,2,0,1,-1,262
0,unknown,Isolated Web Co,1,0,False,2,0,1,-1,263
1,unknown,Thread-175 (_ha,0,0,False,0,1,2,-1,264
0,unknown,ThreadPoolForeg,0,0,False,0,1,2,-1,265
0,unknown,cpuUsage.sh,0,0,False,2,0,1,9,266
0,unknown,StreamTrans #70,0,0,False,0,1,2,0,267
1,unknown,StreamT~ns #632,0,0,False,0,1,2,-1,268
0,unknown,Thread-212 (wor,0,0,False,0,1,2,-1,269
0,unknown,V8Worker,0,1,False,0,1,2,0,270
0,unknown,cat,0,0,False,2,0,1,6,271
0,unknown,StreamT~ns #625,0,0,False,0,1,2,14,272
0,unknown,Timer,0,0,False,0,1,2,0,273
0,unknown,pool-spawner,0,0,False,0,1,2,0,274
0,unknown,code,0,0,False,0,1,2,0,275
0,unknown,gmain,0,0,False,0,1,2,0,277
0,unknown,bpftool,0,1,False,2,0,1,-1,278
0,unknown,ps,1,1,True,2,0,1,-1,279
0,unknown,Thread-205 (wor,0,0,False,0,1,2,0,280
0,unknown,StreamTrans #70,0,0,False,0,1,2,-1,281
0,unknown,git,0,1,False,2,0,1,-1,282
0,unknown,gnome-shell,1,1,True,1,3,0,-1,283
0,unknown,gly-rayon-4,0,1,False,0,1,1,10,284
0,unknown,Isolated Servic,0,0,False,2,0,1,-1,285
0,unknown,Thread-44 (_han,0,0,False,0,1,2,0,286
0,unknown,Thread-5 (worke,0,0,False,0,1,2,0,287
0,unknown,Thread-103 (wor,0,0,False,0,1,2,0,288
0,unknown,StreamTrans #29,0,0,False,0,1,2,8,289
0,unknown,Thread-4 (worke,0,0,False,0,1,2,0,290
0,unknown,cat,0,0,False,2,0,1,-1,291
1,unknown,Thread-178 (wor,0,0,False,0,1,2,0,292
0,unknown,Thread-185 (_ha,0,0,False,0,1,2,0,293
0,unknown,code,0,0,False,2,0,1,-1,294
0,unknown,Compositor,1,0,False,0,3,1,-1,295
0,unknown,KMS thread,0,1,False,0,3,1,-1,296
0,unknown,IPC I/O Child,0,0,False,0,1,2,0,297
0,unknown,Priority Queue ,0,0,False,0,1,2,-1,298
0,unknown,WorkerThread,0,0,False,0,1,2,0,299
0,unknown,TaskCon~ller #5,0,0,False,0,1,2,0,300
0,unknown,glean.dispatche,0,0,False,0,3,1,-1,301
0,unknown,libuv-worker,0,0,False,0,1,2,0,302
0,unknown,sh,0,0,False,0,1,1,-1,303
0,unknown,Thread-79 (work,0,0,False,0,1,2,0,304
1,unknown,StreamT~ns #624,0,0,False,0,1,2,0,305
0,unknown,Thread-33 (_han,0,0,False,0,1,2,0,306
0,unknown,bash,0,1,False,2,0,1,-1,307
0,unknown,Thread-188 (wor,0,0,False,0,1,2,-1,308
0,unknown,wireplumber,0,0,False,2,0,1,-1,309
0,unknown,sqldb:c~lite #3,0,0,False,0,1,2,0,310
0,unknown,gmain,0,0,False,0,1,2,0,311
2,unknown,IPC Launch,0,1,False,0,1,2,8,312
0,unknown,StreamTrans #47,0,0,False,0,1,2,-1,313
0,unknown,cat,0,0,False,2,0,1,4,314
1,unknown,Thread-118 (wor,0,0,False,0,1,2,0,315
0,unknown,TaskCon~ller #1,0,0,False,0,1,2,0,316
0,unknown,Thread-76 (_han,0,0,False,0,1,2,0,317
0,unknown,python,0,0,False,2,0,1,-1,318
0,unknown,libuv-worker,0,0,False,0,1,2,0,319
0,unknown,gvfsd-metadata,0,0,False,0,0,1,-1,320
0,unknown,Thread-82 (work,0,0,False,0,1,2,0,321
0,unknown,ProfilerChild,0,0,False,0,1,2,-1,322
0,unknown,cpuUsage.sh,0,0,False,2,0,1,-1,323
0,unknown,dircolors,0,1,False,2,0,1,-1,324
0,unknown,Thread-189 (wor,0,0,False,0,1,2,-1,325
0,unknown,firefo:traceq0,0,0,False,0,1,2,-1,326
0,unknown,sleep,0,0,False,0,1,1,-1,327
0,unknown,sleep,0,0,False,0,1,1,-1,328
0,unknown,Thread-61 (work,0,0,False,0,1,2,0,329
0,unknown,Thread-100 (wor,0,0,False,0,1,2,0,330
0,unknown,Thread-2 (worke,0,0,False,0,1,2,0,331
0,unknown,ProcessHangMon,0,0,False,0,1,2,0,332
0,unknown,Thread-87 (_han,0,0,False,0,1,2,0,333
0,unknown,Isolated Web Co,1,0,False,2,0,1,-1,334
0,unknown,WRRende~ckend#1,0,0,False,0,1,1,-1,335
0,unknown,JS Watchdog,0,0,False,0,1,2,0,336
0,unknown,cpuUsage.sh,0,0,False,2,0,1,9,337
0,unknown,Thread-15 (work,0,0,False,0,1,2,0,338
0,unknown,bash,0,1,False,2,0,1,-1,339
0,unknown,Thread-80 (work,0,0,False,0,1,2,0,340
0,unknown,gly-rayon-2,0,0,False,0,1,2,0,341
0,unknown,pet,0,0,False,0,1,1,10,342
0,unknown,StyleThread#5,0,0,False,0,1,2,0,343
0,unknown,IPC I/O Child,0,0,False,0,1,2,0,344
0,unknown,Thread-10 (_han,0,1,False,0,1,2,0,345
0,unknown,Thread-89 (work,0,0,False,0,1,2,0,346
0,unknown,Timer,0,0,False,0,1,2,0,347
0,unknown,StreamT~ns #212,0,0,False,0,1,2,-1,348
0,unknown,pet,0,0,False,0,1,1,10,349
0,unknown,Thread-6 (worke,0,0,False,0,1,2,0,350
0,unknown,Thread-7 (worke,0,0,False,0,1,2,0,351
0,unknown,bpftool,0,1,False,2,0,1,-1,352
0,unknown,bpftool,0,1,False,2,0,1,-1,353
1,unknown,gsd-media-keys,1,0,False,2,0,1,-1,354
0,unknown,MediaDe~ine #72,0,0,False,0,1,2,-1,355
0,unknown,glycin-svg,0,1,False,2,0,1,-1,356
0,unknown,Thread-202 (wor,0,0,False,0,1,2,0,357
0,unknown,gmain,0,0,False,0,1,2,0,358
0,unknown,sh,0,0,False,2,0,1,-1,359
1,unknown,Thread-167 (wor,0,0,False,0,1,2,-1,360
0,unknown,Thread-107 (wor,0,0,False,0,1,2,0,361
1,unknown,Thread-154 (_ha,0,0,False,0,1,2,-1,362
1,unknown,DOMCacheThread,0,0,False,0,1,2,0,363
0,unknown,StreamTrans #47,0,0,False,0,1,2,-1,364
0,unknown,code,0,1,False,2,0,1,-1,365
0,unknown,DNS Res~er #516,0,0,False,0,1,2,0,366
0,unknown,IPC I/O Child,0,0,False,0,1,2,-1,367
0,unknown,cat,0,0,False,2,0,1,4,369
1,unknown,WRWorkerLP#7,0,0,False,0,1,1,-1,370
0,unknown,Backgro~ool #20,0,0,False,0,1,2,0,371
0,unknown,Thread-75 (_han,0,0,False,0,1,2,0,372
1,unknown,gdbus,0,0,False,0,1,2,0,373
0,unknown,bwrap,0,1,False,2,0,1,-1,374
0,unknown,Thread-100 (wor,0,1,False,0,1,2,0,375
0,unknown,cpuUsage.sh,0,0,False,2,0,1,-1,376
0,unknown,Thread-20 (_han,0,0,False,0,1,2,-1,377
0,unknown,Thread-40 (work,0,0,False,0,1,2,0,378
0,unknown,DOM Worker,0,0,False,0,1,2,0,379
0,unknown,thermald,0,0,False,0,1,2,-1,380
0,unknown,Thread-49 (work,0,0,False,0,1,2,0,381
0,unknown,Thread-98 (_han,0,1,False,0,1,2,-1,382
0,unknown,Thread-104 (wor,0,0,False,0,1,2,0,383
0,unknown,Thread-100 (wor,0,0,False,0,1,2,0,384
0,unknown,Thread-1 (worke,0,0,False,0,1,2,0,385
0,unknown,ps,1,0,False,2,0,1,-1,386
0,unknown,Thread-77 (_han,0,0,False,0,1,2,0,387
0,unknown,TaskCon~ller #3,0,0,False,0,1,2,0,388
0,unknown,Thread-51 (work,0,0,False,0,1,2,0,389
0,unknown,JS Watchdog,0,0,False,0,1,2,0,390
0,unknown,IPDL Background,0,0,False,0,1,2,-1,391
0,unknown,Timer,0,0,False,0,1,2,-1,392
0,unknown,pet,0,1,False,0,1,2,-1,393
0,unknown,libuv-worker,0,0,False,0,1,2,0,394
0,unknown,Isolated Web Co,1,0,False,2,3,1,-1,395
0,unknown,ThreadPoolServi,0,0,False,0,1,2,0,396
0,unknown,IPC I/O Child,0,0,False,0,1,2,0,397
0,unknown,Web Content,0,1,False,2,0,1,-1,398
0,unknown,gmain,0,0,False,0,1,2,0,399
2,unknown,ThreadPoolForeg,1,1,True,0,1,2,-1,400
0,unknown,V8Worker,0,0,False,0,1,2,-1,401
0,unknown,sed,0,1,False,2,0,1,-1,402
0,unknown,IPDL Background,0,0,False,0,1,2,-1,403
0,unknown,sleep,0,0,False,2,0,1,-1,404
0,unknown,pet,0,0,False,0,1,2,11,406
0,unknown,MediaDe~ine #77,0,0,False,0,1,2,8,407
0,unknown,sh,0,0,False,2,0,1,-1,408
0,unknown,Thread-8 (worke,0,0,False,0,1,2,0,409
0,unknown,sqldb:c~lite #3,0,0,False,0,1,2,0,410
0,unknown,SSL Cert #59,0,0,False,0,1,2,-1,412
0,unknown,StreamTrans #1,0,0,False,0,1,2,8,413
0,unknown,kworker/2:2,0,1,False,0,1,2,-1,414
0,unknown,Thread-8 (worke,0,0,False,0,1,2,0,415
0,unknown,JS Helper,0,0,False,0,1,2,0,416
2,unknown,in:imuxsock,0,0,False,0,1,2,0,417
0,unknown,IPC I/O Child,0,0,False,0,1,2,-1,418
0,unknown,JS Watchdog,0,0,False,0,1,2,0,419
1,unknown,ThreadPoolForeg,0,0,False,0,1,2,-1,420
2,unknown,ImageBridgeChld,0,1,False,0,1,1,-1,421
0,unknown,sed,0,0,False,2,0,1,16,422
0,unknown,python3,0,0,False,2,0,1,-1,423
0,unknown,sh,0,1,False,2,0,1,-1,424
0,unknown,Thread-117 (wor,0,0,False,0,1,2,0,425
0,unknown,Thread-148 (wor,0,0,False,0,1,2,-1,426
0,unknown,Thread-21 (_han,0,1,False,0,1,2,0,427
0,unknown,ThreadPoolForeg,0,0,False,0,1,2,0,428
0,unknown,Thread-54 (_han,0,0,False,0,1,2,0,430
1,unknown,TaskCon~ller #2,0,0,False,0,1,2,0,431
0,unknown,Thread-5 (worke,0,0,False,0,1,2,0,432
0,unknown,systemd-logind,0,0,False,2,0,1,-1,433
1,unknown,wireplumber,0,0,False,2,0,1,-1,434
0,unknown,StreamTrans #70,0,0,False,0,1,2,-1,435
0,unknown,Socket Thread,0,0,False,0,1,2,0,436
0,unknown,sed,0,0,False,2,0,1,16,437
0,unknown,Chrome_ChildIOT,0,0,False,0,1,1,-1,438
1,unknown,Thread-146 (wor,0,0,False,0,1,2,-1,439
0,unknown,gdbus,0,0,False,0,1,2,0,440
0,unknown,Thread-203 (wor,0,0,False,0,1,2,-1,441
0,unknown,sh,0,0,False,2,0,1,-1,442
0,unknown,TaskCon~ller #0,0,0,False,0,1,2,0,443
0,unknown,cpuUsage.sh,0,0,False,2,0,1,9,444
0,unknown,Thread-14 (work,0,0,False,0,1,2,0,445
0,unknown,pet,0,0,False,0,1,2,-1,446
0,unknown,Thread-17 (work,0,0,False,0,1,2,0,447
0,unknown,gdbus,0,0,False,0,1,2,0,448
0,unknown,Thread-1 (worke,0,0,False,0,1,2,0,449
0,unknown,Thread-36 (work,0,0,False,0,1,2,0,450
0,unknown,Utility Process,0,0,False,2,0,1,-1,451
0,unknown,kworker/u32:0,1,0,False,2,0,1,-1,452
0,unknown,cat,0,0,False,2,0,1,6,453
0,unknown,JS Helper,0,0,False,0,1,2,0,454
0,unknown,MediaTimer #69,0,0,False,0,1,2,0,455
0,unknown,JS Helper,0,0,False,0,1,2,0,456
0,unknown,Backgro~Pool #1,0,0,False,0,1,2,0,457
0,unknown,Thread-14 (work,0,0,False,0,1,2,0,458
0,unknown,code,0,0,False,2,0,1,-1,459
0,unknown,gdbus,0,0,False,0,1,2,0,460
0,unknown,Thread-102 (wor,0,0,False,0,1,2,0,461
0,unknown,git,0,0,False,2,0,1,-1,462
0,unknown,TaskCon~ller #4,0,1,False,0,1,2,-1,463
0,unknown,Thread-219 (_ha,0,0,False,0,1,2,0,464
0,unknown,cat,0,1,False,2,0,1,-1,465
0,unknown,DelayedTaskSche,0,0,False,0,1,2,0,466
0,unknown,Thread-109 (_ha,0,0,False,0,1,2,0,467
0,unknown,Thread-74 (work,0,0,False,0,1,2,0,468
0,unknown,JS Watchdog,0,0,False,0,1,2,0,469
0,unknown,gly-rayon-6,0,0,False,0,1,1,10,470
0,unknown,sh,0,1,False,2,0,1,-1,471
0,unknown,Isolated Web Co,1,0,False,2,3,1,-1,472
2,unknown,cpuUsage.sh,0,0,False,2,0,1,18,473
0,unknown,CanvasRenderer,0,1,False,0,1,2,0,475
0,unknown,Thread-29 (work,0,0,False,0,1,2,0,476
0,unknown,TikToken worker,0,0,False,0,1,2,-1,477
0,unknown,rs:main Q:Reg,0,0,False,0,1,2,0,478
0,unknown,libuv-worker,0,0,False,0,1,2,0,479
0,unknown,code,0,0,False,0,1,2,0,480
0,unknown,TaskCon~ller #6,0,0,False,0,1,2,0,481
0,unknown,cpuUsage.sh,0,1,False,2,0,1,-1,482
0,unknown,TaskCon~ller #0,0,0,False,0,1,2,-1,483
0,unknown,Thread-208 (_ha,0,1,False,0,1,2,0,484
0,unknown,JS Helper,0,0,False,0,1,2,0,485
0,unknown,Utility Process,0,0,False,2,0,1,-1,486
0,unknown,Thread-4 (worke,0,0,False,0,1,2,0,487
2,unknown,localsearch-3,1,0,False,2,0,1,-1,488
0,unknown,Thread-56 (work,0,0,False,0,1,2,0,489
0,unknown,sleep,0,0,False,0,1,1,-1,490
0,unknown,sh,0,0,False,2,0,1,-1,491
1,unknown,TaskCon~ller #6,0,0,False,0,1,2,-1,492
0,unknown,cat,0,0,False,2,0,1,12,493
0,unknown,TaskCon~ller #0,0,0,False,0,1,2,-1,494
0,unknown,which,0,0,False,2,0,1,-1,495
0,unknown,cat,0,1,False,2,0,1,-1,496
0,unknown,sed,0,0,False,2,0,1,16,497
0,unknown,Thread-192 (wor,0,0,False,0,1,2,0,498
0,unknown,pet,0,0,False,0,1,1,-1,499
1,unknown,Thread-158 (wor,0,0,False,0,1,2,-1,500
0,unknown,cpuUsage.sh,0,0,False,2,0,1,-1,501
0,unknown,Thread-14 (work,0,0,False,0,1,2,0,502
0,unknown,glean.dispatche,0,0,False,0,3,1,-1,503
0,unknown,sqldb:c~lite #9,0,0,False,0,1,2,0,504
0,unknown,DOM Worker,0,1,False,0,1,2,-1,505
0,unknown,Thread-63 (work,0,0,False,0,1,2,0,506
0,unknown,Thread-13 (work,0,0,False,0,1,2,0,507
0,unknown,Thread-111 (wor,0,0,False,0,1,2,-1,508
0,unknown,Thread-36 (work,0,0,False,0,1,2,0,509
0,unknown,IPC I/O Child,0,0,False,0,1,2,0,510
0,unknown,V8Worker,0,0,False,0,1,2,-1,511
0,unknown,WorkerThread,0,0,False,0,1,2,0,512
0,unknown,cpuUsage.sh,0,0,False,2,0,1,-1,513
0,unknown,Thread-8 (worke,0,0,False,0,1,2,0,514
0,unknown,JS Watchdog,0,0,False,0,1,2,0,515
0,unknown,Thread-146 (wor,0,0,False,0,1,2,0,516
0,unknown,sh,0,0,False,0,1,1,-1,517
0,unknown,JS Watchdog,0,0,False,0,1,2,0,518
0,unknown,firefox:gdrv0,0,0,False,0,1,1,10,519
0,unknown,V8Worker,0,0,False,0,1,2,0,520
0,unknown,DelayedTaskSche,0,0,False,0,1,2,0,521
0,unknown,Thread-191 (wor,0,0,False,0,1,2,-1,522
0,unknown,bash,0,1,False,2,0,1,-1,523
0,unknown,Thread-74 (work,0,0,False,0,1,2,0,524
0,unknown,gdbus,0,0,False,0,1,2,0,525
0,unknown,TaskCon~ller #2,0,0,False,0,1,2,0,526
1,unknown,Thread-138 (wor,0,0,False,0,1,2,-1,527
1,unknown,bwrap,0,1,False,0,1,1,-1,528
0,unknown,cpuUsage.sh,0,0,False,0,1,1,7,529
0,unknown,TaskCon~ller #2,0,0,False,0,1,2,0,530
0,unknown,bash,0,0,False,2,0,1,-1,531
0,unknown,nv_queue,0,1,False,0,0,2,-1,532
0,unknown,stress-ng-vm,0,1,False,0,1,2,-1,533
0,unknown,Thread-30 (work,0,0,False,0,1,2,0,534
0,unknown,pet,0,0,False,0,1,2,-1,535
0,unknown,which,0,0,False,2,0,1,-1,536
2,unknown,cpuUsage.sh,1,0,False,0,1,1,-1,537
0,unknown,Thread-5 (worke,0,1,False,0,1,2,0,538
0,unknown,gdbus,0,0,False,0,1,2,13,539
0,unknown,Thread-14 (work,0,0,False,0,1,2,0,540
0,unknown,firefox:gdrv0,0,0,False,0,1,2,8,541
0,unknown,StreamTrans #70,0,0,False,0,1,2,-1,542
0,unknown,Thread-34 (work,0,0,False,0,1,2,0,543
0,unknown,sh,0,0,False,0,1,1,-1,544
0,unknown,pinner,0,1,False,2,0,1,-1,545
0,unknown,Indexed~IO #253,0,0,False,0,1,2,0,546
0,unknown,gdbus,0,0,False,0,1,2,-1,547
1,unknown,StreamT~ns #635,0,0,False,0,1,2,0,548
0,unknown,IPC I/O Child,0,0,False,0,1,2,0,549
0,unknown,Thread-217 (wor,0,0,False,0,1,2,0,550
0,unknown,Thread-32 (_han,0,1,False,0,1,2,0,551
0,unknown,Thread-58 (work,0,0,False,0,1,2,0,552
0,unknown,Thread-177 (wor,0,0,False,0,1,2,0,553
0,unknown,uuidd,0,0,False,2,0,1,-1,554
0,unknown,cpuUsage.sh,0,0,False,2,0,1,-1,555
0,unknown,DedicatedWorker,0,1,False,0,1,2,-1,556
0,unknown,sed,0,0,False,2,0,1,-1,557
0,unknown,Socket Thread,0,0,False,0,1,1,10,558
0,unknown,pet,0,0,False,0,1,1,10,559
0,unknown,gjs,0,1,False,2,0,1,-1,560
0,unknown,code,1,0,False,2,3,1,-1,561
0,unknown,firefox:gdrv0,0,0,False,0,1,2,-1,562
0,unknown,FSBroker14923,0,0,False,0,1,2,0,563
0,unknown,ps,1,0,False,2,0,1,-1,564
1,unknown,rs:main Q:Reg,0,0,False,0,1,2,0,565
0,unknown,systemd,1,1,True,2,0,1,-1,566
0,unknown,Thread-29 (work,0,0,False,0,1,2,0,567
0,unknown,sh,0,1,False,0,1,2,-1,568
0,unknown,cat,0,0,False,2,0,1,-1,569
0,unknown,Thread-91 (work,0,0,False,0,1,2,0,570
0,unknown,Cache2 I/O,0,0,False,0,1,2,-1,571
0,unknown,TaskCon~ller #1,0,0,False,0,1,2,0,572
0,unknown,IPC I/O Child,0,0,False,0,1,2,0,573
0,unknown,gly-rayon-7,0,0,False,0,1,1,10,574
0,unknown,TaskCon~ller #7,0,1,False,0,1,1,-1,575
0,unknown,Thread-19 (work,0,1,False,0,1,2,0,576
0,unknown,gly-rayon-3,0,0,False,0,1,1,10,577
0,unknown,Timer,0,0,False,0,1,2,-1,578
0,unknown,gmain,0,0,False,0,1,2,0,579
0,unknown,Thread-113 (wor,0,0,False,0,1,2,-1,580
0,unknown,Thread-73 (work,0,0,False,0,1,2,0,581
0,unknown,cpuUsage.sh,0,0,False,2,0,1,15,582
0,unknown,gmain,0,0,False,0,1,2,0,583
0,unknown,WorkerThread,0,0,False,0,1,2,0,584
0,unknown,gmain,0,0,False,0,1,2,0,585
0,unknown,polkitd,0,0,False,2,0,1,-1,586
0,unknown,TaskCon~ller #2,0,0,False,0,1,2,0,587
0,unknown,StreamT~ns #317,0,0,False,0,1,2,-1,588
0,unknown,IPC I/O Child,0,0,False,0,1,2,0,589
0,unknown,cat,0,1,False,2,0,1,-1,590
0,unknown,Thread-50 (work,0,0,False,0,1,2,0,591
0,unknown,V8Worker,0,1,False,0,1,2,0,592
1,unknown,WRWorker#2,0,0,False,0,1,1,-1,593
0,unknown,code,0,0,False,0,1,2,-1,594
1,unknown,gnome-keyring-d,0,1,False,0,0,1,-1,595
0,unknown,cat,0,0,False,2,0,1,6,596
0,unknown,Compositor,0,0,False,0,3,1,-1,597
1,unknown,pet,1,0,False,2,0,1,-1,598
0,unknown,Compositor,0,0,False,0,1,1,-1,599
0,unknown,Thread-82 (work,0,0,False,0,1,2,0,600
0,unknown,sed,0,0,False,2,0,1,-1,601
0,unknown,Chrome_ChildIOT,0,0,False,0,1,2,0,602
0,unknown,StyleThread#1,0,0,False,0,1,2,-1,603
2,unknown,Thread-48 (work,0,0,False,0,1,2,3,604
0,unknown,Thread-88 (_han,0,0,False,0,1,2,0,605
0,unknown,hwrng,0,0,False,0,1,2,-1,606
0,unknown,sh,0,0,False,2,0,1,1,607
0,unknown,dbus-daemon,0,0,False,2,0,1,-1,608
0,unknown,Thread-213 (wor,0,0,False,0,1,2,0,609
0,unknown,WRScene~derLP#1,0,1,False,0,1,2,-1,610
0,unknown,ps,1,0,False,2,0,1,-1,611
0,unknown,Thread-41 (work,0,0,False,0,1,2,0,612
0,unknown,Thread-83 (work,0,0,False,0,1,2,13,613
0,unknown,Thread-46 (work,0,0,False,0,1,2,0,614
0,unknown,kworker/u32:2,1,0,False,2,0,1,-1,615
0,unknown,Cache2 I/O,0,0,False,0,1,2,-1,616
0,unknown,Thread-12 (work,0,0,False,0,1,2,0,617
0,unknown,Thread-1 (worke,0,0,False,0,1,2,0,618
0,unknown,JS Helper,0,0,False,0,1,2,0,619
0,unknown,Thread-128 (wor,0,0,False,0,1,2,-1,620
0,unknown,Chrome_ChildIOT,0,1,False,0,1,2,-1,621
1,unknown,stress-ng-vm,1,1,True,2,0,3,-1,622
0,unknown,cupsd,0,0,False,2,0,1,-1,623
0,unknown,cat,0,0,False,2,0,1,6,624
1,unknown,StreamTrans #56,0,0,False,0,1,2,0,625
0,unknown,cpuUsage.sh,0,0,False,2,0,1,-1,626
0,unknown,TaskCon~ller #5,0,0,False,0,1,2,0,627
0,unknown,Thread-52 (work,0,0,False,0,1,2,0,628
0,unknown,cpuUsage.sh,0,0,False,2,0,1,-1,629
0,unknown,cat,0,0,False,2,0,1,-1,630
0,unknown,glean.dispatche,0,0,False,0,3,1,-1,631
0,unknown,FSBroker7081,0,0,False,0,1,2,-1,632
0,unknown,Thread-22 (_han,0,0,False,0,1,2,0,633
0,unknown,Chrome_IOThread,0,0,False,0,1,1,-1,634
0,unknown,cpuUsage.sh,0,0,False,2,0,1,-1,635
1,unknown,Thread-190 (wor,0,0,False,0,1,2,-1,636
0,unknown,Thread-92 (work,0,0,False,0,1,2,0,637
0,unknown,IPC I/O Child,0,0,False,0,1,2,0,638
0,unknown,cat,0,0,False,2,0,1,-1,639
0,unknown,Thread-149 (wor,0,0,False,0,1,2,0,640
1,unknown,ImageIO,0,0,False,0,1,1,10,641
0,unknown,cpuUsage.sh,0,0,False,0,1,1,-1,642
1,unknown,Thread-46 (work,0,0,False,0,1,2,0,643
0,unknown,Isolated Web Co,1,0,False,2,0,1,-1,644
0,unknown,TikToken worker,0,0,False,0,1,2,-1,645
1,unknown,Backgro~ool #28,0,0,False,0,1,2,0,646
0,unknown,cpuUsage.sh,0,0,False,2,0,1,9,647
1,unknown,Thread-118 (wor,0,0,False,0,1,2,-1,648
0,unknown,pool-92,0,0,False,0,1,2,0,649
0,unknown,Thread-62 (work,0,0,False,0,1,2,0,650
0,unknown,StreamT~ns #322,0,0,False,0,1,2,-1,651
3,unknown,cat,0,0,False,2,0,1,4,652
0,unknown,ImageIO,0,0,False,0,1,2,0,653
0,unknown,Thread-48 (work,0,0,False,0,1,2,0,654
0,unknown,Thread-9 (_hand,0,0,False,0,1,2,0,655
0,unknown,python,0,0,False,0,1,1,-1,656
0,unknown,sh,0,0,False,2,0,1,-1,657
0,unknown,python,0,0,False,0,1,1,-1,658
0,unknown,Thread-201 (wor,0,0,False,0,1,2,0,659
0,unknown,Thread-220 (_ha,0,0,False,0,1,2,0,660
0,unknown,Thread-50 (work,0,0,False,0,1,2,0,661
0,unknown,TaskCon~ller #3,0,1,False,0,1,2,0,662
0,unknown,git,0,0,False,2,0,1,-1,663
0,unknown,cat,0,0,False,2,0,1,-1,664
0,unknown,TikToken worker,0,1,False,0,1,2,-1,665
0,unknown,dbus-daemon,0,0,False,2,0,1,-1,666
0,unknown,VizCompositorTh,0,0,False,0,1,1,-1,667
0,unknown,Thread-102 (wor,0,0,False,0,1,2,0,668
0,unknown,cpuUsage.sh,0,0,False,2,0,1,9,669
1,unknown,Thread-161 (wor,0,0,False,0,1,2,-1,670
0,unknown,TaskCon~ller #4,0,0,False,0,1,2,0,671
0,unknown,VizCompositorTh,0,0,False,0,1,1,-1,672
0,unknown,Netlink Monitor,0,0,False,0,1,2,0,673
0,unknown,Timer,0,0,False,0,1,2,-1,674
2,unknown,Thread-50 (work,0,0,False,0,1,2,0,675
1,unknown,Thread-49 (work,0,0,False,0,1,2,0,676
0,unknown,cat,0,0,False,2,0,1,4,677
0,unknown,cpuUsage.sh,0,0,False,2,0,1,9,678
0,unknown,StreamTrans #33,0,0,False,0,1,1,-1,679
0,unknown,Socket Thread,0,0,False,0,1,2,-1,680
0,unknown,Thread-51 (work,0,0,False,0,1,2,0,681
0,unknown,sh,0,0,False,2,0,1,1,682
0,unknown,Thread-28 (work,0,0,False,0,1,2,0,683
0,unknown,Thread-30 (work,0,0,False,0,1,2,0,684
0,unknown,Thread-16 (work,0,0,False,0,1,2,0,685
0,unknown,cpuUsage.sh,0,0,False,2,0,1,-1,686
0,unknown,StreamTrans #2,0,0,False,0,1,2,0,687
0,unknown,Thread-114 (wor,0,0,False,0,1,2,-1,688
0,unknown,JS Helper,0,0,False,0,1,2,0,689
0,unknown,sh,0,0,False,0,1,1,-1,690
0,unknown,Thread-106 (wor,0,0,False,0,1,2,0,691
0,unknown,DedicatedWorker,0,0,False,0,1,2,-1,692
0,unknown,TikToken worker,0,0,False,0,1,2,-1,693
0,unknown,JS Helper,0,0,False,0,1,2,0,694
0,unknown,Thread-219 (_ha,0,0,False,0,1,2,0,695
0,unknown,gly-rayon-7,0,0,False,0,1,1,10,696
0,unknown,Thread-108 (_ha,0,0,False,0,1,2,0,697
1,unknown,URL Classifier,0,0,False,0,1,2,0,698
0,unknown,code,0,0,False,0,1,2,0,699
0,unknown,Thread-19 (work,0,0,False,0,1,2,0,700
0,unknown,DNS Res~er #510,0,0,False,0,1,2,0,702
0,unknown,libuv-worker,0,0,False,0,1,2,0,703
0,unknown,JS Helper,0,0,False,0,1,2,0,704
0,unknown,Thread-30 (work,0,0,False,0,1,2,0,705
0,unknown,gdbus,0,0,False,0,1,2,0,706
0,unknown,python,0,0,False,0,1,1,-1,707
0,unknown,WRRende~ckend#1,0,0,False,0,1,1,-1,708
1,unknown,Thread-178 (wor,0,0,False,0,1,2,-1,709
1,unknown,gnome-keyring-d,0,0,False,2,0,1,-1,710
0,unknown,TaskCon~ller #3,0,0,False,0,1,2,-1,711
0,unknown,Thread-6 (worke,0,0,False,0,1,2,0,712
0,unknown,cpuUsage.sh,0,0,False,2,0,1,15,713
0,unknown,stress-ng-vm,0,1,False,0,0,2,-1,714
0,unknown,kworker/u32:2,1,1,True,2,0,1,-1,715
0,unknown,cpuUsage.sh,0,0,False,2,0,1,9,716
0,unknown,StreamTrans #50,0,0,False,0,1,2,0,717
0,unknown,cpuUsage.sh,0,1,False,2,0,1,-1,718
0,unknown,python,0,0,False,0,1,1,-1,719
0,unknown,LS Thread,0,0,False,0,1,2,0,720
3,unknown,IPC I/O Child,0,0,False,0,1,2,0,721
0,unknown,cpuUsage.sh,0,0,False,2,0,1,9,722
0,unknown,unix_chkpwd,0,0,False,2,0,1,-1,723
0,unknown,pet,0,0,False,0,1,2,-1,724
0,unknown,Thread-92 (work,0,0,False,0,1,2,0,725
0,unknown,Thread-61 (work,0,0,False,0,1,2,0,726
0,unknown,gmain,0,0,False,0,1,2,0,727
0,unknown,Thread-14 (work,0,0,False,0,1,2,0,728
0,unknown,Thread-203 (wor,0,0,False,0,1,2,-1,729
0,unknown,StreamT~ns #211,0,0,False,0,1,2,-1,730
0,unknown,Socket Thread,0,0,False,0,1,2,0,731
0,unknown,sleep,0,0,False,2,0,1,-1,732
0,unknown,DNS Res~er #518,0,0,False,0,1,2,0,733
0,unknown,cpuUsage.sh,0,0,False,2,0,1,9,734
0,unknown,Thread-15 (work,0,0,False,0,1,2,0,735
0,unknown,IPC I/O Child,0,0,False,0,1,2,0,736
0,unknown,IPC I/O Child,0,0,False,0,1,2,0,737
0,unknown,V8Worker,0,1,False,0,1,2,0,738
0,unknown,Task Runner for,0,0,False,0,1,2,-1,739
0,unknown,Thread-18 (work,0,0,False,0,1,2,0,740
0,unknown,RemoteLzyStream,0,0,False,0,1,2,0,741
0,unknown,Thread-103 (wor,0,0,False,0,1,2,0,742
0,unknown,Thread-34 (work,0,0,False,0,1,2,0,743
0,unknown,code,0,0,False,0,1,1,-1,744
0,unknown,JS Helper,0,0,False,0,1,2,0,745
0,unknown,sudo,1,0,False,2,0,1,-1,746
0,unknown,git,0,1,False,2,0,1,-1,747
0,unknown,Thread-8 (worke,0,0,False,0,1,2,0,748
0,unknown,sqldb:p~lite #2,0,0,False,0,1,2,0,749
0,unknown,Thread-10 (_han,0,1,False,0,1,2,0,750
0,unknown,cpuUsage.sh,0,0,False,0,1,1,-1,751
0,unknown,code,0,0,False,0,1,2,-1,752
0,unknown,Thread-39 (work,0,0,False,0,1,2,0,753
0,unknown,sleep,0,0,False,2,0,1,-1,754
0,unknown,ThreadPoolForeg,0,0,False,0,1,2,-1,755
0,unknown,ps,1,1,True,2,0,1,-1,756
0,unknown,Thread-2 (worke,0,0,False,0,1,2,0,757
0,unknown,ThreadPoolForeg,0,0,False,0,1,2,0,758
0,unknown,Thread-55 (_han,0,0,False,0,1,2,0,759
0,unknown,Thread-37 (work,0,0,False,0,1,2,0,760
0,unknown,Thread-125 (wor,0,0,False,0,1,2,-1,761
1,unknown,ThreadPoolForeg,0,0,False,0,1,2,-1,762
0,unknown,Thread-43 (_han,0,0,False,0,1,2,0,763
0,unknown,Thread-85 (work,0,0,False,0,1,2,0,764
0,unknown,Sandbox Forked,0,1,False,0,1,1,10,765
0,unknown,V8Worker,0,0,False,0,1,2,-1,766
1,unknown,ThreadPoolForeg,0,0,False,0,1,2,-1,767
1,unknown,sh,0,0,False,2,0,1,1,768
0,unknown,Thread-209 (_ha,0,0,False,0,1,2,0,769
1,unknown,cups-browsed,1,1,True,2,0,1,-1,770
0,unknown,migration/2,0,1,False,0,1,2,-1,771
0,unknown,libuv-worker,0,0,False,0,1,2,0,772
0,unknown,StreamTrans #27,0,0,False,0,1,2,-1,773
0,unknown,Thread-16 (work,0,0,False,0,1,2,0,774
0,unknown,bpftool,1,0,False,2,0,1,-1,776
0,unknown,git,0,0,False,2,0,1,-1,777
1,unknown,Thread-167 (wor,0,0,False,0,1,2,-1,778
0,unknown,cpuUsage.sh,0,0,False,2,0,1,-1,779
0,unknown,sed,0,0,False,2,0,1,-1,780
0,unknown,TaskCon~ller #1,0,0,False,0,1,2,0,781
0,unknown,StyleThread#2,0,1,False,0,1,2,-1,782
0,unknown,AudioIP~ver RPC,0,0,False,0,1,2,0,783
0,unknown,Thread-13 (work,0,0,False,0,1,2,0,784
0,unknown,Thread-43 (_han,0,0,False,0,1,2,0,785
0,unknown,Thread-219 (_ha,0,1,False,0,1,2,0,786
0,unknown,Thread-21 (_han,0,0,False,0,1,2,0,787
0,unknown,cat,0,0,False,2,0,1,-1,788
1,unknown,Thread-169 (wor,0,0,False,0,1,2,0,789
0,unknown,sleep,0,0,False,2,0,1,-1,790
0,unknown,JS Watchdog,0,0,False,0,1,2,0,791
0,unknown,TaskCon~ller #0,0,0,False,0,1,2,0,792
0,unknown,sed,0,0,False,2,0,1,-1,793
0,unknown,NetworkManager,0,1,False,2,0,1,-1,794
0,unknown,JS Watchdog,0,0,False,0,1,2,-1,795
0,unknown,cat,0,0,False,2,0,1,-1,796
0,unknown,ProfilerChild,0,0,False,0,1,2,8,797
2,unknown,StyleThread#5,0,0,False,0,1,1,10,798
0,unknown,libuv-worker,0,0,False,0,1,2,19,799
0,unknown,Thread-99 (_han,0,0,False,0,1,2,0,800
0,unknown,sed,0,0,False,2,0,1,-1,801
0,unknown,gdbus,0,0,False,0,1,2,0,802
0,unknown,cat,0,1,False,2,0,1,-1,803
0,unknown,Thread-201 (wor,0,0,False,0,1,2,0,804
0,unknown,Thread-12 (work,0,0,False,0,1,2,0,805
0,unknown,StreamT~ns #631,0,0,False,0,1,2,0,806
0,unknown,IPC I/O Child,0,0,False,0,1,2,0,807
1,unknown,TaskCon~ller #0,0,0,False,0,1,2,0,808
0,unknown,Thread-28 (work,0,0,False,0,1,2,0,809
0,unknown,cpuUsage.sh,0,0,False,2,0,1,9,810
0,unknown,Thread-129 (wor,0,0,False,0,1,2,-1,811
0,unknown,Thread-13 (work,0,0,False,0,1,2,0,812
0,unknown,Thread-66 (_han,0,0,False,0,1,2,0,813
0,unknown,stress-ng-vm,0,0,False,0,0,1,-1,814
0,unknown,gvfs-udisks2-vo,0,0,False,2,0,1,-1,815
0,unknown,Compositor,0,0,False,0,1,1,-1,816
0,unknown,gly-rayon-5,0,1,False,0,1,1,-1,817
0,unknown,systemd,1,1,True,2,0,1,-1,818
0,unknown,RemoteLzyStream,0,0,False,0,1,2,0,819
0,unknown,Thread-81 (work,0,0,False,0,1,2,0,820
0,unknown,cat,0,0,False,2,0,1,-1,821
0,unknown,Thread-206 (wor,0,0,False,0,1,2,0,822
0,unknown,StreamTrans #73,0,0,False,0,1,2,-1,823
0,unknown,StreamTrans #51,0,0,False,0,1,2,0,824
0,unknown,sh,0,1,False,2,0,1,-1,825
0,unknown,Thread-61 (work,0,0,False,0,1,2,0,826
0,unknown,sed,0,0,False,2,0,1,-1,827
0,unknown,Timer,0,0,False,0,1,2,0,828
0,unknown,Compositor,0,0,False,0,1,1,-1,829
0,unknown,Thread-23 (work,0,0,False,0,1,2,0,830
0,unknown,Thread-117 (wor,0,0,False,0,1,2,0,831
0,unknown,TaskCon~ller #1,0,0,False,0,1,2,0,832
0,unknown,Thread-120 (_ha,0,0,False,0,1,2,0,833
0,unknown,Thread-67 (work,0,0,False,0,1,2,0,834
0,unknown,StreamT~ns #621,0,0,False,0,1,1,-1,835
0,unknown,code,0,1,False,2,0,1,-1,836
0,unknown,gmain,0,0,False,0,1,2,0,837
0,unknown,Thread-5 (worke,0,0,False,0,1,2,0,838
0,unknown,code,0,0,False,0,0,1,-1,839
0,unknown,Thread-27 (work,0,0,False,0,1,2,0,840
1,unknown,code,0,0,False,2,0,1,-1,841
1,unknown,TaskCon~ller #4,0,0,False,0,1,2,0,842
0,unknown,TaskCon~ller #0,0,0,False,0,1,2,0,843
1,unknown,TaskCon~ller #6,0,1,False,0,1,2,8,844
0,unknown,LS Thread,0,0,False,0,1,2,0,845
1,unknown,Thread-134 (wor,0,0,False,0,1,2,-1,846
0,unknown,sh,0,0,False,2,0,1,-1,847
0,unknown,Thread-12 (work,0,0,False,0,1,2,0,848
0,unknown,wpa_supplicant,0,0,False,0,0,2,-1,849
0,unknown,TaskCon~ller #3,0,0,False,0,1,2,0,850
1,unknown,systemd-resolve,1,0,False,2,0,1,-1,851
0,unknown,gly-rayon-0,0,0,False,0,1,1,10,852
0,unknown,Thread-39 (work,0,0,False,0,1,2,0,853
0,unknown,Socket Thread,0,0,False,0,1,2,-1,854
0,unknown,JS Helper,0,0,False,0,1,2,0,855
0,unknown,Thread-27 (work,0,0,False,0,1,2,0,856
0,unknown,sleep,0,0,False,2,0,1,-1,857
0,unknown,cat,0,0,False,2,0,1,12,858
1,unknown,StyleThread#3,0,0,False,0,1,1,-1,859
0,unknown,cat,0,0,False,2,0,1,6,860
0,unknown,Thread-49 (work,0,0,False,0,1,2,0,861
0,unknown,kworker/u32:1,1,1,True,2,0,1,-1,862
1,unknown,Thread-117 (wor,0,0,False,0,1,2,-1,863
0,unknown,glean.dispatche,0,0,False,0,3,1,-1,864
0,unknown,Timer,0,0,False,0,1,2,-1,865
0,unknown,ImageBridgeChld,0,0,False,0,1,2,0,866
0,unknown,Thread-41 (work,0,0,False,0,1,2,0,867
1,unknown,Thread-132 (_ha,0,0,False,0,1,2,0,868
0,unknown,Thread-214 (wor,0,0,False,0,1,2,0,869
0,unknown,code,1,0,False,2,3,1,-1,870
1,unknown,Thread-165 (_ha,0,0,False,0,1,2,-1,871
1,unknown,cpuUsage.sh,0,0,False,2,0,1,-1,872
0,unknown,cat,0,0,False,2,0,1,4,873
1,unknown,RemoteLzyStream,0,0,False,0,1,2,0,874
1,unknown,TaskCon~ller #5,0,0,False,0,1,2,0,875
0,unknown,code,0,0,False,0,1,2,-1,876
0,unknown,Thread-35 (work,0,0,False,0,1,2,0,877
0,unknown,sh,0,0,False,2,0,1,-1,878
0,unknown,gnome-sh:gdrv0,0,0,False,0,1,2,0,879
0,unknown,Thread-208 (_ha,0,0,False,0,1,2,0,880
0,unknown,cat,0,0,False,2,0,1,12,881
0,unknown,cat,0,0,False,2,0,1,6,882
0,unknown,Socket Thread,0,0,False,0,1,2,0,883
0,unknown,Thread-50 (work,0,0,False,0,1,2,0,884
0,unknown,cat,0,0,False,2,0,1,-1,885
0,unknown,Timer,0,0,False,0,1,2,0,886
0,unknown,URL Classifier,0,0,False,0,1,2,0,887
0,unknown,xdg-desktop-por,0,0,False,2,0,1,-1,888
0,unknown,ThreadPoolSingl,0,0,False,0,1,2,0,889
0,unknown,Thread-94 (work,0,0,False,0,1,2,0,890
0,unknown,Thread-6 (worke,0,0,False,0,1,2,0,891
0,unknown,cat,0,0,False,2,0,1,4,892
0,unknown,V8Worker,0,0,False,0,1,2,0,893
0,unknown,ThreadPoolForeg,0,1,False,0,1,2,-1,894
1,unknown,Thread-55 (_han,0,0,False,0,1,2,0,895
0,unknown,Chrome_ChildIOT,0,0,False,0,1,2,-1,896
0,unknown,TaskCon~ller #0,0,0,False,0,1,2,0,897
0,unknown,sed,0,0,False,2,0,1,-1,898
0,unknown,gdbus,0,1,False,0,1,2,0,899
0,unknown,TaskCon~ller #1,0,0,False,0,1,2,0,900
0,unknown,firefo:traceq0,0,0,False,0,1,2,-1,901
0,unknown,sudo,1,0,False,2,0,1,-1,902
0,unknown,StreamTrans #53,0,0,False,0,1,2,0,903
0,unknown,DOM Worker,0,0,False,0,1,2,0,904
2,unknown,Thread-161 (wor,0,0,False,0,1,2,0,905
0,unknown,V8Worker,0,0,False,0,1,2,-1,906
0,unknown,sh,0,0,False,2,0,1,-1,907
0,unknown,ThreadPoolForeg,0,0,False,0,1,2,-1,908
0,unknown,WRWorker#0,0,0,False,0,1,2,-1,909
0,unknown,Thread-2 (worke,0,0,False,0,1,2,0,910
0,unknown,Thread-16 (work,0,0,False,0,1,2,0,911
0,unknown,Timer,0,0,False,0,1,2,-1,912
0,unknown,Thread-45 (work,0,0,False,0,1,2,0,913
0,unknown,in:imuxsock,0,0,False,0,1,2,0,914
0,unknown,Thread-199 (wor,0,0,False,0,1,2,0,915
0,unknown,sh,0,1,False,2,0,1,-1,916
0,unknown,code,1,0,False,2,3,1,-1,917
0,unknown,code,0,0,False,0,1,2,0,918
0,unknown,StreamTrans #50,0,0,False,0,1,2,0,919
0,unknown,DNS Res~er #511,0,0,False,0,1,2,-1,920
0,unknown,systemd-oomd,0,1,False,2,0,1,-1,921
0,unknown,cpuUsage.sh,0,0,False,2,0,1,-1,922
0,unknown,Thread-4 (worke,0,0,False,0,1,2,0,923
0,unknown,Thread-44 (_han,0,1,False,0,1,2,0,924
0,unknown,TaskCon~ller #3,0,0,False,0,1,2,0,925
0,unknown,gdbus,0,0,False,0,1,2,0,926
0,unknown,gdbus,0,0,False,0,1,2,0,927
0,unknown,WRWorker#0,0,0,False,0,1,2,0,928
0,unknown,WorkerThread,0,0,False,0,1,2,0,929
1,unknown,TaskCon~ller #7,0,0,False,0,1,2,0,930
0,unknown,cpuUsage.sh,0,0,False,2,0,1,-1,931
0,unknown,Thread-64 (_han,0,0,False,0,1,2,0,932
0,unknown,gdbus,0,0,False,0,1,2,0,933
0,unknown,Thread-35 (work,0,0,False,0,1,2,0,934
0,unknown,Thread-185 (_ha,0,0,False,0,1,2,14,935
0,unknown,python,0,0,False,0,1,1,-1,936
0,unknown,sudo,1,1,True,2,0,1,-1,937
0,unknown,Thread-192 (wor,0,0,False,0,1,2,-1,938
0,unknown,cat,0,1,False,2,0,1,-1,939
0,unknown,Thread-40 (work,0,0,False,0,1,2,0,940
1,unknown,WRWorkerLP#4,0,0,False,0,1,1,-1,941
0,unknown,URL Classifier,0,0,False,0,1,2,0,942
0,unknown,Thread-28 (work,0,0,False,0,1,2,8,943
0,unknown,ksoftirqd/1,0,1,False,0,3,1,-1,944
0,unknown,cat,0,0,False,2,0,1,-1,945
0,unknown,Thread-1 (worke,0,0,False,0,1,2,22,946
0,unknown,JS Watchdog,0,0,False,0,1,2,0,947
0,unknown,Thread-23 (work,0,0,False,0,1,2,0,948
1,unknown,Thread-147 (wor,0,0,False,0,1,2,-1,949
0,unknown,code,0,0,False,0,1,1,-1,950
0,unknown,Thread-137 (wor,0,0,False,0,1,2,-1,951
0,unknown,snapd,0,0,False,0,1,2,0,952
0,unknown,Thread-209 (_ha,0,0,False,0,1,2,0,953
0,unknown,WRWorker#3,0,0,False,0,1,2,-1,954
0,unknown,Thread-1 (worke,0,0,False,0,1,2,0,955
0,unknown,gdbus,0,0,False,0,1,2,-1,956
0,unknown,pet,0,0,False,0,1,2,-1,957
1,unknown,TaskCon~ller #4,0,0,False,0,1,2,0,958
0,unknown,IPC I/O Child,0,0,False,0,1,2,0,959
0,unknown,Thread-38 (work,0,0,False,0,1,2,0,960
0,unknown,cat,0,0,False,2,0,1,6,961
0,unknown,V8Worker,0,0,False,0,1,2,-1,962
0,unknown,TaskCon~ller #5,0,0,False,0,1,2,0,963
1,unknown,Thread-183 (wor,0,0,False,0,1,2,3,964
0,unknown,snapd,0,0,False,0,1,2,0,965
0,unknown,Thread-61 (work,0,0,False,0,1,2,0,966
0,unknown,TaskCon~ller #1,0,0,False,0,1,2,0,967
0,unknown,Thread-12 (work,0,0,False,0,1,2,0,968
2,unknown,Thread-191 (wor,0,0,False,0,1,2,0,969
0,unknown,Thread-17 (work,0,0,False,0,1,2,0,970
0,unknown,Thread-34 (work,0,1,False,0,1,2,0,971
0,unknown,code,1,0,False,2,3,1,-1,972
1,unknown,StreamT~ns #628,0,0,False,0,1,2,5,973
0,unknown,rs:main Q:Reg,0,0,False,0,1,2,2,974
0,unknown,TaskCon~ller #2,0,0,False,0,1,2,0,975
1,unknown,Thread-194 (wor,0,0,False,0,1,2,-1,976
0,unknown,Thread-23 (work,0,0,False,0,1,2,0,977
0,unknown,sed,0,0,False,2,0,1,-1,978
0,unknown,sh,0,0,False,2,0,1,-1,979
0,unknown,StreamTrans #1,0,0,False,0,1,2,-1,980
0,unknown,Thread-11 (_han,0,0,False,0,1,2,0,981
0,unknown,gdbus,0,0,False,0,1,2,0,982
0,unknown,sh,0,1,False,2,0,1,-1,983
0,unknown,rtkit-daemon,0,1,False,0,1,2,0,984
0,unknown,code,0,0,False,0,1,2,-1,985
0,unknown,WRWorkerLP#3,0,0,False,0,1,1,-1,986
0,unknown,Thread-61 (work,0,0,False,0,1,2,0,987
0,unknown,Thread-18 (work,0,0,False,0,1,2,0,988
0,unknown,cpuUsage.sh,0,0,False,2,0,1,15,989
0,unknown,sh,0,0,False,2,1,1,-1,990
0,unknown,StyleThread#3,0,0,False,0,1,2,8,991
0,unknown,hwrng,0,1,False,0,1,2,-1,992
0,unknown,Thread-26 (work,0,0,False,0,1,2,-1,993
0,unknown,Thread-28 (work,0,1,False,0,1,2,0,994
0,unknown,Compositor,0,0,False,0,3,1,-1,995
0,unknown,cpuUsage.sh,0,0,False,2,0,1,-1,996
0,unknown,JS Watchdog,0,0,False,0,1,2,0,997
0,unknown,WRWorkerLP#2,0,0,False,0,1,1,-1,998
0,unknown,Chrome_ChildIOT,0,0,False,0,1,1,-1,999
0,unknown,Thread-26 (work,0,0,False,0,1,2,0,1000
0,unknown,Isolated Web Co,1,0,False,2,0,1,-1,1001
0,unknown,StreamT~ns #635,0,0,False,0,1,2,0,1002
0,unknown,Thread-65 (_han,0,0,False,0,1,2,0,1003
1,unknown,Thread-172 (wor,0,0,False,0,1,2,-1,1004
0,unknown,sh,0,1,False,2,0,1,-1,1005
0,unknown,Thread-46 (work,0,0,False,0,1,2,0,1006
0,unknown,TaskCon~ller #3,0,0,False,0,1,2,0,1007
0,unknown,libuv-worker,0,0,False,0,1,2,0,1008
0,unknown,code,0,0,False,2,0,1,-1,1009
0,unknown,Timer,0,0,False,0,1,2,0,1010
0,unknown,Thread-49 (work,0,0,False,0,1,2,0,1011
1,unknown,Thread-111 (wor,0,0,False,0,1,2,0,1012
0,unknown,gmain,0,0,False,0,1,2,0,1013
0,unknown,mpris-proxy,0,0,False,2,0,1,-1,1014
0,unknown,Thread-15 (work,0,0,False,0,1,2,0,1015
0,unknown,stress-ng-cpu,0,1,False,2,0,1,-1,1016
0,unknown,V8Worker,0,1,False,0,1,2,0,1017
0,unknown,Thread-41 (work,0,0,False,0,1,2,0,1018
0,unknown,libuv-worker,0,0,False,0,1,2,0,1019
0,unknown,Xwayland,1,1,True,2,3,1,-1,1020
0,unknown,gnome-shell,1,1,True,1,3,0,-1,1021
0,unknown,cat,0,0,False,2,0,1,6,1022
0,unknown,bpftool,1,1,True,2,0,1,-1,1023
0,unknown,StyleThread#2,0,1,False,0,1,2,-1,1024
1,unknown,Chrome_ChildIOT,0,0,False,0,1,2,0,1025
0,unknown,cpuUsage.sh,0,0,False,2,0,1,9,1026
0,unknown,Compositor,0,0,False,0,1,1,-1,1027
0,unknown,sh,0,0,False,2,0,1,-1,1028
0,unknown,Thread-44 (_han,0,1,False,0,1,2,0,1029
0,unknown,WRWorkerLP#4,0,0,False,0,1,1,-1,1030
0,unknown,sed,0,0,False,2,0,1,-1,1031
0,unknown,libuv-worker,0,0,False,0,1,2,0,1032
0,unknown,libuv-worker,0,0,False,0,1,2,0,1033
0,unknown,V8Worker,0,0,False,0,1,2,17,1034
0,unknown,pinner,0,0,False,0,1,2,0,1035
0,unknown,python,0,0,False,0,1,1,-1,1036
0,unknown,sqldb:c~lite #9,0,0,False,0,1,2,0,1037
0,unknown,Thread-46 (work,0,0,False,0,1,2,0,1038
0,unknown,git,0,1,False,2,0,1,-1,1039
0,unknown,Thread-95 (work,0,0,False,0,1,2,0,1040
0,unknown,pet,0,0,False,0,1,2,8,1041
0,unknown,V8Worker,0,0,False,0,1,2,-1,1042
0,unknown,code,0,0,False,0,1,2,0,1043
0,unknown,Thread-101 (wor,0,0,False,0,1,2,0,1044
0,unknown,python,0,0,False,0,1,1,-1,1045
0,unknown,gly-rayon-4,0,1,False,0,1,1,-1,1046
0,unknown,Thread-6 (worke,0,0,False,0,1,2,0,1047
0,unknown,StreamT~ns #621,0,0,False,0,1,2,0,1048
0,unknown,Thread-22 (_han,0,0,False,0,1,2,0,1049
0,unknown,StreamTrans #33,0,0,False,0,1,2,8,1050
0,unknown,Thread-100 (wor,0,0,False,0,1,2,0,1051
0,unknown,Thread-19 (work,0,0,False,0,1,2,0,1052
0,unknown,cpuUsage.sh,0,0,False,2,0,1,-1,1053
0,unknown,Thread-68 (work,0,0,False,0,1,2,0,1054
0,unknown,KMS thread,0,0,False,0,3,1,-1,1055
1,unknown,sh,0,0,False,2,0,1,-1,1056
0,unknown,Thread-1 (worke,0,0,False,0,1,2,0,1057
0,unknown,WRWorkerLP#3,0,0,False,0,1,1,-1,1058
0,unknown,V8Worker,0,0,False,0,1,2,-1,1059
0,unknown,cat,0,0,False,2,0,1,12,1060
0,unknown,gnome-shell,1,1,True,1,3,0,-1,1061
0,unknown,cpuUsage.sh,0,0,False,2,0,1,-1,1062
1,unknown,Thread-187 (_ha,0,0,False,0,1,2,0,1063
0,unknown,Thread-54 (_han,0,0,False,0,1,2,0,1064
0,unknown,JS Watchdog,0,0,False,0,1,2,0,1065
0,unknown,Thread-206 (wor,0,0,False,0,1,2,0,1066
0,unknown,Indexed~IO #253,0,0,False,0,1,2,0,1067
0,unknown,Thread-133 (wor,0,0,False,0,1,2,0,1068
0,unknown,sh,0,0,False,2,0,1,1,1069
0,unknown,JS Helper,0,0,False,0,1,2,0,1070
0,unknown,TaskCon~ller #1,0,0,False,0,1,2,-1,1071
0,unknown,cat,0,0,False,2,0,1,6,1072
0,unknown,which,0,0,False,2,0,1,-1,1073
0,unknown,git,0,0,False,2,0,1,-1,1074
0,unknown,libuv-worker,0,0,False,0,1,2,-1,1075
0,unknown,StreamT~ns #626,0,0,False,0,1,2,0,1076
0,unknown,Thread-66 (_han,0,0,False,0,1,2,0,1077
0,unknown,sh,0,0,False,2,0,1,-1,1078
0,unknown,BgIOThr~ool #19,0,0,False,0,1,2,-1,1079
0,unknown,sh,0,0,False,2,0,1,-1,1080
0,unknown,gdbus,0,0,False,0,1,2,0,1081
0,unknown,Thread-8 (worke,0,0,False,0,1,2,0,1082
0,unknown,Thread-21 (_han,0,1,False,0,1,2,0,1083
0,unknown,StreamT~ns #629,0,0,False,0,1,2,0,1084
0,unknown,cpuUsage.sh,0,0,False,2,0,1,-1,1085
0,unknown,cat,0,0,False,2,0,1,-1,1086
0,unknown,Thread-4 (worke,0,0,False,0,1,2,-1,1087
0,unknown,Worker Launcher,0,0,False,0,1,2,0,1088
0,unknown,Thread-24 (work,0,0,False,0,1,2,0,1089
1,unknown,sh,0,0,False,2,0,1,-1,1090
1,unknown,Thread-179 (wor,0,0,False,0,1,2,0,1091
0,unknown,Chrome_ChildIOT,0,0,False,0,1,1,-1,1092
0,unknown,sleep,0,0,False,2,0,1,-1,1093
0,unknown,Chrome_ChildIOT,0,0,False,0,1,1,-1,1094
0,unknown,Socket Thread,0,0,False,0,1,2,0,1095
0,unknown,Thread-26 (work,0,0,False,0,1,2,0,1096
0,unknown,Thread-22 (_han,0,0,False,0,1,2,0,1097
0,unknown,TaskCon~ller #2,0,0,False,0,1,2,-1,1098
0,unknown,WorkerThread,0,0,False,0,1,2,0,1099
0,unknown,code,0,0,False,2,0,1,-1,1100
0,unknown,libuv-worker,0,0,False,0,1,2,0,1101
0,unknown,Thread-85 (work,0,0,False,0,1,2,0,1102
0,unknown,Thread-52 (work,0,0,False,0,1,2,0,1103
0,unknown,Thread-30 (work,0,0,False,0,1,2,0,1104
0,unknown,Thread-77 (_han,0,0,False,0,1,2,0,1105
0,unknown,which,0,0,False,2,0,1,-1,1107
0,unknown,TaskCon~ller #3,0,0,False,0,1,2,0,1108
0,unknown,gmain,0,0,False,0,1,2,0,1109
0,unknown,python,0,0,False,2,0,1,-1,1110
0,unknown,Thread-80 (work,0,0,False,0,1,2,0,1111
0,unknown,cpuUsage.sh,0,0,False,2,0,1,-1,1113
0,unknown,Thread-96 (work,0,0,False,0,1,2,0,1114
0,unknown,TaskCon~ller #0,0,0,False,0,1,2,-1,1115
0,unknown,libuv-worker,0,1,False,0,1,2,-1,1116
0,unknown,code,0,0,False,2,0,1,-1,1117
0,unknown,StreamTrans #55,0,0,False,0,1,2,-1,1118
0,unknown,cpuUsage.sh,0,0,False,2,0,1,9,1119
0,unknown,uname,0,1,False,2,0,1,-1,1120
1,unknown,Timer,0,0,False,0,1,2,0,1121
0,unknown,Cache2 I/O,0,0,False,0,1,2,-1,1122
0,unknown,WRWorkerLP#3,0,0,False,0,1,1,-1,1123
0,unknown,cat,0,0,False,2,0,1,6,1124
0,unknown,Thread-59 (work,0,0,False,0,1,2,0,1125
0,unknown,gsd-power,0,0,False,0,0,1,-1,1126
0,unknown,Thread-87 (_han,0,1,False,0,1,2,0,1127
0,unknown,DNS Res~er #520,0,0,False,0,1,2,-1,1128
0,unknown,Renderer,0,0,False,0,1,2,-1,1129
0,unknown,Thread-27 (work,0,0,False,0,1,2,0,1130
0,unknown,sed,0,0,False,2,0,1,16,1131
0,unknown,Thread-29 (work,0,0,False,0,1,2,0,1132
0,unknown,Thread-104 (wor,0,0,False,0,1,2,0,1133
0,unknown,TaskCon~ller #0,0,0,False,0,1,2,0,1134
1,unknown,pet,0,0,False,0,1,1,-1,1135
1,unknown,StyleThread#3,0,0,False,0,1,1,10,1136
0,unknown,forkserver,0,1,False,2,0,1,-1,1137
0,unknown,kworker/u33:1,1,1,True,0,3,1,-1,1138
0,unknown,git,0,0,False,2,0,1,-1,1139
0,unknown,Thread-217 (wor,0,0,False,0,1,2,0,1140
0,unknown,gdbus,0,0,False,0,1,2,-1,1141
0,unknown,FSBroker20107,0,0,False,0,1,2,0,1142
0,unknown,StyleThread#3,0,0,False,0,1,2,-1,1143
0,unknown,Thread-103 (wor,0,0,False,0,1,2,0,1144
1,unknown,Thread-157 (wor,0,0,False,0,1,2,0,1145
0,unknown,Thread-164 (_ha,0,1,False,0,1,2,0,1146
0,unknown,Thread-1 (worke,0,0,False,0,1,2,0,1147
0,unknown,TaskCon~ller #0,0,0,False,0,1,2,0,1148
0,unknown,Thread-41 (work,0,0,False,0,1,2,0,1149
1,unknown,Thread-176 (_ha,0,0,False,0,1,2,-1,1150
0,unknown,mutter-x11-fram,1,1,True,2,0,1,-1,1151
0,unknown,cpuUsage.sh,0,0,False,2,0,1,15,1153
0,unknown,sh,0,0,False,2,0,1,-1,1154
0,unknown,cpuUsage.sh,0,1,False,2,0,1,-1,1155
0,unknown,TaskCon~ller #3,0,0,False,0,1,2,0,1156
0,unknown,Thread-46 (work,0,0,False,0,1,2,0,1157
0,unknown,bash,0,1,False,2,0,1,-1,1158
0,unknown,python,0,0,False,0,1,1,-1,1159
0,unknown,code,1,0,False,2,3,1,-1,1160
0,unknown,Thread-90 (work,0,0,False,0,1,2,0,1161
0,unknown,xdg-desktop-por,0,0,False,0,0,1,-1,1162
0,unknown,WorkerThread,0,0,False,0,1,2,0,1163
0,unknown,cat,0,0,False,2,0,1,-1,1164
0,unknown,Thread-6 (worke,0,0,False,0,1,2,0,1165
0,unknown,gdbus,0,0,False,0,1,2,-1,1166
1,unknown,StyleThread#5,0,0,False,0,1,1,10,1167
0,unknown,bash,0,1,False,2,0,1,-1,1168
0,unknown,Thread-41 (work,0,0,False,0,1,2,0,1169
0,unknown,python,1,0,False,2,3,1,-1,1170
0,unknown,cat,0,0,False,2,0,1,-1,1171
0,unknown,Thread-15 (work,0,0,False,0,1,2,0,1172
0,unknown,DelayedTaskSche,0,0,False,0,1,2,0,1173
0,unknown,Thread-214 (wor,0,0,False,0,1,2,0,1174
0,unknown,Thread-6 (worke,0,0,False,0,1,2,0,1175
0,unknown,IPC Launch,0,0,False,0,1,2,0,1176
0,unknown,cat,0,0,False,2,0,1,-1,1177
0,unknown,sh,0,0,False,2,0,1,-1,1178
0,unknown,WRWorker#1,0,0,False,0,1,2,-1,1179
1,unknown,DNS Res~er #516,0,0,False,0,1,2,5,1180
0,unknown,Thread-91 (work,0,0,False,0,1,2,2,1181
0,unknown,Thread-3 (worke,0,0,False,0,1,2,0,1183
0,unknown,Backgro~Pool #8,0,0,False,0,1,2,0,1184
0,unknown,Thread-80 (work,0,0,False,0,1,2,0,1185
1,unknown,Thread-121 (_ha,0,0,False,0,1,2,-1,1186
0,unknown,Thread-135 (wor,0,0,False,0,1,2,17,1187
0,unknown,gdbus,0,0,False,0,1,2,0,1188
0,unknown,Thread-45 (work,0,0,False,0,1,2,0,1189
0,unknown,cat,0,0,False,2,0,1,6,1190
0,unknown,Thread-46 (work,0,0,False,0,1,2,0,1191
0,unknown,TaskCon~ller #2,0,0,False,0,1,2,0,1192
0,unknown,systemd,1,0,False,2,0,1,-1,1193
0,unknown,gdbus,0,0,False,0,1,2,-1,1194
0,unknown,IPDL Background,0,0,False,0,1,2,-1,1195
1,unknown,Thread-190 (wor,0,0,False,0,1,2,-1,1196
0,unknown,python,1,1,True,2,3,1,-1,1197
0,unknown,cpuUsage.sh,0,1,False,2,0,1,-1,1198
0,unknown,StreamT~ns #635,0,0,False,0,1,2,0,1199
0,unknown,Thread-43 (_han,0,0,False,0,1,2,0,1200
0,unknown,code,0,0,False,2,0,1,-1,1201
0,unknown,Isolated Web Co,1,1,True,2,0,1,-1,1202
0,unknown,MediaTimer #70,0,0,False,0,1,2,0,1203
0,unknown,ps,1,0,False,2,0,1,-1,1204
0,unknown,sleep,0,0,False,2,0,1,-1,1205
0,unknown,TaskCon~ller #2,0,0,False,0,1,2,0,1206
0,unknown,cpuUsage.sh,0,0,False,2,0,1,-1,1207
0,unknown,Thread-54 (_han,0,0,False,0,1,2,0,1208
0,unknown,kworker/u32:3,0,0,False,2,0,1,-1,1209
0,unknown,libuv-worker,0,0,False,0,1,2,0,1210
0,unknown,code,1,0,False,2,3,1,-1,1211
0,unknown,StreamT~ns #635,0,0,False,0,1,1,-1,1212
0,unknown,cpuUsage.sh,0,0,False,2,0,1,9,1213
0,unknown,Thread-188 (wor,0,0,False,0,1,2,0,1214
0,unknown,RemVidChild,0,0,False,0,1,2,0,1215
0,unknown,kworker/u33:1,1,1,True,0,3,1,-1,1216
0,unknown,Thread-15 (work,0,0,False,0,1,2,0,1217
0,unknown,pool-90,0,0,False,0,1,2,-1,1218
0,unknown,IPC I/O Child,0,0,False,0,1,2,0,1219
1,unknown,Thread-125 (wor,0,0,False,0,1,2,0,1220
0,unknown,Thread-102 (wor,0,0,False,0,1,2,0,1221
0,unknown,WorkerThread,0,0,False,0,1,2,0,1222
0,unknown,cat,0,0,False,2,0,1,6,1223
1,unknown,DelayedTaskSche,0,1,False,0,1,2,2,1224
2,unknown,TaskCon~ller #2,0,1,False,0,1,2,0,1225
1,unknown,Thread-145 (wor,0,0,False,0,1,2,-1,1226
0,unknown,code,0,0,False,2,0,1,-1,1227
0,unknown,Thread-98 (_han,0,0,False,0,1,2,0,1228
0,unknown,Thread-56 (work,0,0,False,0,1,2,0,1229
0,unknown,Thread-12 (work,0,0,False,0,1,2,0,1230
0,unknown,TaskCon~ller #5,0,0,False,0,1,2,0,1231
0,unknown,DOM Worker,0,0,False,0,1,2,0,1232
0,unknown,cpuUsage.sh,0,0,False,2,0,1,-1,1233
1,unknown,DelayedTaskSche,0,0,False,0,1,2,0,1234
0,unknown,Thread-106 (wor,0,0,False,0,1,2,17,1235
0,unknown,Thread-32 (_han,0,0,False,0,1,2,0,1236
0,unknown,python,0,0,False,0,1,1,-1,1237
0,unknown,V8Worker,0,0,False,0,1,2,0,1238
0,unknown,sh,0,1,False,2,0,1,-1,1239
0,unknown,gly-rayon-2,0,0,False,0,1,2,0,1240
0,unknown,Thread-30 (work,0,0,False,0,1,2,0,1241
0,unknown,Thread-38 (work,0,0,False,0,1,2,0,1242
0,unknown,sleep,0,0,False,2,0,1,-1,1243
0,unknown,Compositor,0,0,False,0,1,1,-1,1244
0,unknown,which,0,0,False,2,0,1,-1,1245
0,unknown,Timer,0,0,False,0,1,2,0,1246
0,unknown,pet,0,0,False,0,1,1,10,1247
0,unknown,Timer,0,0,False,0,1,2,-1,1248
0,unknown,Thread-69 (work,0,0,False,0,1,2,0,1249
0,unknown,ksoftirqd/2,0,1,False,0,1,2,-1,1250
0,unknown,Thread-44 (_han,0,0,False,0,1,2,0,1251
1,unknown,Thread-186 (_ha,0,0,False,0,1,2,-1,1252
0,unknown,Isolated Servic,0,1,False,2,0,1,-1,1253
0,unknown,gly-rayon-2,0,0,False,0,1,1,10,1254
0,unknown,JS Watchdog,0,0,False,0,1,2,-1,1255
0,unknown,code,0,0,False,0,1,2,0,1256
0,unknown,MediaDe~ine #73,0,0,False,0,1,2,8,1257
0,unknown,pet,0,0,False,0,1,1,10,1258
0,unknown,StreamTrans #50,0,0,False,0,1,2,-1,1259
0,unknown,IPC I/O Child,0,0,False,0,1,2,0,1260
0,unknown,cpuUsage.sh,0,1,False,2,0,1,-1,1261
0,unknown,systemd-logind,0,0,False,2,0,1,-1,1262
1,unknown,Thread-176 (_ha,0,0,False,0,1,2,-1,1263
0,unknown,gmain,0,0,False,0,1,2,0,1264
0,unknown,ProcessHangMon,0,1,False,0,1,2,-1,1265
2,unknown,Thread-165 (_ha,0,0,False,0,1,2,-1,1266
0,unknown,Thread-25 (work,0,0,False,0,1,2,0,1267
1,unknown,Thread-180 (wor,0,0,False,0,1,2,-1,1268
0,unknown,Thread-21 (_han,0,0,False,0,1,2,0,1269
0,unknown,StreamT~ns #632,0,0,False,0,1,2,0,1270
0,unknown,Thread-74 (work,0,0,False,0,1,2,0,1271
0,unknown,Cache2 I/O,0,0,False,0,1,2,-1,1272
1,unknown,WRWorker#1,0,0,False,0,1,2,-1,1273
0,unknown,Thread-18 (work,0,0,False,0,1,2,0,1274
0,unknown,python,0,0,False,0,1,1,-1,1275
0,unknown,Thread-39 (work,0,0,False,0,1,2,0,1276
0,unknown,code,1,0,False,2,3,1,-1,1277
0,unknown,Thread-201 (wor,0,0,False,0,1,2,0,1278
0,unknown,CanvasRenderer,0,1,False,0,1,2,0,1279
0,unknown,gdbus,0,0,False,0,1,2,0,1280
0,unknown,Thread-74 (work,0,0,False,0,1,2,0,1281
0,unknown,V8Worker,0,0,False,0,1,2,0,1282
0,unknown,git,0,0,False,2,0,1,-1,1283
0,unknown,V8Worker,0,0,False,0,1,2,-1,1284
0,unknown,ps,1,0,False,2,0,1,-1,1285
0,unknown,Thread-104 (wor,0,0,False,0,1,2,0,1286
0,unknown,code,1,1,True,2,3,1,-1,1287
0,unknown,sh,0,0,False,2,0,1,-1,1288
0,unknown,bpftool,0,1,False,2,0,1,-1,1289
0,unknown,cpuUsage.sh,0,0,False,2,0,1,-1,1290
0,unknown,DedicatedWorker,0,0,False,0,1,2,-1,1291
0,unknown,rcu_preempt,0,1,False,0,0,1,-1,1292
0,unknown,MediaTimer #71,0,0,False,0,1,2,0,1293
0,unknown,Thread-70 (work,0,0,False,0,1,2,0,1294
0,unknown,gdbus,0,0,False,0,1,2,0,1296
1,unknown,Thread-193 (wor,0,0,False,0,1,2,3,1297
1,unknown,Thread-180 (wor,0,0,False,0,1,2,0,1298
0,unknown,Thread-29 (work,0,0,False,0,1,2,0,1300
0,unknown,DNS Res~er #521,0,0,False,0,1,2,-1,1301
0,unknown,Thread-10 (_han,0,1,False,0,1,2,0,1302
0,unknown,code,1,0,False,2,3,1,-1,1303
0,unknown,Isolated Servic,0,0,False,2,0,1,-1,1304
0,unknown,MemoryPoller,0,0,False,0,1,2,0,1305
0,unknown,Worker Launcher,0,0,False,0,1,2,-1,1306
0,unknown,Thread-10 (_han,0,1,False,0,1,2,0,1307
0,unknown,Xwayland,1,1,True,2,3,1,-1,1308
0,unknown,Thread-153 (_ha,0,0,False,0,1,2,-1,1309
0,unknown,pet,0,0,False,0,1,1,-1,1310
0,unknown,Web Content,0,0,False,2,0,1,-1,1311
0,unknown,cpuUsage.sh,0,1,False,2,0,1,-1,1312
0,unknown,sudo,1,0,False,2,0,1,-1,1313
0,unknown,Thread-73 (work,0,0,False,0,1,2,0,1314
0,unknown,Thread-61 (work,0,0,False,0,1,2,0,1315
0,unknown,ThreadPoolForeg,0,0,False,0,1,2,-1,1316
0,unknown,code,0,1,False,2,0,1,-1,1317
0,unknown,Thread-32 (_han,0,0,False,0,1,2,0,1318
0,unknown,pet,0,0,False,0,1,2,0,1319
1,unknown,cpuUsage.sh,0,0,False,0,1,1,7,1320
0,unknown,cpuUsage.sh,0,0,False,2,0,1,9,1321
0,unknown,Thread-134 (wor,0,0,False,0,1,2,-1,1322
0,unknown,which,0,0,False,2,0,1,-1,1323
0,unknown,kworker/u32:1,1,0,False,2,0,1,-1,1324
1,unknown,cpuUsage.sh,0,0,False,2,0,1,-1,1325
1,unknown,Thread-143 (_ha,0,1,False,0,1,2,22,1326
0,unknown,ThreadPoolForeg,0,0,False,0,1,2,-1,1327
1,unknown,Thread-45 (work,0,0,False,0,1,2,0,1328
0,unknown,Socket Thread,0,0,False,0,1,2,-1,1329
0,unknown,power-profiles-,1,0,False,2,0,1,-1,1330
0,unknown,WRWorkerLP#2,0,0,False,0,1,1,-1,1331
0,unknown,Thread-106 (wor,0,0,False,0,1,2,0,1332
0,unknown,Thread-58 (work,0,0,False,0,1,2,-1,1333
0,unknown,Thread-6 (worke,0,0,False,0,1,2,0,1334
0,unknown,Thread-181 (wor,0,0,False,0,1,2,0,1335
0,unknown,libuv-worker,0,0,False,0,1,2,-1,1336
0,unknown,V8Worker,0,0,False,0,1,2,0,1337
1,unknown,JS Watchdog,0,0,False,0,1,2,0,1338
2,unknown,IPC I/O Child,0,0,False,0,1,2,5,1340
0,unknown,stress-ng-vm,0,1,False,0,1,1,-1,1341
0,unknown,Thread-190 (wor,0,0,False,0,1,2,-1,1342
0,unknown,code,0,0,False,0,1,2,-1,1343
0,unknown,gdbus,0,0,False,0,1,2,0,1344
0,unknown,Thread-45 (work,0,0,False,0,1,2,0,1345
0,unknown,ps,1,0,False,2,0,1,-1,1346
0,unknown,Thread-17 (work,0,0,False,0,1,2,0,1347
0,unknown,cat,0,0,False,2,0,1,-1,1348
0,unknown,cpuUsage.sh,0,0,False,2,0,1,-1,1349
0,unknown,power-profiles-,0,0,False,2,0,1,-1,1350
0,unknown,pinner,0,0,False,2,0,1,-1,1351
0,unknown,Thread-93 (work,0,0,False,0,1,2,0,1352
0,unknown,Thread-1 (worke,0,0,False,0,1,2,0,1353
0,unknown,IPC I/O Child,0,0,False,0,1,2,0,1354
0,unknown,kworker/u32:0,1,0,False,2,0,1,-1,1355
0,unknown,WRWorkerLP#6,0,0,False,0,1,1,-1,1356
0,unknown,Chrome_ChildIOT,0,0,False,0,1,1,-1,1357
0,unknown,Thread-220 (_ha,0,0,False,0,1,2,0,1358
0,unknown,StreamTrans #47,0,0,False,0,1,2,0,1359
0,unknown,cpuUsage.sh,0,0,False,2,0,1,-1,1360
0,unknown,AsyncSi~lThread,0,0,False,0,1,2,0,1361
0,unknown,Thread-50 (work,0,0,False,0,1,2,0,1362
0,unknown,ibus-engine-sim,0,0,False,2,0,1,-1,1364
0,unknown,Thread-22 (_han,0,0,False,0,1,2,0,1365
0,unknown,cpuUsage.sh,0,0,False,2,0,1,-1,1366
0,unknown,Thread-41 (work,0,0,False,0,1,2,0,1367
0,unknown,kworker/u32:1,1,0,False,2,0,1,-1,1368
0,unknown,Thread-37 (work,0,0,False,0,1,2,0,1369
0,unknown,code,0,0,False,2,0,1,-1,1370
1,unknown,IPC I/O Child,0,0,False,0,1,2,0,1371
0,unknown,IPC I/O Parent,0,0,False,0,1,1,-1,1372
0,unknown,Thread-78 (work,0,0,False,0,1,2,0,1373
1,unknown,Web Content,1,0,False,2,0,1,-1,1374
0,unknown,V8Worker,0,0,False,0,1,2,-1,1375
0,unknown,Thread-12 (work,0,0,False,0,1,2,0,1376
0,unknown,libuv-worker,0,0,False,0,1,2,0,1377
0,unknown,IPC I/O Child,0,0,False,0,1,2,0,1378
0,unknown,Thread-33 (_han,0,0,False,0,1,2,0,1379
0,unknown,Thread-150 (wor,0,0,False,0,1,2,0,1380
0,unknown,TaskCon~ller #0,0,0,False,0,1,2,-1,1381
0,unknown,Thread-10 (_han,0,1,False,0,1,2,0,1382
0,unknown,python,1,1,True,2,3,1,-1,1383
0,unknown,JS Watchdog,0,0,False,0,1,2,0,1384
1,unknown,TaskCon~ller #5,0,0,False,0,1,2,-1,1385
0,unknown,Thread-96 (work,0,0,False,0,1,2,0,1386
0,unknown,gdbus,0,0,False,0,1,2,-1,1387
0,unknown,cat,0,0,False,2,0,1,6,1388
0,unknown,Thread-65 (_han,0,0,False,0,1,2,0,1389
1,unknown,ibus-portal,0,0,False,2,0,1,-1,1390
0,unknown,gnome-shell,1,1,True,1,3,0,-1,1391
0,unknown,Thread-90 (work,0,0,False,0,1,2,0,1392
0,unknown,Thread-110 (_ha,0,0,False,0,1,2,0,1393
0,unknown,Thread-25 (work,0,0,False,0,1,2,0,1394
1,unknown,RemoteLzyStream,0,0,False,0,1,2,-1,1395
0,unknown,sudo,0,0,False,0,0,2,-1,1396
0,unknown,WRWorker#1,0,0,False,0,1,1,-1,1397
0,unknown,Thread-7 (worke,0,0,False,0,1,2,0,1398
0,unknown,sh,0,0,False,0,1,1,-1,1399
0,unknown,bpftool,1,0,False,2,0,1,-1,1400
2,unknown,MediaTimer #72,0,0,False,0,1,2,0,1401
0,unknown,Thread-135 (wor,0,0,False,0,1,2,-1,1402
0,unknown,Thread-3 (worke,0,0,False,0,1,2,0,1403
1,unknown,sh,0,0,False,0,1,1,-1,1404
0,unknown,Thread-18 (work,0,0,False,0,1,2,0,1405
0,unknown,firefox:gdrv0,0,0,False,0,1,2,-1,1406
0,unknown,python,0,0,False,2,0,1,-1,1407
0,unknown,Thread-19 (work,0,0,False,0,1,2,0,1408
0,unknown,sh,0,0,False,2,0,1,-1,1409
0,unknown,libuv-worker,0,0,False,0,1,2,0,1410
0,unknown,kcompactd0,0,0,False,0,0,2,-1,1411
2,unknown,Thread-158 (wor,0,0,False,0,1,2,-1,1412
1,unknown,IPC I/O Child,0,0,False,0,1,2,0,1413
0,unknown,cpuUsage.sh,0,0,False,2,0,1,-1,1414
0,unknown,Thread-11 (_han,0,0,False,0,1,2,0,1415
0,unknown,Thread-216 (wor,0,0,False,0,1,2,0,1416
0,unknown,libuv-worker,0,0,False,0,1,2,0,1417
1,unknown,Thread-170 (wor,0,0,False,0,1,2,0,1418
0,unknown,cat,0,1,False,2,0,1,6,1419
0,unknown,Thread-45 (work,0,0,False,0,1,2,0,1420
0,unknown,gdbus,0,0,False,0,1,2,0,1421
0,unknown,Thread-26 (work,0,0,False,0,1,2,0,1422
0,unknown,RDD Process,0,0,False,2,0,1,-1,1423
0,unknown,sh,0,0,False,0,1,1,-1,1424
0,unknown,gmain,0,0,False,0,1,2,0,1425
0,unknown,Thread-99 (_han,0,0,False,0,1,2,0,1426
0,unknown,bpftool,0,1,False,2,0,1,-1,1428
0,unknown,cpuUsage.sh,0,0,False,2,0,1,9,1429
0,unknown,ksoftirqd/6,0,1,False,0,1,2,-1,1430
0,unknown,Thread-11 (_han,0,0,False,0,1,2,0,1431
0,unknown,cat,0,0,False,2,0,1,6,1432
0,unknown,V8Worker,0,0,False,0,1,2,0,1433
0,unknown,TikToken worker,0,0,False,0,1,2,-1,1434
0,unknown,Thread-58 (work,0,0,False,0,1,2,0,1435
0,unknown,cpuUsage.sh,0,0,False,2,0,1,9,1436
0,unknown,ThreadPoolForeg,0,0,False,0,1,2,-1,1437
0,unknown,Thread-51 (work,0,0,False,0,1,2,0,1438
0,unknown,TaskCon~ller #2,0,0,False,0,1,2,0,1439
0,unknown,cpuUsage.sh,0,1,False,2,0,1,-1,1440
0,unknown,Indexed~IO #251,0,0,False,0,1,2,0,1441
0,unknown,TaskCon~ller #0,0,0,False,0,1,2,-1,1442
0,unknown,V8Worker,0,0,False,0,1,2,-1,1443
0,unknown,Isolated Web Co,1,1,True,2,0,1,-1,1444
1,unknown,cpuUsage.sh,0,0,False,2,0,1,-1,1445
0,unknown,which,0,0,False,2,0,1,-1,1446
0,unknown,Thread-175 (_ha,0,0,False,0,1,2,0,1447
0,unknown,TaskCon~ller #3,0,0,False,0,1,2,0,1448
0,unknown,AsyncSi~lThread,0,0,False,0,1,1,10,1449
0,unknown,Thread-109 (_ha,0,0,False,0,1,2,0,1450
0,unknown,Thread-13 (work,0,0,False,0,1,2,0,1451
0,unknown,libuv-worker,0,0,False,0,1,2,0,1452
0,unknown,StreamT~ns #621,0,0,False,0,1,2,0,1453
0,unknown,Thread-216 (wor,0,0,False,0,1,2,0,1454
0,unknown,dbus-daemon,0,0,False,2,0,1,-1,1455
0,unknown,python,0,0,False,0,1,1,-1,1457
0,unknown,IPC I/O Child,0,0,False,0,1,2,0,1458
0,unknown,WRWorkerLP#0,0,1,False,0,1,2,-1,1459
0,unknown,bpftool,1,0,False,2,0,1,-1,1460
0,unknown,JS Helper,0,0,False,0,1,2,0,1461
0,unknown,Thread-22 (_han,0,0,False,0,1,2,0,1462
1,unknown,Thread-149 (wor,0,0,False,0,1,2,17,1463
0,unknown,(sd-close),0,0,False,0,0,1,-1,1464
1,unknown,TaskCon~ller #7,0,0,False,0,1,2,0,1465
1,unknown,DNS Res~er #523,0,0,False,0,1,2,-1,1466
0,unknown,dbus-daemon,0,0,False,2,0,1,-1,1467
0,unknown,gmain,0,0,False,0,1,2,0,1468
0,unknown,sed,0,0,False,2,0,1,16,1469
0,unknown,cpuUsage.sh,0,0,False,2,0,1,9,1470
0,unknown,Thread-9 (_hand,0,0,False,0,1,2,-1,1471
0,unknown,cat,0,0,False,2,0,1,-1,1472
0,unknown,ThreadPoolSingl,0,1,False,0,1,2,0,1473
0,unknown,sh,0,1,False,2,0,1,-1,1474
0,unknown,tokio-rt-worker,0,0,False,0,1,2,0,1475
0,unknown,ibus-engine-sim,0,0,False,2,0,1,-1,1476
1,unknown,pet,0,0,False,0,1,1,10,1477
0,unknown,rcu_preempt,0,1,False,0,1,1,-1,1478
0,unknown,Thread-55 (_han,0,0,False,0,1,2,0,1479
0,unknown,cpuUsage.sh,0,0,False,2,0,1,-1,1480
0,unknown,snapd,0,0,False,0,1,2,8,1481
0,unknown,Mutter Input Th,0,0,False,0,1,1,-1,1482
0,unknown,Thread-84 (work,0,0,False,0,1,2,0,1483
0,unknown,Thread-43 (_han,0,0,False,0,1,2,0,1484
0,unknown,Thread-23 (work,0,0,False,0,1,2,0,1485
0,unknown,bash,0,1,False,2,0,1,-1,1486
0,unknown,V8Worker,0,0,False,0,1,2,-1,1487
0,unknown,IPC I/O Child,0,0,False,0,1,2,-1,1488
1,unknown,Web Content,0,0,False,2,0,1,-1,1489
0,unknown,khugepaged,0,1,False,0,1,2,-1,1490
0,unknown,ThreadPoolForeg,0,0,False,0,1,2,-1,1491
0,unknown,code,0,0,False,2,0,1,-1,1492
0,unknown,Thread-209 (_ha,0,0,False,0,1,2,0,1493
0,unknown,bpftool,0,1,False,2,0,1,-1,1494
0,unknown,firefox:gdrv0,0,1,False,0,1,1,10,1495
0,unknown,unix_chkpwd,0,1,False,2,0,1,-1,1496
0,unknown,xdg-desktop-por,0,0,False,2,0,1,-1,1497
0,unknown,gvfs-afc-volume,0,0,False,0,1,2,0,1498
1,unknown,TaskCon~ller #3,0,0,False,0,1,2,0,1499
0,unknown,cat,0,0,False,2,0,1,-1,1500
0,unknown,pet,0,0,False,0,1,1,10,1501
0,unknown,libuv-worker,0,0,False,0,1,2,-1,1502
0,unknown,Timer,0,0,False,0,1,2,19,1503
0,unknown,Thread-122 (wor,0,0,False,0,1,2,-1,1504
0,unknown,avahi-daemon,0,0,False,0,0,1,-1,1505
0,unknown,gmain,0,0,False,0,1,2,0,1506
0,unknown,sed,0,0,False,2,0,1,-1,1507
0,unknown,DelayedTaskSche,0,0,False,0,1,2,0,1508
1,unknown,Thread-198 (_ha,0,1,False,0,1,2,-1,1509
0,unknown,cpuUsage.sh,0,0,False,0,1,1,-1,1510
0,unknown,Thread-204 (wor,0,0,False,0,1,2,0,1511
0,unknown,python,0,0,False,0,1,1,-1,1512
0,unknown,StreamT~ns #320,0,0,False,0,1,1,-1,1513
1,unknown,ThreadPoolForeg,0,0,False,0,1,2,-1,1514
0,unknown,Thread-130 (_ha,0,1,False,0,1,2,-1,1515
0,unknown,Thread-17 (work,0,0,False,0,1,2,0,1516
0,unknown,Thread-2 (worke,0,0,False,0,1,2,0,1518
0,unknown,code,0,0,False,2,0,1,-1,1519
0,unknown,cpuUsage.sh,0,0,False,2,0,1,-1,1520
0,unknown,cat,0,0,False,2,0,1,6,1521
0,unknown,Thread-110 (_ha,0,0,False,0,1,2,0,1522
0,unknown,Timer,0,0,False,0,1,2,-1,1523
0,unknown,cat,0,0,False,2,0,1,4,1524
1,unknown,cpuUsage.sh,1,0,False,2,0,1,-1,1525
2,unknown,ProcessHangMon,0,0,False,0,1,2,0,1526
0,unknown,Thread-19 (work,0,0,False,0,1,2,0,1527
0,unknown,gmain,0,0,False,0,1,2,0,1528
0,unknown,WRWorker#2,0,0,False,0,1,2,-1,1529
0,unknown,Thread-215 (wor,0,0,False,0,1,2,0,1530
0,unknown,KMS thread,0,0,False,0,3,1,-1,1531
0,unknown,localsearch-3,0,0,False,2,0,1,-1,1532
0,unknown,tokio-rt-worker,0,0,False,0,1,2,0,1533
0,unknown,Thread-15 (work,0,0,False,0,1,2,0,1534
0,unknown,ThreadPoolForeg,0,0,False,0,1,2,0,1535
0,unknown,Thread-2 (worke,0,0,False,0,1,2,0,1536
0,unknown,Thread-77 (_han,0,0,False,0,1,2,0,1537
0,unknown,cron,0,0,False,0,1,2,0,1538
0,unknown,IPDL Background,0,0,False,0,1,2,-1,1539
1,unknown,gdbus,0,0,False,0,1,2,0,1540
1,unknown,Thread-157 (wor,0,0,False,0,1,2,0,1541
0,unknown,pet,0,0,False,0,1,1,10,1542
0,unknown,StreamT~ns #205,0,0,False,0,1,2,-1,1543
2,unknown,pet,0,0,False,0,1,2,-1,1544
0,unknown,Thread-44 (_han,0,0,False,0,1,2,0,1545
0,unknown,Thread-195 (wor,0,0,False,0,1,2,-1,1546
1,unknown,ProcessHangMon,0,0,False,0,1,2,0,1547
0,unknown,rcu_exp_gp_kthr,0,0,False,0,1,2,-1,1548
0,unknown,cat,0,1,False,2,0,1,-1,1549
0,unknown,Isolated Web Co,0,0,False,2,0,1,-1,1550
0,unknown,Socket Thread,0,0,False,0,1,2,0,1551
0,unknown,bpftool,0,1,False,2,0,1,-1,1552
1,unknown,TaskCon~ller #7,0,0,False,0,1,2,0,1553
0,unknown,Thread-33 (_han,0,0,False,0,1,2,0,1554
0,unknown,LS Thread,0,0,False,0,1,2,0,1555
0,unknown,cat,0,0,False,2,0,1,21,1556
0,unknown,cat,0,0,False,2,0,1,4,1557
0,unknown,ProcessHangMon,0,0,False,0,1,2,8,1558
1,unknown,kworker/2:0,1,1,True,2,0,1,-1,1559
0,unknown,Priority Queue ,0,0,False,0,1,2,-1,1560
0,unknown,Thread-53 (_han,0,0,False,0,1,2,-1,1561
0,unknown,Thread-19 (work,0,0,False,0,1,2,0,1562
0,unknown,WRWorkerLP#0,0,0,False,0,1,1,-1,1563
0,unknown,cpuUsage.sh,0,0,False,2,0,1,9,1564
0,unknown,Thread-22 (_han,0,0,False,0,1,2,0,1565
0,unknown,V8Worker,0,0,False,0,1,2,-1,1566
0,unknown,Thread-3 (worke,0,0,False,0,1,2,0,1567
0,unknown,Thread-25 (work,0,0,False,0,1,2,0,1568
0,unknown,ps,1,0,False,2,0,1,-1,1569
0,unknown,sqldb:c~lite #9,0,0,False,0,1,2,0,1570
0,unknown,Thread-177 (wor,0,0,False,0,1,2,3,1571
0,unknown,localsearch-3,0,1,False,2,0,1,-1,1572
0,unknown,code,0,0,False,0,1,2,-1,1573
0,unknown,bpftool,1,0,False,2,0,1,-1,1574
0,unknown,MediaTimer #68,0,0,False,0,1,2,5,1575
0,unknown,Thread-5 (worke,0,0,False,0,1,2,0,1576
0,unknown,gdbus,0,0,False,0,1,2,0,1577
0,unknown,cpuUsage.sh,0,0,False,2,1,1,-1,1578
0,unknown,Backgro~Pool #3,0,0,False,0,1,2,0,1579
0,unknown,cat,0,1,False,2,0,1,6,1580
1,unknown,gdbus,0,0,False,0,1,2,-1,1581
1,unknown,Thread-136 (wor,0,0,False,0,1,2,-1,1582
0,unknown,async-io,0,0,False,0,1,2,0,1583
0,unknown,StreamT~ns #632,0,0,False,0,1,2,-1,1584
0,unknown,Web Content,1,0,False,2,0,1,-1,1585
0,unknown,V8Worker,0,0,False,0,1,2,-1,1586
0,unknown,FSBroker14923,0,0,False,0,1,2,0,1587
0,unknown,gsd-sharing,0,0,False,2,0,1,-1,1588
0,unknown,stress-ng-vm,1,1,True,2,0,3,-1,1589
0,unknown,code,0,0,False,2,0,1,-1,1590
0,unknown,V8Worker,0,0,False,0,1,2,0,1591
0,unknown,Thread-61 (work,0,0,False,0,1,2,0,1592
0,unknown,sed,0,0,False,2,0,1,16,1593
0,unknown,Thread-16 (work,0,0,False,0,1,2,0,1594
0,unknown,gmain,0,0,False,0,1,2,0,1595
0,unknown,ProcessHangMon,0,0,False,0,1,2,0,1596
0,unknown,Thread-13 (work,0,0,False,0,1,2,0,1597
0,unknown,Thread-74 (work,0,0,False,0,1,2,0,1598
0,unknown,jbd2/sdb4-8,0,0,False,0,1,2,0,1599
0,unknown,Thread-19 (work,0,0,False,0,1,2,0,1600
0,unknown,Socket Thread,0,0,False,0,1,2,0,1601
0,unknown,KMS thread,0,0,False,0,3,1,-1,1602
0,unknown,StreamTrans #53,0,0,False,0,1,2,0,1603
0,unknown,cpuUsage.sh,0,0,False,2,0,1,-1,1604
1,unknown,ThreadPoolForeg,0,0,False,0,1,2,-1,1605
0,unknown,sh,0,1,False,2,0,1,-1,1606
0,unknown,Thread-55 (_han,0,0,False,0,1,2,0,1607
0,unknown,Thread-213 (wor,0,0,False,0,1,2,0,1608
0,unknown,Thread-92 (work,0,0,False,0,1,2,0,1609
0,unknown,Thread-1 (worke,0,0,False,0,1,2,0,1610
0,unknown,code,0,0,False,2,0,1,-1,1611
1,unknown,ThreadPoolForeg,0,0,False,0,1,2,-1,1612
0,unknown,sh,0,0,False,2,0,1,-1,1613
0,unknown,bpftool,0,0,False,2,0,1,-1,1614
0,unknown,sh,0,0,False,2,0,1,-1,1615
0,unknown,libuv-worker,0,0,False,0,1,2,0,1616
0,unknown,FSBroker14923,0,0,False,0,1,2,0,1617
0,unknown,pet,0,0,False,2,0,1,-1,1618
0,unknown,bpftool,1,0,False,2,0,1,-1,1619
1,unknown,gdbus,0,0,False,0,1,2,0,1620
0,unknown,pet,0,0,False,0,1,1,-1,1621
0,unknown,BgIOThr~ool #19,0,0,False,0,1,2,0,1622
0,unknown,cat,0,0,False,2,0,1,4,1623
0,unknown,code,0,0,False,0,1,2,0,1624
0,unknown,Thread-52 (work,0,0,False,0,1,2,0,1625
0,unknown,Thread-54 (_han,0,0,False,0,1,2,0,1626
0,unknown,Thread-21 (_han,0,0,False,0,1,2,0,1627
0,unknown,Socket Process,0,0,False,2,0,1,-1,1629
0,unknown,ProcessHangMon,0,0,False,0,1,2,0,1630
1,unknown,Backgro~ool #28,0,0,False,0,1,2,0,1631
0,unknown,Thread-24 (work,0,0,False,0,1,2,0,1632
0,unknown,Thread-1 (worke,0,0,False,0,1,2,22,1633
0,unknown,TaskCon~ller #1,0,0,False,0,1,2,0,1634
1,unknown,WRWorker#2,0,0,False,0,1,2,-1,1635
0,unknown,fwupd,0,0,False,2,0,1,-1,1636
0,unknown,V8Worker,0,0,False,0,1,2,0,1637
0,unknown,stress-ng-vm,0,0,False,0,1,2,-1,1638
0,unknown,WorkerThread,0,0,False,0,1,2,0,1639
0,unknown,Thread-25 (work,0,0,False,0,1,2,0,1640
0,unknown,Thread-63 (work,0,0,False,0,1,2,0,1641
0,unknown,Socket Thread,0,0,False,0,1,2,-1,1642
0,unknown,JS Watchdog,0,0,False,0,1,2,0,1643
0,unknown,VizCompositorTh,0,0,False,0,1,1,-1,1644
0,unknown,code,1,1,True,2,0,1,-1,1645
1,unknown,Thread-173 (wor,0,0,False,0,1,2,-1,1646
0,unknown,StreamTrans #1,0,1,False,0,1,1,-1,1647
1,unknown,Thread-51 (work,0,0,False,0,1,2,0,1648
0,unknown,TaskCon~ller #6,0,0,False,0,1,2,0,1649
0,unknown,sh,0,1,False,2,0,1,-1,1650
0,unknown,sh,0,0,False,2,0,1,-1,1651
0,unknown,Thread-40 (work,0,0,False,0,1,2,-1,1652
1,unknown,TikToken worker,0,1,False,0,0,1,-1,1653
2,unknown,DelayedTaskSche,0,0,False,0,1,2,0,1654
0,unknown,avahi-daemon,0,0,False,2,0,1,-1,1655
0,unknown,sh,0,0,False,0,1,1,-1,1656
0,unknown,kcompactd0,0,0,False,0,0,2,-1,1657
0,unknown,StreamT~ns #632,0,0,False,0,1,2,0,1658
1,unknown,sqldb:c~lite #3,0,0,False,0,1,2,0,1659
0,unknown,V8Worker,0,0,False,0,1,2,0,1660
0,unknown,Thread-215 (wor,0,0,False,0,1,2,0,1661
0,unknown,pet,0,0,False,0,1,1,10,1662
0,unknown,bpftool,1,0,False,2,0,1,-1,1663
1,unknown,Thread-173 (wor,0,0,False,0,1,2,-1,1664
0,unknown,libuv-worker,0,0,False,0,1,2,0,1665
0,unknown,ps,1,1,True,2,0,1,-1,1666
0,unknown,kthreadd,0,1,False,0,1,2,-1,1667
0,unknown,TaskCon~ller #3,0,0,False,0,1,2,0,1668
0,unknown,upowerd,1,1,True,2,0,1,-1,1669
0,unknown,Thread-132 (_ha,0,0,False,0,1,2,-1,1670
0,unknown,WRScene~derLP#1,0,1,False,0,1,2,-1,1671
0,unknown,xdg-desktop-por,0,0,False,2,0,1,-1,1672
0,unknown,Thread-40 (work,0,0,False,0,1,2,0,1673
0,unknown,Timer,0,0,False,0,1,2,0,1674
0,unknown,git,0,0,False,2,0,1,-1,1675
0,unknown,pet,0,0,False,0,1,2,-1,1676
0,unknown,Thread-27 (work,0,0,False,0,1,2,0,1677
0,unknown,ibus-engine-sim,0,0,False,2,0,1,-1,1678
1,unknown,V8Worker,0,0,False,0,1,2,0,1679
0,unknown,pet,0,0,False,2,0,1,-1,1680
0,unknown,Timer,0,0,False,0,1,2,0,1681
0,unknown,TaskCon~ller #1,0,0,False,0,1,2,0,1682
1,unknown,gnome-sh:gdrv0,0,0,False,0,1,2,0,1683
0,unknown,Thread-32 (_han,0,1,False,0,1,2,0,1684
0,unknown,kworker/1:0,0,1,False,0,1,1,-1,1685
0,unknown,Thread-48 (work,0,0,False,0,1,2,0,1686
0,unknown,gly-rayon-0,0,0,False,0,1,2,-1,1687
0,unknown,libuv-worker,0,0,False,0,1,2,0,1688
0,unknown,FSBroker6750,0,0,False,0,1,2,0,1689
0,unknown,code,0,0,False,0,1,2,0,1690
0,unknown,Thread-59 (work,0,0,False,0,1,2,0,1691
0,unknown,Socket Thread,0,0,False,0,1,2,0,1693
0,unknown,cat,0,0,False,2,0,1,6,1694
0,unknown,cat,0,1,False,2,0,1,-1,1695
0,unknown,Thread-17 (work,0,0,False,0,1,2,0,1696
0,unknown,upowerd,0,0,False,2,0,1,-1,1697
0,unknown,gmain,0,0,False,0,1,2,0,1698
0,unknown,cat,0,0,False,2,0,1,6,1699
0,unknown,sh,0,1,False,2,0,1,-1,1700
0,unknown,Thread-179 (wor,0,0,False,0,1,2,0,1701
0,unknown,git,0,1,False,2,0,1,-1,1702
0,unknown,WRWorkerLP#5,0,0,False,0,1,1,-1,1703
0,unknown,cat,0,0,False,0,1,1,-1,1704
0,unknown,StreamTrans #51,0,0,False,0,1,2,5,1705
0,unknown,cat,0,0,False,2,0,1,-1,1706
0,unknown,Thread-143 (_ha,0,1,False,0,1,2,-1,1707
0,unknown,sed,0,0,False,2,0,1,-1,1708
0,unknown,libuv-worker,0,0,False,0,1,2,0,1709
0,unknown,Thread-54 (_han,0,0,False,0,1,2,0,1710
0,unknown,thermald,0,0,False,0,1,2,-1,1711
0,unknown,Timer,0,0,False,0,1,2,19,1712
0,unknown,Thread-81 (work,0,0,False,0,1,2,0,1713
0,unknown,Thread-56 (work,0,0,False,0,1,2,0,1714
1,unknown,V8Worker,0,0,False,0,1,2,-1,1715
0,unknown,Thread-21 (_han,0,0,False,0,1,2,0,1716
0,unknown,LS Thread,0,0,False,0,1,2,0,1717
0,unknown,AsyncSi~lThread,0,0,False,0,1,2,0,1718
0,unknown,Thread-22 (_han,0,0,False,0,1,2,0,1719
0,unknown,StreamTrans #56,0,0,False,0,1,2,0,1720
0,unknown,Thread-16 (work,0,0,False,0,1,2,0,1721
0,unknown,wpa_supplicant,0,0,False,0,1,2,-1,1722
0,unknown,code,0,0,False,0,1,2,0,1723
0,unknown,git,1,0,False,2,0,1,-1,1724
0,unknown,ps,1,0,False,2,0,1,-1,1725
0,unknown,cpuUsage.sh,0,0,False,2,0,1,-1,1726
0,unknown,IPC I/O Child,0,0,False,0,1,2,0,1727
0,unknown,Thread-4 (worke,0,0,False,0,1,2,0,1728
0,unknown,pet,0,0,False,0,1,1,10,1729
0,unknown,Renderer,0,0,False,0,1,2,-1,1730
0,unknown,StyleThread#4,0,0,False,0,1,1,-1,1731
0,unknown,kcompactd0,0,0,False,0,0,2,-1,1732
1,unknown,Thread-81 (work,0,0,False,0,1,2,0,1733
0,unknown,systemd-udevd,1,1,True,2,0,1,-1,1735
0,unknown,StreamT~ns #624,0,0,False,0,1,2,0,1736
0,unknown,Thread-138 (wor,0,0,False,0,1,2,-1,1737
0,unknown,pet,0,0,False,0,1,2,8,1738
0,unknown,cpuUsage.sh,0,0,False,2,0,1,-1,1739
0,unknown,MediaDe~ine #76,0,0,False,0,1,1,10,1740
0,unknown,Thread-11 (_han,0,0,False,0,1,2,0,1741
0,unknown,Thread-59 (work,0,0,False,0,1,2,0,1742
0,unknown,Thread-164 (_ha,0,0,False,0,1,2,0,1743
0,unknown,Chrome_ChildIOT,0,0,False,0,1,2,0,1744
0,unknown,Isolated Web Co,0,0,False,2,0,1,-1,1745
1,unknown,sed,1,0,False,2,0,1,-1,1746
0,unknown,IPC I/O Child,0,0,False,0,1,2,0,1747
0,unknown,bash,0,0,False,2,0,1,-1,1748
0,unknown,cat,0,1,False,2,0,1,-1,1749
0,unknown,TaskCon~ller #3,0,0,False,0,1,2,0,1750
0,unknown,WRWorker#1,0,0,False,0,1,2,-1,1751
0,unknown,code,0,0,False,0,1,1,-1,1752
0,unknown,Thread-36 (work,0,0,False,0,1,2,0,1753
0,unknown,ibus-daemon,1,0,False,2,0,1,-1,1754
0,unknown,kthreadd,0,1,False,0,1,2,-1,1755
0,unknown,Socket Thread,0,0,False,0,1,2,-1,1756
0,unknown,which,0,0,False,2,0,1,-1,1757
0,unknown,TaskCon~ller #4,0,0,False,0,1,2,0,1758
0,unknown,WRScene~derLP#1,0,1,False,0,1,2,-1,1759
0,unknown,python,0,0,False,0,1,1,-1,1760
0,unknown,code,0,0,False,0,1,1,-1,1761
0,unknown,gmain,0,0,False,0,1,2,0,1762
0,unknown,Indexed~IO #252,0,0,False,0,1,2,0,1763
0,unknown,StreamT~ns #632,0,0,False,0,1,2,-1,1764
0,unknown,Thread-206 (wor,0,0,False,0,1,2,0,1765
0,unknown,Thread-41 (work,0,0,False,0,1,2,3,1766
0,unknown,WorkerThread,0,0,False,0,1,2,0,1767
0,unknown,tokio-rt-worker,0,0,False,0,1,2,0,1768
0,unknown,Thread-67 (work,0,0,False,0,1,2,0,1769
0,unknown,python,0,0,False,0,1,1,-1,1770
0,unknown,cpuUsage.sh,0,0,False,2,0,1,-1,1771
0,unknown,FSBroker6750,0,0,False,0,1,2,0,1772
0,unknown,cat,0,0,False,2,0,1,6,1773
0,unknown,Chrome_ChildIOT,0,0,False,0,1,2,-1,1774
0,unknown,upowerd,1,0,False,2,0,1,-1,1775
0,unknown,DedicatedWorker,0,0,False,0,1,2,-1,1776
0,unknown,dbus-daemon,0,0,False,2,0,1,-1,1777
0,unknown,TaskCon~ller #0,0,0,False,0,1,2,-1,1778
0,unknown,sh,0,0,False,0,1,1,-1,1779
0,unknown,sh,0,0,False,2,0,1,-1,1780
0,unknown,V8Worker,0,0,False,0,1,2,14,1781
1,unknown,Thread-143 (_ha,0,0,False,0,1,2,0,1782
0,unknown,glean.dispatche,0,0,False,0,3,1,-1,1783
1,unknown,IPC I/O Child,0,0,False,0,1,2,0,1784
0,unknown,cpuUsage.sh,0,0,False,2,0,1,-1,1785
0,unknown,kworker/u32:3,0,0,False,2,0,1,-1,1786
0,unknown,cpuUsage.sh,0,0,False,2,0,1,9,1787
0,unknown,Thread-79 (work,0,0,False,0,1,2,0,1788
1,unknown,ThreadPoolForeg,0,0,False,0,1,2,-1,1789
0,unknown,Timer,0,0,False,0,1,2,0,1790
0,unknown,NetworkManager,0,0,False,2,0,1,-1,1791
0,unknown,Thread-216 (wor,0,0,False,0,1,2,0,1792
0,unknown,sh,0,0,False,2,0,1,-1,1793
0,unknown,Thread-175 (_ha,0,1,False,0,1,2,-1,1794
0,unknown,sh,0,1,False,2,0,1,-1,1795
0,unknown,TaskCon~ller #1,0,0,False,0,1,2,0,1796
0,unknown,WRWorkerLP#3,0,0,False,0,1,1,-1,1797
0,unknown,cat,0,0,False,2,0,1,4,1798
0,unknown,Thread-10 (_han,0,0,False,0,1,2,0,1799
1,unknown,DOM Worker,0,0,False,0,1,2,-1,1800
0,unknown,Thread-32 (_han,0,1,False,0,1,2,0,1801
0,unknown,Thread-52 (work,0,0,False,0,1,2,0,1802
0,unknown,Thread-200 (wor,0,0,False,0,1,2,0,1803
0,unknown,uuidd,0,0,False,2,0,1,-1,1804
0,unknown,JS Helper,0,0,False,0,1,2,0,1805
0,unknown,Thread-19 (work,0,0,False,0,1,2,0,1806
0,unknown,IPC I/O Child,0,0,False,0,1,1,-1,1807
0,unknown,Isolated Web Co,1,0,False,2,0,1,-1,1808
1,unknown,kworker/u33:2,0,1,False,0,1,2,-1,1809
0,unknown,pet,0,0,False,0,1,1,-1,1810
0,unknown,kworker/u33:2,0,0,False,0,1,1,-1,1811
0,unknown,sleep,0,0,False,0,1,1,-1,1812
1,unknown,V8Worker,0,0,False,0,1,2,0,1813
0,unknown,V8Worker,0,0,False,0,1,2,0,1814
0,unknown,Thread-47 (work,0,0,False,0,1,2,0,1815
1,unknown,ThreadPoolForeg,0,0,False,0,1,2,-1,1816
0,unknown,Thread-213 (wor,0,0,False,0,1,2,0,1817
0,unknown,sh,0,1,False,0,1,2,-1,1818
0,unknown,gdbus,0,0,False,0,1,2,0,1819
0,unknown,Isolated Web Co,1,1,True,2,0,1,-1,1820
0,unknown,Thread-203 (wor,0,0,False,0,1,2,0,1821
0,unknown,libuv-worker,0,0,False,0,1,2,0,1822
0,unknown,StreamT~ns #206,0,0,False,0,1,2,-1,1823
0,unknown,Thread-43 (_han,0,0,False,0,1,2,0,1824
0,unknown,Thread-2 (worke,0,0,False,0,1,2,0,1825
0,unknown,Isolated Servic,0,1,False,2,0,1,-1,1826
0,unknown,TikToken worker,0,0,False,0,1,2,-1,1827
0,unknown,TaskCon~ller #4,0,0,False,0,1,2,0,1828
0,unknown,Thread-70 (work,0,0,False,0,1,2,0,1829
0,unknown,Thread-18 (work,0,0,False,0,1,2,0,1830
0,unknown,sed,0,0,False,2,0,1,16,1831
0,unknown,firefo:traceq0,0,0,False,0,1,2,0,1832
0,unknown,Chrome_ChildIOT,0,0,False,0,1,1,-1,1833
0,unknown,sh,0,0,False,0,1,1,-1,1834
0,unknown,Thread-62 (work,0,0,False,0,1,2,0,1835
0,unknown,gmain,0,0,False,0,1,2,0,1836
0,unknown,sh,0,0,False,2,0,1,-1,1837
0,unknown,Thread-43 (_han,0,0,False,0,1,2,0,1838
0,unknown,pet,0,0,False,0,1,1,10,1839
0,unknown,Thread-7 (worke,0,0,False,0,1,2,0,1840
0,unknown,blocking-71,0,1,False,0,1,2,0,1841
0,unknown,cpuUsage.sh,0,0,False,2,0,1,-1,1842
0,unknown,pet,0,0,False,0,1,1,-1,1843
0,unknown,Thread-29 (work,0,0,False,0,1,2,0,1844
0,unknown,python,1,0,False,2,3,1,-1,1845
0,unknown,TaskCon~ller #5,0,0,False,0,1,2,0,1846
0,unknown,Thread-199 (wor,0,0,False,0,1,2,0,1847
0,unknown,Priority Queue ,0,0,False,0,1,2,-1,1848
0,unknown,Thread-19 (work,0,0,False,0,1,2,0,1849
0,unknown,ps,1,0,False,2,0,1,-1,1850
0,unknown,cat,0,0,False,2,0,1,4,1851
0,unknown,Thread-23 (work,0,0,False,0,1,2,0,1852
0,unknown,Thread-54 (_han,0,0,False,0,1,2,0,1853
0,unknown,RDD Process,0,0,False,2,0,1,-1,1854
1,unknown,IPC I/O Child,0,0,False,0,1,2,0,1855
0,unknown,gdbus,0,0,False,0,1,2,-1,1856
0,unknown,IPC I/O Child,0,0,False,0,1,1,-1,1857
0,unknown,cat,0,0,False,2,0,1,6,1858
0,unknown,Thread-199 (wor,0,0,False,0,1,2,0,1859
0,unknown,WRWorkerLP#1,0,0,False,0,1,1,-1,1860
0,unknown,python,1,1,True,2,3,1,-1,1861
0,unknown,Thread-62 (work,0,0,False,0,1,2,0,1862
0,unknown,kworker/5:1H,0,0,False,0,0,1,-1,1863
0,unknown,ibus-engine-sim,0,0,False,2,0,1,-1,1864
0,unknown,rcu_preempt,0,1,False,0,1,1,-1,1865
0,unknown,thermald,1,1,True,2,0,1,-1,1866
1,unknown,Thread-143 (_ha,0,0,False,0,1,2,-1,1867
0,unknown,Thread-48 (work,0,0,False,0,1,2,0,1868
0,unknown,Thread-150 (wor,0,0,False,0,1,2,0,1869
0,unknown,Thread-202 (wor,0,0,False,0,1,2,0,1870
0,unknown,snapd,0,0,False,0,1,2,0,1871
0,unknown,Thread-66 (_han,0,0,False,0,1,2,0,1872
0,unknown,IPC I/O Parent,0,0,False,0,1,1,-1,1873
0,unknown,sh,0,0,False,0,1,1,-1,1874
0,unknown,Thread-21 (_han,0,0,False,0,1,2,0,1876
0,unknown,cpuUsage.sh,0,0,False,2,0,1,-1,1877
2,unknown,python,1,0,False,2,0,1,-1,1878
0,unknown,Thread-78 (work,0,0,False,0,1,2,0,1879
1,unknown,V8Worker,0,0,False,0,1,2,-1,1880
0,unknown,sh,0,0,False,2,0,1,-1,1881
0,unknown,Thread-28 (work,0,0,False,0,1,2,0,1882
0,unknown,Thread-193 (wor,0,0,False,0,1,2,0,1883
0,unknown,TaskCon~ller #1,0,0,False,0,1,2,-1,1885
0,unknown,TaskCon~ller #0,0,0,False,0,1,2,22,1886
0,unknown,JS Watchdog,0,0,False,0,1,2,0,1887
0,unknown,JS Helper,0,0,False,0,1,2,0,1888
0,unknown,FSBroker6067,0,0,False,0,1,2,0,1889
0,unknown,hwrng,0,0,False,0,1,2,-1,1890
0,unknown,Chrome_ChildIOT,0,0,False,0,1,2,-1,1891
0,unknown,Indexed~IO #251,0,0,False,0,1,2,0,1892
0,unknown,Thread-16 (work,0,0,False,0,1,2,0,1893
1,unknown,Thread-156 (wor,0,0,False,0,1,2,-1,1894
0,unknown,Thread-4 (worke,0,0,False,0,1,2,0,1895
0,unknown,StreamTrans #50,0,0,False,0,1,2,-1,1896
0,unknown,Thread-36 (work,0,0,False,0,1,2,0,1897
0,unknown,power-profiles-,0,0,False,2,0,1,-1,1898
0,unknown,cat,0,0,False,2,0,1,-1,1899
0,unknown,Thread-13 (work,0,0,False,0,1,2,0,1900
0,unknown,Thread-74 (work,0,0,False,0,1,2,0,1901
0,unknown,sudo,0,0,False,0,0,2,-1,1902
0,unknown,DNS Res~er #515,0,0,False,0,1,2,0,1903
0,unknown,RemVidChild,0,0,False,0,1,1,10,1904
0,unknown,cat,0,0,False,2,0,1,6,1905
0,unknown,Thread-29 (work,0,0,False,0,1,2,0,1906
0,unknown,Isolated Web Co,1,0,False,2,0,1,-1,1907
0,unknown,Thread-59 (work,0,0,False,0,1,2,0,1908
0,unknown,libuv-worker,0,0,False,0,1,2,0,1909
0,unknown,Isolated Servic,0,0,False,2,0,1,-1,1910
0,unknown,which,0,0,False,2,0,1,-1,1911
1,unknown,Thread-155 (wor,0,0,False,0,1,2,-1,1912
0,unknown,cpuUsage.sh,0,0,False,2,0,1,-1,1913
0,unknown,Thread-55 (_han,0,0,False,0,1,2,-1,1914
0,unknown,pet,0,0,False,0,1,1,10,1915
0,unknown,Thread-28 (work,0,0,False,0,1,2,0,1916
0,unknown,kworker/1:2,0,0,False,0,1,2,-1,1917
0,unknown,StreamT~ns #632,0,0,False,0,1,2,0,1918
0,unknown,StreamT~ns #632,0,0,False,0,1,2,-1,1919
0,unknown,bash,0,1,False,2,0,1,-1,1920
0,unknown,Thread-215 (wor,0,0,False,0,1,2,0,1921
0,unknown,pet,0,0,False,0,1,1,10,1923
0,unknown,WorkerThread,0,0,False,0,1,2,0,1924
1,unknown,TaskCon~ller #6,0,0,False,0,1,2,0,1925
0,unknown,Thread-45 (work,0,0,False,0,1,2,0,1926
0,unknown,systemd-journal,0,0,False,2,0,1,-1,1927
2,unknown,cpuUsage.sh,1,0,False,2,0,1,-1,1928
0,unknown,IPC I/O Child,0,0,False,0,1,1,-1,1929
0,unknown,ThreadPoolForeg,0,0,False,0,1,2,-1,1930
1,unknown,libuv-worker,0,0,False,0,1,2,0,1931
0,unknown,Thread-8 (worke,0,0,False,0,1,2,0,1932
0,unknown,nv_queue,0,1,False,0,0,2,-1,1933
0,unknown,JS Helper,0,0,False,0,1,2,0,1934
0,unknown,sqldb:c~lite #3,0,0,False,0,1,2,0,1935
0,unknown,cat,0,0,False,2,0,1,6,1936
0,unknown,Thread-101 (wor,0,0,False,0,1,2,0,1937
0,unknown,StyleThread#2,0,0,False,0,1,2,-1,1938
0,unknown,ksoftirqd/4,0,1,False,0,1,2,-1,1939
0,unknown,HTML5 Parser,0,0,False,0,1,2,0,1940
0,unknown,firefo:traceq0,0,0,False,0,1,2,8,1941
0,unknown,gvfs-afc-volume,0,0,False,0,1,2,0,1942
0,unknown,Timer,0,0,False,0,1,2,19,1943
0,unknown,code,1,0,False,2,3,1,-1,1944
0,unknown,Chrome_ChildIOT,0,0,False,0,1,2,0,1945
0,unknown,Thread-44 (_han,0,0,False,0,1,2,0,1946
0,unknown,Thread-21 (_han,0,0,False,0,1,2,0,1947
0,unknown,cat,0,0,False,2,0,1,-1,1948
0,unknown,StreamTrans #31,0,0,False,0,1,1,-1,1949
0,unknown,sed,0,0,False,2,0,1,-1,1950
0,unknown,HTML5 Parser,0,0,False,0,1,1,10,1951
0,unknown,Thread-68 (work,0,0,False,0,1,2,0,1952
0,unknown,cat,0,0,False,2,0,1,4,1953
0,unknown,gly-rayon-5,0,0,False,0,1,1,10,1954
0,unknown,FSBroker21724,0,0,False,0,1,2,0,1955
0,unknown,which,0,0,False,2,0,1,-1,1956
1,unknown,ProcessHangMon,0,0,False,0,1,2,0,1957
0,unknown,python,1,0,False,2,0,1,-1,1958
0,unknown,rtkit-daemon,0,0,False,2,0,1,-1,1959
1,unknown,IPC I/O Child,0,0,False,0,1,2,0,1960
0,unknown,Thread-6 (worke,0,0,False,0,1,2,0,1961
0,unknown,StyleThread#5,0,0,False,0,1,2,-1,1962
1,unknown,libuv-worker,0,0,False,0,1,2,0,1964
0,unknown,WRWorker#2,0,0,False,0,1,2,-1,1965
1,unknown,Priority Queue ,0,0,False,0,1,2,-1,1966
0,unknown,WRRende~ckend#1,0,0,False,0,1,1,-1,1967
0,unknown,sudo,1,0,False,2,0,1,-1,1968
0,unknown,Thread-106 (wor,0,0,False,0,1,2,0,1969
0,unknown,Thread-216 (wor,0,0,False,0,1,2,0,1970
0,unknown,sh,0,0,False,2,0,1,-1,1971
0,unknown,ps,1,0,False,2,0,1,-1,1972
0,unknown,git,0,1,False,2,0,1,-1,1973
0,unknown,Thread-98 (_han,0,0,False,0,1,2,0,1974
2,unknown,Thread-156 (wor,0,0,False,0,1,2,-1,1975
0,unknown,Thread-14 (work,0,0,False,0,1,2,0,1976
0,unknown,Thread-125 (wor,0,0,False,0,1,2,-1,1977
0,unknown,cat,0,0,False,2,0,1,6,1978
0,unknown,gdbus,0,0,False,0,1,2,0,1979
0,unknown,DNS Res~er #522,0,0,False,0,1,2,0,1980
0,unknown,V8Worker,0,0,False,0,1,2,0,1981
0,unknown,sh,0,1,False,2,0,1,-1,1982
0,unknown,Chrome_ChildIOT,0,0,False,0,1,2,0,1983
0,unknown,Thread-92 (work,0,0,False,0,1,2,0,1984
0,unknown,sudo,0,0,False,2,0,1,-1,1985
0,unknown,code,1,0,False,2,3,1,-1,1986
0,unknown,sqldb:c~lite #9,0,0,False,0,1,2,0,1987
0,unknown,Thread-10 (_han,0,0,False,0,1,2,0,1988
2,unknown,IPC I/O Child,0,0,False,0,1,2,0,1989
0,unknown,cpuUsage.sh,0,0,False,2,0,1,-1,1990
0,unknown,unix_chkpwd,0,0,False,2,0,1,-1,1991
0,unknown,cpuUsage.sh,0,0,False,2,0,1,-1,1992
0,unknown,TaskCon~ller #2,0,0,False,0,1,2,0,1993
0,unknown,sudo,1,1,True,2,0,1,-1,1994
0,unknown,Thread-1 (worke,0,0,False,0,1,2,0,1995
0,unknown,cat,0,0,False,2,0,1,4,1996
0,unknown,Thread-71 (work,0,0,False,0,1,2,0,1997
0,unknown,code,1,1,True,2,3,1,-1,1998
0,unknown,bash,0,1,False,2,0,1,-1,1999
0,unknown,gdbus,0,0,False,0,1,2,0,2000
0,unknown,Thread-11 (_han,0,1,False,0,1,2,0,2001
0,unknown,Thread-47 (work,0,0,False,0,1,2,0,2002
0,unknown,IPC I/O Child,0,0,False,0,1,2,0,2003
0,unknown,code,0,1,False,2,0,1,-1,2004
0,unknown,StyleThread#2,0,0,False,0,1,1,-1,2005
0,unknown,Thread-88 (_han,0,0,False,0,1,2,0,2006
0,unknown,Thread-34 (work,0,0,False,0,1,2,0,2007
0,unknown,cat,0,0,False,2,0,1,4,2008
0,unknown,git,0,0,False,2,0,1,-1,2009
0,unknown,code,0,0,False,2,0,1,-1,2010
1,unknown,gmain,0,0,False,0,1,2,0,2011
0,unknown,Thread-94 (work,0,0,False,0,1,2,0,2012
0,unknown,TaskCon~ller #0,0,0,False,0,1,2,0,2013
0,unknown,Thread-134 (wor,0,0,False,0,1,2,5,2014
0,unknown,bpftool,0,0,False,2,0,1,-1,2015
0,unknown,cat,0,0,False,2,0,1,6,2016
0,unknown,Thread-82 (work,0,0,False,0,1,2,0,2017
0,unknown,cpuUsage.sh,0,0,False,2,0,1,-1,2018
0,unknown,WRWorkerLP#0,0,0,False,0,1,1,-1,2019
0,unknown,sed,0,0,False,2,0,1,20,2020
0,unknown,cat,0,0,False,2,0,1,6,2021
0,unknown,gdbus,0,0,False,0,1,2,0,2022
0,unknown,Thread-1 (worke,0,0,False,0,1,2,0,2023
1,unknown,WRWorkerLP#6,0,0,False,0,1,1,-1,2024
2,unknown,cpuUsage.sh,0,0,False,2,0,1,18,2025
1,unknown,Thread-126 (wor,0,0,False,0,1,2,0,2026
0,unknown,sqldb:c~lite #9,0,0,False,0,1,2,0,2027
0,unknown,code,0,0,False,0,1,2,-1,2028
0,unknown,TaskCon~ller #7,0,0,False,0,1,2,0,2029
2,unknown,Thread-159 (wor,0,0,False,0,1,2,-1,2030
0,unknown,cat,0,1,False,2,0,1,-1,2031
0,unknown,bpftool,0,1,False,2,0,1,-1,2032
0,unknown,code,0,0,False,0,1,2,0,2033
0,unknown,sh,0,0,False,2,0,1,-1,2034
0,unknown,gdbus,0,0,False,0,1,2,0,2035
0,unknown,Thread-7 (worke,0,0,False,0,1,2,0,2036
0,unknown,StreamTrans #52,0,0,False,0,1,2,-1,2037
0,unknown,StyleThread#1,0,0,False,0,1,2,0,2038
0,unknown,gdbus,0,0,False,0,1,2,0,2039
0,unknown,Thread-42 (_han,0,0,False,0,1,2,-1,2040
0,unknown,sleep,0,0,False,2,0,1,-1,2041
2,unknown,cpuUsage.sh,0,0,False,2,0,1,-1,2042
1,unknown,WebExtensions,0,0,False,2,0,1,-1,2043
0,unknown,StreamT~ns #624,0,0,False,0,1,2,0,2044
0,unknown,Thread-46 (work,0,0,False,0,1,2,0,2045
0,unknown,cpuUsage.sh,0,1,False,2,0,1,-1,2046
0,unknown,pool-spawner,0,0,False,0,1,2,0,2047
0,unknown,DelayedTaskSche,0,0,False,0,1,2,0,2048
0,unknown,pet,0,0,False,0,1,2,8,2049
0,unknown,Thread-22 (_han,0,0,False,0,1,2,0,2050
0,unknown,Thread-16 (work,0,0,False,0,1,2,0,2051
0,unknown,cpuUsage.sh,0,0,False,2,0,1,9,2052
0,unknown,JS Helper,0,0,False,0,1,2,0,2053
0,unknown,Thread-93 (work,0,0,False,0,1,2,0,2054
0,unknown,cat,0,0,False,2,0,1,-1,2055
0,unknown,Thread-98 (_han,0,0,False,0,1,2,0,2056
0,unknown,DOM Worker,0,0,False,0,1,2,-1,2057
0,unknown,Thread-58 (work,0,0,False,0,1,2,0,2058
0,unknown,gmain,0,0,False,0,1,2,0,2059
0,unknown,WRScene~ilder#1,0,0,False,0,1,2,-1,2060
1,unknown,V8Worker,0,0,False,0,1,2,-1,2061
0,unknown,python,0,0,False,0,1,1,-1,2062
0,unknown,bpftool,1,0,False,2,0,1,-1,2063
0,unknown,JS Helper,0,0,False,0,1,2,0,2064
0,unknown,StreamTrans #53,0,0,False,0,1,2,0,2065
0,unknown,IPC I/O Child,0,0,False,0,1,2,8,2066
0,unknown,ImageBridgeChld,0,1,False,0,1,1,-1,2067
0,unknown,Thread-24 (work,0,0,False,0,1,2,0,2068
0,unknown,gmain,0,0,False,0,1,2,0,2069
0,unknown,python,1,1,True,2,0,1,-1,2070
1,unknown,Thread-153 (_ha,0,0,False,0,1,2,-1,2071
0,unknown,Thread-17 (work,0,0,False,0,1,2,0,2072
0,unknown,kworker/u32:3,0,1,False,2,0,1,-1,2073
1,unknown,Thread-35 (work,0,0,False,0,1,2,0,2074
0,unknown,Backgro~Pool #1,0,0,False,0,1,2,-1,2075
0,unknown,TaskCon~ller #0,0,0,False,0,1,2,0,2076
0,unknown,Timer,0,0,False,0,1,2,0,2077
0,unknown,Thread-60 (work,0,0,False,0,1,2,0,2078
0,unknown,Timer,0,0,False,0,1,2,22,2079
0,unknown,Thread-63 (work,0,0,False,0,1,2,-1,2080
0,unknown,pool-spawner,0,0,False,0,1,2,0,2081
0,unknown,Backgro~Pool #3,0,0,False,0,1,2,-1,2082
0,unknown,Thread-52 (work,0,0,False,0,1,2,0,2083
0,unknown,WRScene~derLP#1,0,1,False,0,1,2,-1,2084
0,unknown,Chrome_ChildIOT,0,0,False,0,1,2,0,2085
1,unknown,sh,0,0,False,2,0,1,-1,2086
1,unknown,Thread-148 (wor,0,0,False,0,1,2,-1,2087
0,unknown,Thread-2 (worke,0,0,False,0,1,2,0,2088
0,unknown,Backgro~Pool #3,0,0,False,0,1,2,0,2089
0,unknown,pet,0,0,False,0,1,1,-1,2090
0,unknown,Thread-29 (work,0,0,False,0,1,2,0,2091
0,unknown,cat,0,0,False,2,0,1,4,2092
0,unknown,Thread-24 (work,0,0,False,0,1,2,0,2093
0,unknown,cat,0,0,False,2,0,1,6,2094
0,unknown,thermald,0,0,False,0,1,2,-1,2095
0,unknown,Thread-220 (_ha,0,0,False,0,1,2,0,2096
0,unknown,V8Worker,0,0,False,0,1,2,-1,2097
0,unknown,TaskCon~ller #2,0,0,False,0,1,2,0,2098
0,unknown,StreamTrans #51,0,0,False,0,1,2,0,2099
0,unknown,IPC I/O Child,0,0,False,0,1,2,0,2100
0,unknown,pet,0,0,False,0,1,1,10,2101
0,unknown,sh,0,0,False,2,0,1,-1,2102
0,unknown,Thread-205 (wor,0,0,False,0,1,2,0,2103
0,unknown,Timer,0,0,False,0,1,2,0,2105
1,unknown,Thread-154 (_ha,0,0,False,0,1,2,0,2106
0,unknown,Thread-39 (work,0,0,False,0,1,2,0,2107
0,unknown,JS Helper,0,1,False,0,1,2,-1,2108
0,unknown,Thread-90 (work,0,0,False,0,1,2,0,2109
0,unknown,Chrome_ChildIOT,0,0,False,0,1,2,0,2110
0,unknown,Task Runner for,0,0,False,0,1,2,-1,2111
0,unknown,code,0,0,False,0,1,2,0,2112
0,unknown,sh,0,1,False,2,0,1,-1,2113
0,unknown,Thread-88 (_han,0,0,False,0,1,2,0,2114
0,unknown,cpuUsage.sh,0,0,False,2,0,1,9,2115
0,unknown,git,0,1,False,2,0,1,-1,2116
0,unknown,sh,0,1,False,2,0,1,-1,2117
0,unknown,Thread-192 (wor,0,0,False,0,1,2,-1,2118
0,unknown,Thread-36 (work,0,0,False,0,1,2,0,2119
0,unknown,cpuUsage.sh,0,1,False,2,0,1,-1,2120
0,unknown,V8Worker,0,0,False,0,1,2,0,2121
0,unknown,Mutter Input Th,0,0,False,0,1,1,-1,2122
0,unknown,WRScene~ilder#1,0,0,False,0,1,2,-1,2123
0,unknown,Socket Thread,0,0,False,0,1,2,-1,2124
0,unknown,Thread-211 (wor,0,0,False,0,1,2,0,2125
0,unknown,Thread-12 (work,0,0,False,0,1,2,0,2126
0,unknown,Thread-83 (work,0,0,False,0,1,2,0,2127
0,unknown,ThreadPoolForeg,0,0,False,0,1,2,-1,2128
0,unknown,python,1,1,True,2,3,1,-1,2130
0,unknown,cat,0,0,False,2,0,1,-1,2132
0,unknown,systemd-logind,0,0,False,2,0,1,-1,2133
0,unknown,cat,0,0,False,2,0,1,6,2134
0,unknown,kworker/u32:0,1,0,False,2,0,1,-1,2135
0,unknown,evolution-alarm,0,1,False,2,0,1,-1,2136
0,unknown,WaylandProxy,0,0,False,0,1,1,-1,2137
0,unknown,async-io,0,0,False,0,1,2,0,2138
0,unknown,libuv-worker,0,0,False,0,1,2,0,2139
0,unknown,Thread-68 (work,0,0,False,0,1,2,0,2140
0,unknown,kworker/u33:1,1,1,True,0,3,1,-1,2141
0,unknown,pool-93,0,0,False,0,1,2,14,2142
0,unknown,TaskCon~ller #4,0,0,False,0,1,2,0,2143
0,unknown,pet,0,0,False,0,1,2,5,2144
0,unknown,Thread-34 (work,0,0,False,0,1,2,0,2145
0,unknown,zbus::Connectio,0,0,False,0,1,1,10,2146
0,unknown,IPC I/O Child,0,0,False,0,1,2,-1,2147
0,unknown,cat,0,0,False,2,0,1,4,2148
0,unknown,journal-offline,0,0,False,0,1,2,0,2149
1,unknown,xdg-document-po,0,0,False,2,0,1,-1,2150
0,unknown,Thread-144 (wor,0,0,False,0,1,2,-1,2151
0,unknown,NetworkManager,1,0,False,2,0,1,-1,2152
0,unknown,code,1,1,True,2,3,1,-1,2153
0,unknown,sudo,0,0,False,0,0,1,-1,2154
0,unknown,sed,0,0,False,2,0,1,16,2155
0,unknown,cpuUsage.sh,0,0,False,2,0,1,-1,2156
0,unknown,hwrng,0,0,False,0,1,2,-1,2157
2,unknown,bpftool,1,0,False,2,0,1,-1,2158
1,unknown,Thread-133 (wor,0,0,False,0,1,2,0,2159
0,unknown,TaskCon~ller #7,0,0,False,0,1,2,0,2160
0,unknown,sed,0,0,False,2,0,1,16,2161
0,unknown,StreamT~ns #631,0,0,False,0,1,2,0,2162
0,unknown,libuv-worker,0,0,False,0,1,2,-1,2163
0,unknown,sed,0,0,False,2,0,1,16,2164
1,unknown,Thread-163 (_ha,0,0,False,0,1,2,-1,2165
0,unknown,KMS thread,0,0,False,0,3,1,-1,2166
0,unknown,IPC I/O Child,0,0,False,0,1,2,0,2167
0,unknown,StreamT~ns #633,0,0,False,0,1,2,-1,2168
0,unknown,wireplumber,0,0,False,2,0,1,-1,2169
0,unknown,pet,0,0,False,0,1,1,10,2170
0,unknown,sh,0,0,False,2,0,1,-1,2171
0,unknown,Thread-19 (work,0,0,False,0,1,2,0,2172
0,unknown,Mutter Input Th,0,0,False,0,3,1,-1,2173
0,unknown,Thread-89 (work,0,0,False,0,1,2,0,2174
0,unknown,migration/6,0,1,False,0,1,2,0,2175
0,unknown,update-notifier,0,0,False,2,0,1,-1,2176
0,unknown,mutter-x11-fram,1,1,True,2,0,1,-1,2177
0,unknown,StreamT~ns #209,0,0,False,0,1,2,-1,2178
0,unknown,TaskCon~ller #2,0,0,False,0,1,2,-1,2179
1,unknown,RemoteLzyStream,0,0,False,0,1,2,-1,2180
0,unknown,git,0,1,False,2,0,1,-1,2181
0,unknown,StreamTrans #55,0,0,False,0,1,2,0,2182
0,unknown,Thread-15 (work,0,0,False,0,1,2,0,2183
0,unknown,TaskCon~ller #1,0,0,False,0,1,2,0,2184
0,unknown,git,0,0,False,2,0,1,-1,2185
0,unknown,Thread-2 (worke,0,0,False,0,1,2,0,2186
0,unknown,bwrap,0,0,False,0,1,1,-1,2187
0,unknown,xdg-desktop-por,0,0,False,2,0,1,-1,2188
0,unknown,Thread-103 (wor,0,0,False,0,1,2,0,2189
1,unknown,WRWorkerLP#4,0,0,False,0,1,1,-1,2190
0,unknown,Thread-216 (wor,0,0,False,0,1,2,0,2191
1,unknown,WRWorker#1,0,1,False,0,1,2,-1,2192
0,unknown,Chrome_ChildIOT,0,0,False,0,1,1,-1,2193
0,unknown,gsd-housekeepin,0,0,False,2,0,1,-1,2194
0,unknown,Thread-94 (work,0,0,False,0,1,2,0,2195
0,unknown,CompositorTileW,0,0,False,0,1,2,0,2196
0,unknown,ThreadPoolForeg,0,0,False,0,1,2,0,2197
0,unknown,bash,0,0,False,2,0,1,-1,2198
1,unknown,Thread-195 (wor,0,0,False,0,1,2,0,2199
0,unknown,Thread-35 (work,0,0,False,0,1,2,0,2200
0,unknown,JS Helper,0,0,False,0,1,2,0,2201
0,unknown,cpuUsage.sh,0,1,False,2,0,1,-1,2202
0,unknown,Chrome_ChildIOT,0,0,False,0,1,2,-1,2204
0,unknown,sh,0,0,False,2,1,1,-1,2205
0,unknown,firefox:gdrv0,0,0,False,0,1,2,-1,2206
0,unknown,Thread-98 (_han,0,0,False,0,1,2,0,2207
1,unknown,QuotaManager IO,0,0,False,0,1,2,0,2208
0,unknown,Thread-18 (work,0,0,False,0,1,2,0,2209
0,unknown,cpuUsage.sh,0,0,False,2,0,1,15,2210
0,unknown,Thread-25 (work,0,0,False,0,1,2,0,2211
1,unknown,Thread-121 (_ha,0,0,False,0,1,2,-1,2212
0,unknown,gsd-housekeepin,0,0,False,2,0,1,-1,2213
0,unknown,WRWorkerLP#1,0,0,False,0,1,1,-1,2214
0,unknown,sed,0,0,False,2,0,1,-1,2215
1,unknown,sleep,1,0,False,2,0,1,-1,2216
0,unknown,cpuUsage.sh,0,0,False,2,0,1,-1,2217
1,unknown,Thread-181 (wor,0,0,False,0,1,2,0,2218
0,unknown,Compositor,0,0,False,0,3,1,-1,2219
0,unknown,Timer,0,0,False,0,1,2,0,2220
0,unknown,pet,0,0,False,0,1,1,-1,2221
0,unknown,libuv-worker,0,0,False,0,1,2,0,2222
0,unknown,IPC I/O Child,0,0,False,0,1,2,0,2223
0,unknown,Thread-106 (wor,0,0,False,0,1,2,0,2224
0,unknown,Thread-5 (worke,0,0,False,0,1,2,0,2225
0,unknown,Thread-81 (work,0,0,False,0,1,2,0,2226
0,unknown,Thread-36 (work,0,0,False,0,1,2,0,2227
0,unknown,systemd-resolve,0,0,False,2,0,1,-1,2228
0,unknown,Thread-192 (wor,0,0,False,0,1,2,-1,2229
0,unknown,pet,0,0,False,0,1,1,-1,2230
0,unknown,Thread-88 (_han,0,0,False,0,1,2,0,2231
0,unknown,Thread-77 (_han,0,0,False,0,1,2,0,2232
0,unknown,kworker/u33:0,0,0,False,0,0,1,-1,2233
0,unknown,TaskCon~ller #3,0,0,False,0,1,2,0,2234
0,unknown,DelayedTaskSche,0,0,False,0,1,2,0,2235
0,unknown,gdbus,0,0,False,0,1,2,0,2236
0,unknown,python,1,1,True,2,3,1,-1,2237
0,unknown,code,0,1,False,0,1,2,-1,2238
1,unknown,cpuUsage.sh,0,0,False,0,1,1,7,2239
0,unknown,gsd-sharing,0,0,False,2,0,1,-1,2240
0,unknown,Thread-67 (work,0,0,False,0,1,2,0,2241
0,unknown,python,1,1,True,2,3,1,-1,2242
0,unknown,StreamT~ns #624,0,1,False,0,1,1,-1,2243
0,unknown,Thread-11 (_han,0,0,False,0,1,2,0,2244
0,unknown,code,0,0,False,0,1,2,0,2245
0,unknown,Thread-14 (work,0,0,False,0,1,2,0,2246
0,unknown,Thread-44 (_han,0,0,False,0,1,2,0,2247
0,unknown,Timer,0,0,False,0,1,2,19,2248
0,unknown,cpuUsage.sh,0,0,False,2,0,1,-1,2250
0,unknown,snapd,0,0,False,0,1,2,0,2251
1,unknown,libuv-worker,0,0,False,0,1,2,0,2252
0,unknown,pool-spawner,0,0,False,0,1,2,0,2253
1,unknown,Thread-46 (work,0,0,False,0,1,2,-1,2254
0,unknown,bpftool,0,0,False,2,0,1,-1,2255
0,unknown,DNS Res~er #514,0,0,False,0,1,2,0,2256
0,unknown,TaskCon~ller #7,0,0,False,0,1,2,0,2257
1,unknown,code,1,0,False,2,0,1,-1,2258
0,unknown,gmain,0,0,False,0,1,2,0,2259
0,unknown,StyleThread#5,0,0,False,0,1,2,-1,2260
0,unknown,Timer,0,0,False,0,1,2,19,2261
0,unknown,Chrome_ChildIOT,0,0,False,0,1,1,-1,2262
0,unknown,python,0,0,False,0,1,1,-1,2263
1,unknown,StyleThread#4,0,0,False,0,1,2,-1,2264
1,unknown,Web Content,0,0,False,2,0,1,-1,2265
0,unknown,Thread-48 (work,0,0,False,0,1,2,0,2266
0,unknown,TaskCon~ller #7,0,0,False,0,1,2,0,2267
0,unknown,IPC I/O Child,0,0,False,0,1,2,0,2268
0,unknown,cat,0,0,False,2,0,1,6,2269
0,unknown,migration/5,0,1,False,0,1,2,0,2270
0,unknown,DedicatedWorker,0,0,False,0,1,2,-1,2271
0,unknown,bpftool,1,0,False,2,0,1,-1,2272
0,unknown,Thread-216 (wor,0,0,False,0,1,2,-1,2273
0,unknown,Thread-77 (_han,0,0,False,0,1,2,0,2274
0,unknown,MediaDe~ine #76,0,0,False,0,1,2,0,2275
0,unknown,cat,0,0,False,2,0,1,6,2276
1,unknown,Thread-198 (_ha,0,0,False,0,1,2,0,2277
0,unknown,zbus::Connectio,0,0,False,0,1,2,0,2278
0,unknown,cpuUsage.sh,0,0,False,2,0,1,15,2279
1,unknown,Thread-171 (wor,0,0,False,0,1,2,-1,2280
0,unknown,Thread-25 (work,0,0,False,0,1,2,0,2281
0,unknown,IPC I/O Child,0,0,False,0,1,2,0,2282
0,unknown,Thread-137 (wor,0,0,False,0,1,2,-1,2283
0,unknown,VizCompositorTh,0,0,False,0,1,1,-1,2285
0,unknown,which,0,0,False,2,0,1,-1,2286
0,unknown,sh,0,0,False,2,0,1,1,2287
0,unknown,libuv-worker,0,0,False,0,1,2,0,2288
0,unknown,Thread-182 (wor,0,0,False,0,1,2,0,2289
0,unknown,Thread-22 (_han,0,0,False,0,1,2,0,2290
0,unknown,sh,0,1,False,2,0,1,-1,2291
1,unknown,StreamT~ns #636,0,1,False,0,1,2,-1,2292
0,unknown,Thread-54 (_han,0,0,False,0,1,2,0,2293
0,unknown,Thread-39 (work,0,0,False,0,1,2,0,2294
1,unknown,Thread-140 (wor,0,0,False,0,1,2,-1,2295
2,unknown,Thread-155 (wor,0,0,False,0,1,2,-1,2296
0,unknown,Thread-90 (work,0,0,False,0,1,2,0,2297
0,unknown,cpuUsage.sh,0,0,False,2,0,1,9,2298
0,unknown,ksoftirqd/0,0,1,False,0,1,2,-1,2299
0,unknown,cat,0,0,False,2,0,1,21,2300
0,unknown,sh,0,1,False,2,0,1,-1,2301
0,unknown,sh,0,0,False,2,0,1,-1,2302
0,unknown,Thread-101 (wor,0,0,False,0,1,2,0,2303
0,unknown,cpuUsage.sh,0,1,False,2,0,1,-1,2304
0,unknown,code,0,0,False,0,1,2,-1,2305
0,unknown,JS Watchdog,0,0,False,0,1,2,0,2306
0,unknown,gmain,0,0,False,0,1,2,0,2307
0,unknown,ThreadPoolSingl,0,0,False,0,1,2,0,2308
0,unknown,Thread-208 (_ha,0,1,False,0,1,2,0,2309
0,unknown,JS Helper,0,0,False,0,1,2,0,2310
0,unknown,bash,0,0,False,2,0,1,-1,2311
0,unknown,Socket Thread,0,0,False,0,1,2,0,2312
0,unknown,WRWorkerLP#2,0,0,False,0,1,1,-1,2313
0,unknown,kcompactd0,0,0,False,0,0,2,-1,2314
0,unknown,gly-rayon-3,0,0,False,0,1,2,8,2315
0,unknown,gdbus,0,0,False,0,1,2,0,2316
0,unknown,Thread-213 (wor,0,0,False,0,1,2,0,2317
0,unknown,gmain,0,0,False,0,1,2,0,2318
0,unknown,VizCompositorTh,0,0,False,0,1,1,-1,2319
0,unknown,IPC I/O Child,0,0,False,0,1,2,0,2320
0,unknown,Thread-4 (worke,0,0,False,0,1,2,0,2321
0,unknown,cpuUsage.sh,0,0,False,2,0,1,-1,2322
1,unknown,Thread-121 (_ha,0,1,False,0,1,2,-1,2323
0,unknown,pet,0,0,False,0,1,1,-1,2324
0,unknown,sed,0,0,False,2,0,1,16,2325
0,unknown,StyleThread#2,0,0,False,0,1,2,0,2326
0,unknown,gdbus,0,0,False,0,1,2,0,2327
0,unknown,Thread-26 (work,0,0,False,0,1,2,0,2328
0,unknown,Isolated Web Co,0,0,False,2,0,1,-1,2329
0,unknown,Thread-5 (worke,0,0,False,0,1,2,0,2330
0,unknown,sh,0,0,False,2,0,1,-1,2331
0,unknown,V8Worker,0,1,False,0,1,2,0,2332
0,unknown,snapd,0,0,False,0,1,2,0,2333
0,unknown,libuv-worker,0,0,False,0,1,2,-1,2334
0,unknown,cat,0,0,False,2,0,1,4,2335
0,unknown,sh,0,0,False,0,1,1,-1,2336
0,unknown,wireplumber,0,0,False,2,0,1,-1,2338
0,unknown,JS Watchdog,0,0,False,0,1,2,0,2339
0,unknown,Thread-73 (work,0,0,False,0,1,2,0,2340
0,unknown,sqldb:c~lite #3,0,0,False,0,1,2,0,2341
1,unknown,code,1,0,False,2,0,1,-1,2342
1,unknown,xdg-desktop-por,1,0,False,2,0,1,-1,2343
0,unknown,Thread-6 (worke,0,0,False,0,1,2,0,2344
1,unknown,DOM Worker,0,0,False,0,1,2,0,2346
0,unknown,code,0,0,False,0,1,1,-1,2347
0,unknown,ThreadPoolForeg,0,0,False,0,1,2,-1,2348
1,unknown,Thread-47 (work,0,0,False,0,1,2,0,2349
0,unknown,libuv-worker,0,0,False,0,1,2,0,2350
0,unknown,NetworkManager,0,0,False,2,0,1,-1,2351
0,unknown,TaskCon~ller #1,0,0,False,0,1,2,0,2352
0,unknown,sudo,0,0,False,0,0,1,-1,2353
0,unknown,Thread-189 (wor,0,0,False,0,1,2,-1,2354
0,unknown,JS Watchdog,0,0,False,0,1,2,0,2355
0,unknown,Thread-101 (wor,0,0,False,0,1,2,0,2356
0,unknown,TaskCon~ller #2,0,0,False,0,1,2,0,2357
0,unknown,git,0,1,False,2,0,1,-1,2358
0,unknown,Thread-88 (_han,0,0,False,0,1,2,0,2359
0,unknown,gmain,0,0,False,0,1,2,0,2360
0,unknown,ProcessHangMon,0,0,False,0,1,2,0,2361
0,unknown,code,0,1,False,2,0,1,-1,2362
1,unknown,Thread-153 (_ha,0,0,False,0,1,2,0,2363
0,unknown,JS Helper,0,0,False,0,1,2,0,2364
0,unknown,Thread-36 (work,0,0,False,0,1,2,0,2365
0,unknown,Privileged Cont,1,0,False,2,0,1,-1,2366
0,unknown,Thread-3 (worke,0,0,False,0,1,2,0,2367
0,unknown,DNS Res~er #521,0,0,False,0,1,2,-1,2368
1,unknown,cpuUsage.sh,0,0,False,0,1,1,-1,2369
0,unknown,Socket Thread,0,0,False,0,1,2,-1,2370
0,unknown,IPDL Background,0,0,False,0,1,2,-1,2371
0,unknown,sed,0,0,False,2,0,1,-1,2372
0,unknown,thermald,0,0,False,0,1,2,-1,2373
1,unknown,Chrome_ChildIOT,0,0,False,0,1,2,0,2374
0,unknown,Timer,0,0,False,0,1,2,-1,2375
0,unknown,Thread-2 (worke,0,0,False,0,1,2,0,2376
0,unknown,gdbus,0,0,False,0,1,2,-1,2377
0,unknown,(whoopsie-uplo),0,1,False,2,0,1,-1,2378
0,unknown,Thread-13 (work,0,0,False,0,1,2,2,2379
1,unknown,ProcessHangMon,0,0,False,0,1,1,10,2380
0,unknown,Chrome_ChildIOT,0,0,False,0,1,1,-1,2381
0,unknown,Thread-8 (worke,0,0,False,0,1,2,0,2382
0,unknown,ProcessHangMon,0,0,False,0,1,2,0,2383
0,unknown,Thread-199 (wor,0,0,False,0,1,2,0,2384
0,unknown,systemd-oomd,1,1,True,2,0,1,-1,2385
0,unknown,libuv-worker,0,0,False,0,1,2,19,2386
0,unknown,pet,0,0,False,0,1,1,10,2387
0,unknown,Thread-56 (work,0,0,False,0,1,2,0,2388
0,unknown,Thread-14 (work,0,0,False,0,1,2,0,2389
0,unknown,Thread-13 (work,0,0,False,0,1,2,0,2390
0,unknown,cpuUsage.sh,0,1,False,2,0,1,18,2391
0,unknown,Thread-201 (wor,0,0,False,0,1,2,0,2392
0,unknown,firefox:gdrv0,0,0,False,0,1,2,0,2393
0,unknown,cpuUsage.sh,0,0,False,2,0,1,9,2394
0,unknown,WRWorkerLP#1,0,0,False,0,1,1,-1,2395
0,unknown,Thread-82 (work,0,0,False,0,1,2,0,2396
0,unknown,libuv-worker,0,0,False,0,1,2,0,2397
0,unknown,cpuUsage.sh,0,0,False,2,0,1,9,2398
0,unknown,Thread-105 (wor,0,0,False,0,1,2,-1,2399
0,unknown,sed,0,0,False,2,0,1,16,2400
0,unknown,Thread-83 (work,0,0,False,0,1,2,0,2401
0,unknown,TaskCon~ller #0,0,0,False,0,1,2,-1,2402
0,unknown,bash,0,0,False,2,0,1,-1,2403
0,unknown,git,0,1,False,2,0,1,-1,2404
0,unknown,sh,0,0,False,2,0,1,-1,2405
0,unknown,gmain,0,0,False,0,1,2,0,2406
0,unknown,Thread-218 (_ha,0,0,False,0,1,2,0,2407
0,unknown,pet,0,0,False,0,1,1,10,2408
0,unknown,ThreadPoolForeg,0,0,False,0,1,2,-1,2409
0,unknown,systemd-resolve,0,0,False,2,0,1,-1,2410
0,unknown,systemctl,0,0,False,2,0,1,-1,2411
2,unknown,Thread-165 (_ha,0,0,False,0,1,2,-1,2412
0,unknown,sleep,0,0,False,2,0,1,-1,2413
0,unknown,ThreadPoolSingl,0,0,False,0,1,2,0,2414
0,unknown,Thread-16 (work,0,0,False,0,1,2,0,2415
0,unknown,Thread-52 (work,0,0,False,0,1,2,0,2416
0,unknown,sh,0,0,False,0,1,1,-1,2417
0,unknown,sleep,0,0,False,2,0,1,-1,2418
0,unknown,Backgro~ool #28,0,1,False,0,1,2,0,2419
0,unknown,Timer,0,0,False,0,1,2,19,2420
0,unknown,Isolated Servic,1,1,True,2,0,0,-1,2421
0,unknown,V8Worker,0,0,False,0,1,2,0,2422
0,unknown,PerfettoTrace,0,0,False,0,1,2,0,2423
0,unknown,pet,0,0,False,0,1,1,10,2424
1,unknown,pet,0,0,False,0,1,2,0,2425
0,unknown,tokio-rt-worker,0,0,False,0,1,2,0,2426
0,unknown,libuv-worker,0,0,False,0,1,2,0,2427
0,unknown,Thread-10 (_han,0,0,False,0,1,2,0,2428
2,unknown,sudo,1,1,True,0,0,1,-1,2429
0,unknown,gdbus,0,1,False,0,1,1,-1,2430
0,unknown,gdbus,0,0,False,0,1,2,0,2431
0,unknown,AsyncSi~lThread,0,0,False,0,1,1,10,2432
0,unknown,StyleThread#3,0,0,False,0,1,2,-1,2433
0,unknown,Thread-19 (work,0,0,False,0,1,2,0,2434
0,unknown,Thread-3 (worke,0,0,False,0,1,2,0,2435
0,unknown,bash,0,0,False,2,0,1,-1,2436
0,unknown,Thread-46 (work,0,0,False,0,1,2,0,2437
0,unknown,Thread-110 (_ha,0,0,False,0,1,2,0,2438
0,unknown,cat,0,0,False,2,0,1,6,2439
1,unknown,Thread-117 (wor,0,0,False,0,1,2,-1,2440
0,unknown,kworker/7:1H,0,0,False,0,0,1,-1,2441
0,unknown,Thread-12 (work,0,0,False,0,1,2,0,2442
0,unknown,Thread-58 (work,0,0,False,0,1,2,0,2445
0,unknown,cpuUsage.sh,0,1,False,2,0,1,-1,2446
0,unknown,V8Worker,0,0,False,0,1,2,0,2447
0,unknown,snap,0,0,False,0,0,1,-1,2448
0,unknown,git,0,0,False,2,0,1,-1,2449
0,unknown,cat,0,0,False,2,0,1,4,2450
0,unknown,bash,0,1,False,2,0,1,-1,2451
0,unknown,V8Worker,0,0,False,0,1,2,-1,2452
0,unknown,V8Worker,0,0,False,0,1,2,-1,2453
0,unknown,Chrome_ChildIOT,0,0,False,0,1,2,-1,2454
0,unknown,pet,0,0,False,0,1,1,10,2455
0,unknown,Thread-7 (worke,0,0,False,0,1,2,0,2456
0,unknown,Thread-199 (wor,0,0,False,0,1,2,0,2457
0,unknown,pet,1,1,True,2,0,1,-1,2458
0,unknown,gdbus,0,0,False,0,1,2,0,2459
0,unknown,Thread-70 (work,0,0,False,0,1,2,0,2460
0,unknown,StreamT~ns #321,0,0,False,0,1,2,-1,2461
0,unknown,sh,0,0,False,2,0,1,1,2462
1,unknown,Thread-138 (wor,0,0,False,0,1,2,-1,2463
0,unknown,pool-90,0,0,False,0,1,2,0,2464
0,unknown,gmain,0,0,False,0,1,2,0,2465
0,unknown,MediaTimer #67,0,0,False,0,1,2,-1,2466
0,unknown,Thread-71 (work,0,0,False,0,1,2,0,2467
0,unknown,cpuUsage.sh,0,0,False,2,0,1,-1,2468
0,unknown,pet,0,0,False,0,1,1,-1,2469
0,unknown,which,0,0,False,2,0,1,-1,2470
1,unknown,nv_queue,0,1,False,0,0,2,-1,2471
0,unknown,StreamT~ns #621,0,0,False,0,1,2,0,2472
0,unknown,code,0,0,False,0,1,2,-1,2473
0,unknown,sed,0,0,False,2,0,1,-1,2474
0,unknown,ibus-daemon,0,0,False,2,0,1,-1,2475
0,unknown,gdbus,0,0,False,0,1,2,0,2476
3,unknown,cpuUsage.sh,0,0,False,0,1,1,-1,2477
0,unknown,Timer,0,0,False,0,1,2,-1,2478
0,unknown,sh,0,0,False,2,0,1,-1,2479
0,unknown,zbus::Connectio,0,0,False,0,1,1,10,2480
0,unknown,sed,0,0,False,2,0,1,20,2481
0,unknown,cpuUsage.sh,0,0,False,2,0,1,9,2482
0,unknown,FSBroker20917,0,0,False,0,1,1,10,2484
0,unknown,AudioIP~ver RPC,0,0,False,0,1,2,0,2485
0,unknown,Thread-103 (wor,0,0,False,0,1,2,-1,2486
0,unknown,Thread-46 (work,0,0,False,0,1,2,0,2487
0,unknown,wpa_supplicant,0,0,False,0,1,2,-1,2488
0,unknown,WRScene~derLP#1,0,1,False,0,1,2,-1,2489
1,unknown,Thread-139 (wor,0,0,False,0,1,2,-1,2490
1,unknown,DelayedTaskSche,0,0,False,0,1,2,0,2491
0,unknown,sh,0,0,False,2,0,1,-1,2492
0,unknown,WRScene~ilder#1,0,0,False,0,1,2,-1,2493
1,unknown,Thread-116 (wor,0,0,False,0,1,2,3,2494
0,unknown,Thread-4 (worke,0,0,False,0,1,2,0,2495
0,unknown,gvfs-afc-volume,0,0,False,0,1,2,0,2496
0,unknown,cat,0,1,False,2,0,1,-1,2497
1,unknown,Thread-136 (wor,0,0,False,0,1,2,17,2498
0,unknown,ThreadPoolForeg,0,0,False,0,1,2,-1,2499
0,unknown,cpuUsage.sh,0,0,False,2,0,1,-1,2500
0,unknown,cpuUsage.sh,0,0,False,2,0,1,9,2501
0,unknown,cat,0,0,False,2,0,1,6,2502
0,unknown,python,1,1,True,2,0,1,-1,2503
0,unknown,ThreadPoolForeg,0,0,False,0,1,2,0,2504
0,unknown,Thread-212 (wor,0,0,False,0,1,2,0,2505
0,unknown,Thread-40 (work,0,0,False,0,1,2,-1,2506
0,unknown,TaskCon~ller #0,0,0,False,0,1,2,-1,2507
0,unknown,libuv-worker,0,0,False,0,1,2,0,2508
0,unknown,Thread-94 (work,0,0,False,0,1,2,0,2509
0,unknown,Thread-200 (wor,0,0,False,0,1,2,0,2510
0,unknown,Thread-3 (worke,0,0,False,0,1,2,0,2511
0,unknown,cpuUsage.sh,0,0,False,2,0,1,-1,2512
1,unknown,JS Helper,0,0,False,0,1,2,0,2513
0,unknown,Priority Queue ,0,0,False,0,1,2,-1,2514
0,unknown,sh,0,1,False,2,0,1,-1,2515
0,unknown,sleep,0,0,False,0,1,1,-1,2516
0,unknown,sed,0,0,False,2,0,1,-1,2517
0,unknown,code,0,0,False,0,1,1,-1,2518
0,unknown,TikToken worker,0,0,False,0,1,2,-1,2519
0,unknown,bash,0,1,False,2,0,1,-1,2520
0,unknown,gsd-media-keys,0,0,False,0,0,1,-1,2521
1,unknown,code,0,0,False,0,1,2,0,2522
0,unknown,systemd,0,0,False,2,0,1,-1,2523
0,unknown,Thread-43 (_han,0,0,False,0,1,2,0,2524
1,unknown,systemd-journal,1,0,False,2,0,1,-1,2525
0,unknown,Socket Thread,0,0,False,0,1,2,-1,2526
0,unknown,Compositor,0,0,False,0,1,1,-1,2527
1,unknown,kworker/3:1,1,1,True,2,0,1,-1,2528
0,unknown,libuv-worker,0,0,False,0,1,2,0,2529
0,unknown,Thread-135 (wor,0,0,False,0,1,2,-1,2530
0,unknown,Thread-63 (work,0,0,False,0,1,2,0,2531
1,unknown,StreamTrans #70,0,0,False,0,1,2,-1,2532
0,unknown,ProfilerChild,0,0,False,0,1,2,0,2533
0,unknown,Thread-22 (_han,0,0,False,0,1,2,0,2534
0,unknown,Socket Thread,0,0,False,0,1,2,-1,2535
0,unknown,Chrome_IOThread,0,0,False,0,1,1,-1,2536
2,unknown,pet,0,0,False,0,1,2,5,2538
0,unknown,Thread-218 (_ha,0,0,False,0,1,2,-1,2539
0,unknown,libuv-worker,0,0,False,0,1,2,0,2540
0,unknown,pinner,0,0,False,0,1,2,0,2541
0,unknown,sh,0,0,False,2,0,1,1,2542
1,unknown,StreamT~ns #624,0,0,False,0,1,2,0,2543
0,unknown,JS Watchdog,0,1,False,0,1,2,0,2544
0,unknown,firefox,1,1,True,1,3,0,-1,2545
0,unknown,gnome-sh:gdrv0,0,0,False,0,1,2,0,2546
0,unknown,stress-ng-vm,0,0,False,0,1,2,0,2547
0,unknown,cat,0,0,False,2,0,1,6,2548
0,unknown,pet,0,0,False,0,1,1,-1,2549
0,unknown,git,0,1,False,2,0,1,-1,2550
0,unknown,Thread-12 (work,0,0,False,0,1,2,0,2551
1,unknown,V8Worker,0,0,False,0,1,2,-1,2552
0,unknown,WaylandProxy,0,0,False,0,1,1,-1,2553
0,unknown,Thread-5 (worke,0,0,False,0,1,2,0,2554
0,unknown,Thread-15 (work,0,0,False,0,1,2,0,2555
0,unknown,Thread-204 (wor,0,0,False,0,1,2,0,2556
0,unknown,V8Worker,0,0,False,0,1,2,-1,2557
0,unknown,ImageIO,0,0,False,0,1,2,0,2558
2,unknown,Thread-160 (wor,0,0,False,0,1,2,-1,2559
0,unknown,cpuUsage.sh,0,0,False,2,0,1,-1,2560
0,unknown,JS Helper,0,0,False,0,1,2,0,2561
0,unknown,Thread-199 (wor,0,0,False,0,1,2,-1,2562
0,unknown,Thread-13 (work,0,0,False,0,1,2,0,2563
0,unknown,kworker/u33:0,0,0,False,0,0,1,-1,2564
1,unknown,Thread-171 (wor,0,0,False,0,1,2,-1,2565
0,unknown,ps,1,1,True,2,0,1,-1,2566
0,unknown,cpuUsage.sh,0,0,False,2,0,1,15,2567
0,unknown,Timer,0,0,False,0,1,2,19,2568
0,unknown,DNS Res~er #516,0,0,False,0,1,2,0,2569
0,unknown,Web Content,0,0,False,2,0,1,-1,2570
0,unknown,sleep,0,0,False,2,0,1,-1,2571
0,unknown,Thread-82 (work,0,0,False,0,1,2,0,2572
0,unknown,gly-rayon-5,0,0,False,0,1,1,10,2573
0,unknown,Thread-23 (work,0,0,False,0,1,2,0,2574
0,unknown,sleep,0,0,False,2,0,1,-1,2575
0,unknown,StreamT~ns #207,0,0,False,0,1,2,-1,2576
1,unknown,Thread-51 (work,0,0,False,0,1,2,0,2577
0,unknown,code,1,0,False,2,3,1,-1,2578
0,unknown,Thread-67 (work,0,0,False,0,1,2,0,2579
0,unknown,lesspipe,0,1,False,2,0,1,-1,2580
1,unknown,WRWorkerLP#6,0,0,False,0,1,1,-1,2581
0,unknown,Thread-8 (worke,0,0,False,0,1,2,0,2582
0,unknown,Thread-40 (work,0,0,False,0,1,2,0,2583
1,unknown,Thread-3 (worke,0,0,False,0,1,2,0,2584
0,unknown,Thread-90 (work,0,0,False,0,1,2,0,2585
0,unknown,StreamTrans #53,0,0,False,0,1,2,0,2586
0,unknown,pet,0,0,False,0,1,2,11,2587
0,unknown,TaskCon~ller #1,0,0,False,0,1,2,0,2588
0,unknown,Thread-14 (work,0,0,False,0,1,2,0,2589
0,unknown,StyleThread#5,0,0,False,0,1,2,-1,2590
0,unknown,Thread-10 (_han,0,0,False,0,1,2,0,2591
0,unknown,cpuUsage.sh,0,0,False,2,0,1,9,2592
0,unknown,libuv-worker,0,1,False,0,1,2,-1,2593
1,unknown,TaskCon~ller #3,0,0,False,0,1,2,0,2594
0,unknown,Thread-63 (work,0,0,False,0,1,2,0,2595
0,unknown,V8Worker,0,0,False,0,1,2,-1,2596
0,unknown,pet,0,0,False,0,1,2,-1,2597
0,unknown,python,0,0,False,2,0,1,-1,2598
0,unknown,Thread-51 (work,0,0,False,0,1,2,0,2599
0,unknown,V8Worker,0,0,False,0,1,2,-1,2600
0,unknown,sed,0,0,False,2,0,1,-1,2601
0,unknown,Timer,0,0,False,0,1,2,0,2602
0,unknown,cpuUsage.sh,0,0,False,2,0,1,-1,2603
0,unknown,crashhelper,0,1,False,0,1,2,-1,2604
1,unknown,fwupd,0,0,False,2,0,1,-1,2605
0,unknown,Timer,0,0,False,0,1,2,0,2606
0,unknown,Thread-59 (work,0,0,False,0,1,2,0,2607
0,unknown,DNS Res~er #522,0,0,False,0,1,2,2,2608
0,unknown,Thread-14 (work,0,0,False,0,1,2,0,2609
0,unknown,Thread-202 (wor,0,0,False,0,1,2,0,2610
0,unknown,Thread-54 (_han,0,0,False,0,1,2,0,2611
0,unknown,Thread-56 (work,0,0,False,0,1,2,0,2612
0,unknown,code,0,0,False,0,1,1,-1,2613
0,unknown,pet,0,0,False,0,1,1,-1,2614
0,unknown,firefo:traceq0,0,0,False,0,1,2,8,2615
0,unknown,WRWorkerLP#3,0,0,False,0,1,1,-1,2616
0,unknown,Thread-49 (work,0,0,False,0,1,2,0,2617
0,unknown,snapd,0,0,False,0,1,2,0,2618
0,unknown,Timer,0,0,False,0,1,2,0,2619
1,unknown,TaskCon~ller #5,0,0,False,0,1,2,0,2620
0,unknown,Thread-32 (_han,0,0,False,0,1,2,0,2621
0,unknown,Socket Thread,0,0,False,0,1,2,0,2622
0,unknown,ThreadPoolForeg,0,0,False,0,1,2,-1,2623
0,unknown,which,0,0,False,2,0,1,-1,2624
0,unknown,Isolated Web Co,1,1,True,2,3,1,-1,2625
0,unknown,DelayedTaskSche,0,0,False,0,1,2,0,2626
0,unknown,ps,1,0,False,2,0,1,-1,2627
0,unknown,WRWorkerLP#0,0,0,False,0,1,1,-1,2628
0,unknown,Thread-1 (worke,0,0,False,0,1,2,0,2629
0,unknown,RemVidChild,0,0,False,0,1,2,0,2630
0,unknown,cat,0,0,False,2,0,1,6,2631
0,unknown,systemd-journal,1,1,True,2,0,1,-1,2632
0,unknown,Thread-33 (_han,0,1,False,0,1,2,0,2633
0,unknown,libuv-worker,0,0,False,0,1,2,0,2634
0,unknown,cpuUsage.sh,0,0,False,2,0,1,-1,2635
0,unknown,ThreadPoolForeg,0,0,False,0,1,2,-1,2636
0,unknown,Thread-19 (work,0,0,False,0,1,2,0,2637
1,unknown,FSBroker22480,0,0,False,0,1,2,0,2638
0,unknown,Thread-18 (work,0,0,False,0,1,2,0,2639
0,unknown,rcu_exp_gp_kthr,0,0,False,0,1,2,-1,2640
0,unknown,tokio-rt-worker,0,0,False,0,1,2,0,2641
0,unknown,sh,0,0,False,2,0,1,-1,2642
0,unknown,TaskCon~ller #5,0,0,False,0,1,2,0,2643
0,unknown,DelayedTaskSche,0,0,False,0,1,2,0,2644
0,unknown,sudo,0,0,False,2,0,1,-1,2645
0,unknown,pool-94,0,0,False,0,1,2,-1,2646
0,unknown,sh,0,0,False,0,1,1,-1,2647
0,unknown,TaskCon~ller #5,0,0,False,0,1,2,0,2648
0,unknown,StyleThread#3,0,1,False,0,1,2,-1,2649
0,unknown,kworker/6:1,0,0,False,0,1,2,0,2650
0,unknown,MemoryPoller,0,0,False,0,1,2,0,2651
0,unknown,FSBroker7081,0,0,False,0,1,2,0,2652
0,unknown,MediaDe~ine #74,0,0,False,0,1,2,0,2653
0,unknown,firefox,1,1,True,1,3,1,-1,2654
0,unknown,git,0,0,False,2,0,1,-1,2655
0,unknown,Compositor,1,0,False,0,3,1,-1,2656
0,unknown,Thread-211 (wor,0,0,False,0,1,2,0,2657
0,unknown,sed,0,0,False,2,0,1,-1,2658
0,unknown,V8Worker,0,0,False,0,1,2,-1,2659
0,unknown,ibus-daemon,1,0,False,2,0,1,-1,2660
0,unknown,Thread-78 (work,0,0,False,0,1,2,0,2661
0,unknown,Thread-200 (wor,0,0,False,0,1,2,-1,2662
0,unknown,StreamTrans #53,0,0,False,0,1,2,-1,2663
1,unknown,Thread-182 (wor,0,0,False,0,1,2,17,2664
0,unknown,V8Worker,0,0,False,0,1,2,-1,2665
0,unknown,jbd2/sdb4-8,0,0,False,0,1,2,0,2666
0,unknown,DNS Res~er #522,0,0,False,0,1,2,0,2667
0,unknown,code,0,1,False,2,0,1,-1,2668
0,unknown,Thread-66 (_han,0,0,False,0,1,2,0,2669
0,unknown,V8Worker,0,0,False,0,1,2,0,2670
0,unknown,Socket Process,0,0,False,2,0,1,-1,2671
0,unknown,pinner,0,0,False,0,1,2,0,2672
0,unknown,Thread-183 (wor,0,0,False,0,1,2,-1,2673
0,unknown,WRWorkerLP#1,0,0,False,0,1,1,-1,2674
0,unknown,Thread-14 (work,0,0,False,0,1,2,0,2675
1,unknown,cpuUsage.sh,0,0,False,2,0,1,-1,2676
0,unknown,Thread-5 (worke,0,0,False,0,1,2,0,2677
0,unknown,kworker/u32:3,0,0,False,2,0,1,-1,2678
0,unknown,DNS Res~er #510,0,0,False,0,1,2,0,2679
0,unknown,which,0,0,False,2,0,1,-1,2680
0,unknown,Thread-4 (worke,0,0,False,0,1,2,0,2681
0,unknown,cat,0,1,False,2,0,1,-1,2682
0,unknown,chronyd,0,1,False,0,1,2,-1,2683
0,unknown,Thread-211 (wor,0,0,False,0,1,2,0,2684
0,unknown,DNS Res~er #518,0,0,False,0,1,2,8,2685
0,unknown,Thread-69 (work,0,0,False,0,1,2,0,2686
1,unknown,Thread-195 (wor,0,0,False,0,1,2,0,2687
0,unknown,cpuUsage.sh,0,0,False,2,0,1,-1,2688
0,unknown,kworker/u32:0,1,0,False,2,0,1,-1,2689
1,unknown,WRWorkerLP#7,0,0,False,0,1,1,-1,2690
0,unknown,sh,0,0,False,2,0,1,1,2691
1,unknown,Thread-133 (wor,0,0,False,0,1,2,-1,2692
0,unknown,gvfsd-dnssd,0,0,False,2,0,1,-1,2693
0,unknown,code,0,0,False,0,1,2,0,2694
0,unknown,Thread-119 (_ha,0,0,False,0,1,2,0,2695
0,unknown,Thread-14 (work,0,0,False,0,1,2,0,2696
0,unknown,migration/7,0,1,False,0,1,2,0,2697
0,unknown,Thread-2 (worke,0,0,False,0,1,2,0,2698
0,unknown,Thread-49 (work,0,0,False,0,1,2,0,2699
0,unknown,python,0,0,False,0,1,1,-1,2700
0,unknown,code,0,1,False,2,0,1,-1,2701
0,unknown,ps,1,0,False,2,0,1,-1,2702
0,unknown,Thread-59 (work,0,0,False,0,1,2,0,2703
0,unknown,Thread-22 (_han,0,0,False,0,1,2,0,2704
2,unknown,DelayedTaskSche,0,0,False,0,1,2,-1,2705
0,unknown,cat,0,0,False,2,0,1,12,2706
0,unknown,Thread-206 (wor,0,0,False,0,1,2,0,2708
2,unknown,snapd,0,0,False,0,1,2,-1,2709
0,unknown,git,1,1,True,2,0,1,-1,2710
0,unknown,sudo,0,0,False,0,0,1,-1,2711
0,unknown,DNS Res~er #511,0,0,False,0,1,2,0,2712
0,unknown,Thread-45 (work,0,0,False,0,1,2,0,2713
1,unknown,ThreadPoolForeg,0,0,False,0,1,2,-1,2715
0,unknown,JS Helper,0,0,False,0,1,2,0,2716
0,unknown,Chrome_ChildIOT,0,0,False,0,1,1,-1,2717
0,unknown,WorkerThread,0,0,False,0,1,2,0,2718
0,unknown,bpftool,1,0,False,2,0,1,-1,2719
0,unknown,Thread-186 (_ha,0,0,False,0,1,2,-1,2720
0,unknown,python,1,1,True,2,0,1,-1,2721
0,unknown,Thread-194 (wor,0,0,False,0,1,2,-1,2722
1,unknown,Thread-116 (wor,0,0,False,0,1,2,17,2723
1,unknown,gmain,0,0,False,0,1,2,0,2724
0,unknown,ibus-x11,0,0,False,2,0,1,-1,2725
0,unknown,StreamTrans #26,0,0,False,0,1,1,-1,2726
0,unknown,Thread-95 (work,0,0,False,0,1,2,0,2727
0,unknown,Thread-49 (work,0,0,False,0,1,2,0,2728
0,unknown,code,0,0,False,0,1,2,0,2729
0,unknown,Thread-15 (work,0,0,False,0,1,2,0,2730
0,unknown,Thread-7 (worke,0,0,False,0,1,2,0,2731
0,unknown,mutter-x11-fram,1,1,True,2,0,1,-1,2732
0,unknown,gdbus,0,0,False,0,1,2,0,2733
1,unknown,Thread-188 (wor,0,0,False,0,1,2,0,2734
0,unknown,Thread-6 (worke,0,0,False,0,1,2,0,2735
0,unknown,sleep,0,1,False,2,0,1,-1,2736
1,unknown,Thread-140 (wor,0,0,False,0,1,2,-1,2737
0,unknown,DedicatedWorker,0,0,False,0,1,2,-1,2738
0,unknown,StreamT~ns #622,0,0,False,0,1,2,8,2739
0,unknown,sh,0,0,False,2,0,1,-1,2740
0,unknown,sleep,0,0,False,2,0,1,-1,2741
0,unknown,IPC I/O Child,0,0,False,0,1,2,0,2742
0,unknown,kworker/u33:0,0,0,False,0,0,1,-1,2743
1,unknown,RDD Process,0,0,False,2,0,1,-1,2744
0,unknown,Thread-43 (_han,0,0,False,0,1,2,2,2745
0,unknown,cpuUsage.sh,0,0,False,2,0,1,-1,2746
0,unknown,Thread-22 (_han,0,0,False,0,1,2,0,2747
0,unknown,libuv-worker,0,0,False,0,1,2,19,2748
0,unknown,PerfettoTrace,0,0,False,0,1,2,0,2749
0,unknown,cat,0,1,False,2,0,1,-1,2750
0,unknown,V8Worker,0,0,False,0,1,2,-1,2751
0,unknown,Xwayland,1,1,True,2,3,1,-1,2752
0,unknown,sh,0,0,False,0,1,1,-1,2753
2,unknown,Thread-168 (wor,0,0,False,0,1,2,-1,2754
0,unknown,Thread-86 (_han,0,0,False,0,1,2,2,2755
2,unknown,Thread-156 (wor,0,0,False,0,1,2,-1,2756
0,unknown,Thread-140 (wor,0,0,False,0,1,2,0,2757
0,unknown,IPC I/O Child,0,0,False,0,1,2,0,2758
0,unknown,ThreadPoolSingl,0,0,False,0,1,2,0,2759
0,unknown,Thread-109 (_ha,0,0,False,0,1,2,0,2760
0,unknown,Thread-47 (work,0,0,False,0,1,2,0,2761
0,unknown,Thread-39 (work,0,0,False,0,1,2,0,2762
1,unknown,fwupd,0,1,False,0,0,1,-1,2763
1,unknown,StyleThread#4,0,0,False,0,1,1,-1,2764
0,unknown,Thread-15 (work,0,0,False,0,1,2,0,2765
0,unknown,Thread-19 (work,0,0,False,0,1,2,0,2766
0,unknown,Thread-16 (work,0,0,False,0,1,2,0,2767
0,unknown,jbd2/sdb4-8,0,0,False,0,1,2,0,2768
0,unknown,cat,0,0,False,2,0,1,6,2769
0,unknown,Chrome_ChildIOT,0,0,False,0,1,2,0,2770
1,unknown,Thread-12 (work,0,0,False,0,1,2,0,2771
0,unknown,pool-25,0,1,False,0,1,2,0,2772
0,unknown,IPC I/O Child,0,0,False,0,1,2,0,2773
0,unknown,Thread-34 (work,0,0,False,0,1,2,0,2774
0,unknown,git,0,0,False,2,0,1,-1,2775
0,unknown,gmain,0,0,False,0,1,2,0,2776
0,unknown,JS Watchdog,0,0,False,0,1,2,0,2777
0,unknown,snap,0,0,False,0,1,2,0,2778
0,unknown,ksmd,0,1,False,0,1,2,-1,2779
0,unknown,gdbus,0,0,False,0,1,2,0,2780
0,unknown,dbus-daemon,0,0,False,2,0,1,-1,2781
0,unknown,sed,0,0,False,2,0,1,-1,2782
0,unknown,ThreadPoolServi,0,0,False,0,1,2,0,2784
0,unknown,Thread-213 (wor,0,0,False,0,1,2,0,2785
0,unknown,Timer,0,0,False,0,1,2,19,2786
1,unknown,Thread-198 (_ha,0,0,False,0,1,2,-1,2787
0,unknown,V8Worker,0,0,False,0,1,2,0,2788
1,unknown,Thread-114 (wor,0,0,False,0,1,2,0,2789
0,unknown,Thread-11 (_han,0,0,False,0,1,2,0,2790
0,unknown,DelayedTaskSche,0,0,False,0,1,2,-1,2791
0,unknown,Thread-34 (work,0,0,False,0,1,2,8,2792
0,unknown,Thread-62 (work,0,0,False,0,1,2,0,2793
0,unknown,ksoftirqd/5,0,1,False,0,1,2,-1,2794
0,unknown,ps,1,1,True,2,0,1,-1,2795
0,unknown,Thread-99 (_han,0,0,False,0,1,2,0,2796
0,unknown,gmain,0,0,False,0,1,2,0,2797
0,unknown,cpuUsage.sh,0,0,False,2,1,1,-1,2798
0,unknown,khungtaskd,0,0,False,0,1,2,0,2799
0,unknown,Thread-65 (_han,0,0,False,0,1,2,0,2800
0,unknown,cat,0,0,False,2,0,1,-1,2801
0,unknown,sqldb:c~lite #9,0,0,False,0,1,2,0,2802
0,unknown,TaskCon~ller #2,0,0,False,0,1,2,0,2803
0,unknown,Thread-11 (_han,0,0,False,0,1,2,0,2804
0,unknown,Thread-4 (worke,0,0,False,0,1,2,0,2805
1,unknown,cpuUsage.sh,0,0,False,0,0,1,-1,2806
0,unknown,Isolated Web Co,1,0,False,2,0,1,-1,2807
0,unknown,Priority Queue ,0,0,False,0,1,2,-1,2808
1,unknown,WRWorker#2,0,0,False,0,1,1,-1,2809
0,unknown,V8Worker,0,0,False,0,1,2,-1,2810
0,unknown,Thread-59 (work,0,0,False,0,1,2,-1,2811
0,unknown,ThreadPoolForeg,0,0,False,0,1,2,-1,2812
0,unknown,IPC I/O Child,0,0,False,0,1,2,0,2813
0,unknown,cat,0,0,False,2,0,1,6,2814
0,unknown,bpftool,0,0,False,2,0,1,-1,2815
0,unknown,cat,0,0,False,2,0,1,6,2816
0,unknown,TaskCon~ller #3,0,0,False,0,1,2,0,2817
0,unknown,ThreadPoolServi,0,0,False,0,1,2,0,2818
0,unknown,Renderer,0,0,False,0,1,2,-1,2819
0,unknown,Thread-80 (work,0,0,False,0,1,2,0,2820
0,unknown,StyleThread#1,0,0,False,0,1,1,10,2821
1,unknown,WRWorkerLP#6,0,0,False,0,1,1,-1,2822
0,unknown,IPC I/O Child,0,0,False,0,1,1,-1,2823
0,unknown,Thread-17 (work,0,0,False,0,1,2,0,2824
0,unknown,VizCompositorTh,0,0,False,0,1,1,-1,2825
0,unknown,code,0,1,False,2,0,1,-1,2826
0,unknown,sh,0,0,False,2,0,1,-1,2828
0,unknown,Thread-28 (work,0,0,False,0,1,2,0,2829
0,unknown,gnome-shell,1,1,True,1,3,0,-1,2830
0,unknown,Chrome_ChildIOT,0,0,False,0,1,2,0,2831
0,unknown,cat,0,0,False,2,0,1,6,2832
0,unknown,code,0,0,False,0,1,1,-1,2833
0,unknown,WRRende~ckend#1,0,0,False,0,1,1,-1,2834
0,unknown,TikToken worker,0,0,False,0,1,2,-1,2835
1,unknown,Isolated Servic,1,0,False,2,0,1,-1,2836
0,unknown,cpuUsage.sh,0,0,False,2,0,1,-1,2837
0,unknown,Thread-61 (work,0,0,False,0,1,2,0,2838
0,unknown,cpuUsage.sh,0,0,False,2,0,1,-1,2839
0,unknown,TaskCon~ller #1,0,0,False,0,1,2,0,2840
0,unknown,Thread-47 (work,0,0,False,0,1,2,0,2841
0,unknown,IPC I/O Child,0,0,False,0,1,2,0,2842
0,unknown,git,0,1,False,2,0,1,-1,2843
0,unknown,StyleThread#4,0,0,False,0,1,2,-1,2844
1,unknown,cpuUsage.sh,0,0,False,2,0,1,-1,2845
0,unknown,ibus-extension-,0,0,False,2,0,1,-1,2846
0,unknown,V8Worker,0,0,False,0,1,2,-1,2847
0,unknown,sh,0,0,False,2,0,1,-1,2848
0,unknown,WRRende~ckend#1,0,0,False,0,1,1,-1,2849
0,unknown,StreamT~ns #630,0,0,False,0,1,2,0,2850
0,unknown,Thread-151 (wor,0,0,False,0,1,2,-1,2851
0,unknown,Thread-22 (_han,0,0,False,0,1,2,0,2852
0,unknown,cpuUsage.sh,0,1,False,2,0,1,-1,2853
0,unknown,cpuUsage.sh,0,0,False,0,1,1,7,2854
0,unknown,Thread-12 (work,0,0,False,0,1,2,0,2855
0,unknown,Thread-202 (wor,0,0,False,0,1,2,0,2856
0,unknown,snapd,0,0,False,0,1,2,0,2857
0,unknown,StreamTrans #32,0,0,False,0,1,2,-1,2858
0,unknown,gly-rayon-6,0,0,False,0,1,1,10,2859
0,unknown,bpftool,1,0,False,2,0,1,-1,2860
0,unknown,Thread-49 (work,0,0,False,0,1,2,0,2861
1,unknown,Thread-166 (wor,0,0,False,0,1,2,-1,2862
1,unknown,RemVidChild,0,0,False,0,1,1,-1,2864
0,unknown,sleep,0,0,False,2,0,1,-1,2865
0,unknown,power-profiles-,0,0,False,0,0,1,-1,2866
1,unknown,Thread-147 (wor,0,0,False,0,1,2,-1,2867
0,unknown,gly-rayon-4,0,0,False,0,1,2,0,2868
0,unknown,gmain,0,0,False,0,1,2,0,2869
0,unknown,cpuUsage.sh,0,0,False,2,0,1,-1,2870
0,unknown,Thread-147 (wor,0,0,False,0,1,2,-1,2871
0,unknown,Thread-3 (worke,0,0,False,0,1,2,0,2872
0,unknown,firefox:gdrv0,0,0,False,0,1,2,-1,2873
0,unknown,kworker/u32:2,1,0,False,2,0,1,-1,2874
0,unknown,Thread-192 (wor,0,0,False,0,1,2,3,2875
0,unknown,bpftool,1,0,False,2,0,1,-1,2876
0,unknown,code,0,0,False,0,1,2,0,2877
0,unknown,gly-rayon-3,0,0,False,0,1,2,0,2878
0,unknown,cat,0,0,False,2,0,1,6,2879
0,unknown,TaskCon~ller #0,0,0,False,0,1,2,0,2880
0,unknown,migration/4,0,1,False,0,1,2,0,2881
0,unknown,V8Worker,0,0,False,0,1,2,-1,2882
0,unknown,TaskCon~ller #2,0,0,False,0,1,2,0,2883
0,unknown,cat,0,0,False,2,0,1,-1,2884
1,unknown,pet,0,0,False,0,1,1,10,2885
0,unknown,Thread-21 (_han,0,0,False,0,1,2,0,2887
0,unknown,Thread-39 (work,0,0,False,0,1,2,0,2888
0,unknown,code,0,0,False,2,0,1,-1,2889
0,unknown,gdbus,0,0,False,0,1,2,0,2890
0,unknown,sed,0,0,False,2,0,1,16,2891
0,unknown,sed,0,0,False,2,0,1,16,2892
0,unknown,sh,0,0,False,2,0,1,-1,2893
0,unknown,sh,0,0,False,2,0,1,1,2894
0,unknown,systemd,0,0,False,2,0,1,-1,2895
1,unknown,gmain,0,0,False,0,1,2,0,2896
0,unknown,pet,0,1,False,0,1,2,-1,2897
0,unknown,Thread-76 (_han,0,0,False,0,1,2,0,2898
1,unknown,Thread-127 (wor,0,0,False,0,1,2,3,2899
0,unknown,stress-ng-cpu,0,1,False,2,0,1,-1,2900
0,unknown,Thread-1 (worke,0,0,False,0,1,2,0,2901
0,unknown,DelayedTaskSche,0,0,False,0,1,2,0,2902
0,unknown,Thread-48 (work,0,0,False,0,1,2,0,2903
0,unknown,TaskCon~ller #3,0,0,False,0,1,2,0,2904
0,unknown,gmain,0,0,False,0,1,2,0,2905
0,unknown,git,0,1,False,2,0,1,-1,2906
0,unknown,code,1,0,False,2,3,1,-1,2907
0,unknown,bash,0,1,False,2,0,1,-1,2908
0,unknown,kworker/u33:0,0,0,False,0,0,1,-1,2909
0,unknown,Thread-85 (work,0,0,False,0,1,2,0,2910
0,unknown,StreamT~ns #627,0,0,False,0,1,2,-1,2911
0,unknown,Thread-56 (work,0,0,False,0,1,2,0,2912
0,unknown,TaskCon~ller #0,0,0,False,0,1,2,-1,2913
0,unknown,git,0,0,False,2,0,1,-1,2914
0,unknown,StyleThread#2,0,0,False,0,1,1,10,2916
0,unknown,sqldb:c~lite #3,0,0,False,0,1,2,0,2917
0,unknown,WorkerThread,0,0,False,0,1,2,0,2918
0,unknown,cpuUsage.sh,0,0,False,2,0,1,9,2919
0,unknown,kworker/u33:0,0,1,False,0,0,1,-1,2920
0,unknown,firefox:gdrv0,0,0,False,0,1,2,0,2921
0,unknown,V8Worker,0,0,False,0,1,2,0,2922
0,unknown,which,0,0,False,2,0,1,-1,2923
0,unknown,sleep,0,0,False,2,0,1,-1,2924
0,unknown,Thread-35 (work,0,0,False,0,1,2,0,2926
0,unknown,Thread-23 (work,0,0,False,0,1,2,0,2927
0,unknown,Thread-99 (_han,0,0,False,0,1,2,0,2928
0,unknown,Thread-8 (worke,0,0,False,0,1,2,0,2929
0,unknown,pool-25,0,0,False,0,1,1,-1,2930
0,unknown,journal-offline,0,0,False,0,1,2,-1,2931
0,unknown,sh,0,1,False,2,0,1,-1,2932
0,unknown,Thread-200 (wor,0,0,False,0,1,2,0,2933
0,unknown,pet,0,0,False,0,1,2,-1,2934
0,unknown,sleep,0,0,False,2,0,1,-1,2935
0,unknown,ps,1,0,False,2,0,1,-1,2936
0,unknown,Thread-205 (wor,0,0,False,0,1,2,14,2937
0,unknown,WrGlyph~terizer,0,0,False,0,1,2,-1,2938
0,unknown,Thread-206 (wor,0,0,False,0,1,2,0,2939
0,unknown,systemd-oomd,1,1,True,2,0,1,-1,2940
0,unknown,Thread-107 (wor,0,0,False,0,1,2,0,2941
0,unknown,Thread-35 (work,0,0,False,0,1,2,0,2942
0,unknown,Thread-3 (worke,0,0,False,0,1,2,0,2943
0,unknown,cat,0,0,False,2,0,1,4,2945
0,unknown,kworker/1:1H,1,1,True,2,0,1,-1,2946
0,unknown,Thread-214 (wor,0,0,False,0,1,2,0,2947
0,unknown,Thread-16 (work,0,0,False,0,1,2,-1,2948
0,unknown,code,0,0,False,0,1,1,-1,2949
0,unknown,ps,1,0,False,2,0,1,-1,2950
0,unknown,git,0,0,False,2,0,1,-1,2951
0,unknown,JS Helper,0,0,False,0,1,2,0,2952
0,unknown,Thread-6 (worke,0,0,False,0,1,2,0,2953
0,unknown,gdbus,0,1,False,0,1,2,0,2954
0,unknown,Web Content,0,1,False,2,0,1,-1,2955
2,unknown,Thread-162 (wor,0,0,False,0,1,2,-1,2956
1,unknown,WRWorkerLP#7,0,0,False,0,1,1,-1,2957
1,unknown,Thread-177 (wor,0,0,False,0,1,1,-1,2958
0,unknown,Thread-210 (wor,0,0,False,0,1,2,0,2959
1,unknown,Thread-150 (wor,0,0,False,0,1,2,-1,2960
0,unknown,Thread-13 (work,0,0,False,0,1,2,0,2961
0,unknown,cat,0,0,False,2,0,1,6,2962
0,unknown,python,0,0,False,0,1,1,-1,2963
2,unknown,Thread-159 (wor,0,0,False,0,1,2,-1,2964
0,unknown,which,0,0,False,2,0,1,-1,2965
0,unknown,sh,0,0,False,0,1,2,0,2966
0,unknown,Thread-54 (_han,0,1,False,0,1,2,-1,2967
0,unknown,TaskCon~ller #4,0,0,False,0,1,2,-1,2968
0,unknown,Thread-32 (_han,0,1,False,0,1,2,0,2969
0,unknown,V8Worker,0,0,False,0,1,2,0,2970
0,unknown,WaylandProxy,0,0,False,0,1,1,-1,2971
0,unknown,Thread-28 (work,0,0,False,0,1,2,0,2972
2,unknown,mpris-proxy,0,0,False,2,0,1,-1,2973
0,unknown,Thread-57 (work,0,0,False,0,1,2,0,2974
0,unknown,python,1,1,True,2,3,1,-1,2975
0,unknown,which,0,0,False,2,0,1,-1,2976
0,unknown,cpuUsage.sh,0,1,False,2,0,1,-1,2977
0,unknown,Indexed~IO #253,0,0,False,0,1,2,0,2978
0,unknown,bpftool,1,0,False,2,0,1,-1,2979
0,unknown,Thread-59 (work,0,0,False,0,1,2,0,2980
0,unknown,python,0,0,False,0,1,1,-1,2981
0,unknown,IPC I/O Parent,0,0,False,0,1,1,-1,2982
0,unknown,bpftool,1,1,True,2,0,1,-1,2983
2,unknown,sleep,1,0,False,2,0,1,-1,2984
0,unknown,IPC I/O Child,0,0,False,0,1,2,-1,2985
0,unknown,Thread-7 (worke,0,0,False,0,1,2,-1,2986
0,unknown,Thread-100 (wor,0,0,False,0,1,2,0,2987
0,unknown,TaskCon~ller #4,0,0,False,0,1,2,0,2988
0,unknown,Chrome_IOThread,0,0,False,0,1,1,-1,2989
0,unknown,cat,0,0,False,2,0,1,6,2990
0,unknown,StyleThread#1,0,0,False,0,1,1,10,2991
1,unknown,cpuUsage.sh,0,0,False,0,1,1,7,2992
0,unknown,Thread-110 (_ha,0,0,False,0,1,2,0,2993
0,unknown,code,0,0,False,0,1,2,0,2994
0,unknown,sh,0,0,False,0,1,2,0,2995
0,unknown,firefox:gdrv0,0,0,False,0,1,2,-1,2996
0,unknown,Thread-66 (_han,0,0,False,0,1,2,0,2997
1,unknown,Thread-198 (_ha,0,0,False,0,1,2,-1,2998
1,unknown,gdbus,0,0,False,0,1,2,0,2999
0,unknown,Thread-149 (wor,0,0,False,0,1,2,0,3000
0,unknown,git,0,0,False,2,0,1,-1,3001
0,unknown,ProcessHangMon,0,1,False,0,1,1,-1,3003
1,unknown,pinner,0,0,False,0,1,2,0,3004
1,unknown,TaskCon~ller #5,0,1,False,0,1,2,-1,3005
0,unknown,Thread-6 (worke,0,0,False,0,1,2,0,3006
0,unknown,wpa_supplicant,0,0,False,0,1,2,-1,3007
0,unknown,cat,0,0,False,2,0,1,6,3008
0,unknown,gdbus,0,0,False,0,1,2,0,3009
0,unknown,Timer,0,0,False,0,1,2,0,3010
0,unknown,WRScene~ilder#1,0,0,False,0,1,2,-1,3011
1,unknown,gsd-power,0,1,False,0,0,1,-1,3012
0,unknown,code,0,0,False,0,1,2,0,3013
0,unknown,Thread-145 (wor,0,0,False,0,1,2,0,3014
0,unknown,Thread-8 (worke,0,0,False,0,1,2,0,3015
0,unknown,StreamTrans #52,0,0,False,0,1,2,0,3016
0,unknown,Thread-31 (_han,0,0,False,0,1,2,-1,3017
0,unknown,which,0,0,False,2,0,1,-1,3018
0,unknown,code,0,0,False,0,1,2,0,3019
0,unknown,sh,0,0,False,2,0,1,-1,3020
0,unknown,python3,1,0,False,2,0,1,-1,3021
0,unknown,Thread-204 (wor,0,0,False,0,1,2,0,3022
0,unknown,cat,0,1,False,2,0,1,-1,3023
0,unknown,cat,0,1,False,2,0,1,6,3024
0,unknown,Thread-37 (work,0,0,False,0,1,2,0,3025
0,unknown,Backgro~ool #28,0,0,False,0,1,2,0,3026
0,unknown,gsd-power,0,0,False,0,0,1,-1,3027
0,unknown,gsd-color,1,1,True,2,0,1,-1,3028
0,unknown,cat,0,1,False,2,0,1,-1,3029
0,unknown,dbus-daemon,0,0,False,2,0,1,-1,3030
0,unknown,TaskCon~ller #0,0,0,False,0,1,2,0,3031
0,unknown,bpftool,1,0,False,2,0,1,-1,3032
0,unknown,Thread-12 (work,0,0,False,0,1,2,0,3033
0,unknown,Thread-19 (work,0,0,False,0,1,2,0,3034
0,unknown,V8Worker,0,0,False,0,1,2,0,3035
0,unknown,Thread-13 (work,0,0,False,0,1,2,0,3036
0,unknown,cpuUsage.sh,0,0,False,2,0,1,9,3037
0,unknown,Thread-58 (work,0,0,False,0,1,2,0,3038
0,unknown,sh,0,0,False,0,1,1,-1,3039
0,unknown,cpuUsage.sh,0,0,False,2,0,1,-1,3040
0,unknown,TaskCon~ller #5,0,0,False,0,1,2,0,3041
0,unknown,Thread-93 (work,0,0,False,0,1,2,0,3042
0,unknown,Chrome_ChildIOT,0,0,False,0,1,1,-1,3043
0,unknown,TaskCon~ller #2,0,0,False,0,1,2,0,3044
0,unknown,code,0,0,False,2,0,1,-1,3045
1,unknown,libuv-worker,0,0,False,0,1,2,0,3046
1,unknown,ThreadPoolForeg,0,0,False,0,1,2,0,3047
0,unknown,Thread-71 (work,0,0,False,0,1,2,0,3048
0,unknown,RemVidChild,0,0,False,0,1,2,0,3049
0,unknown,Thread-7 (worke,0,0,False,0,1,2,0,3050
0,unknown,ThreadPoolServi,0,0,False,0,1,2,0,3051
0,unknown,kworker/u33:0,1,1,True,0,3,1,-1,3052
0,unknown,V8Worker,0,0,False,0,1,2,-1,3053
0,unknown,TaskCon~ller #0,0,0,False,0,1,2,-1,3054
2,unknown,cpuUsage.sh,0,0,False,2,0,1,18,3055
0,unknown,bash,0,1,False,2,0,1,-1,3056
0,unknown,Task Runner for,0,0,False,0,1,2,-1,3057
0,unknown,pet,0,0,False,0,1,1,-1,3058
0,unknown,Thread-87 (_han,0,0,False,0,1,2,0,3059
0,unknown,Thread-46 (work,0,0,False,0,1,2,0,3060
0,unknown,libuv-worker,0,0,False,0,1,2,0,3061
0,unknown,StreamT~ns #623,0,0,False,0,1,1,-1,3062
0,unknown,cpuUsage.sh,0,0,False,0,1,1,7,3063
0,unknown,python,0,0,False,0,1,1,-1,3064
1,unknown,rtkit-daemon,0,0,False,2,0,1,-1,3065
0,unknown,gdbus,0,0,False,0,1,2,0,3066
0,unknown,cpuUsage.sh,0,0,False,2,0,1,-1,3067
0,unknown,systemd-resolve,0,0,False,2,0,1,-1,3068
0,unknown,Xwayland,1,1,True,2,3,1,-1,3069
0,unknown,DedicatedWorker,0,1,False,0,1,2,0,3070
0,unknown,cpuUsage.sh,0,0,False,2,0,1,9,3071
0,unknown,IPC I/O Child,0,0,False,0,1,2,0,3072
0,unknown,sleep,0,0,False,2,0,1,-1,3073
0,unknown,in:imuxsock,0,0,False,0,1,2,0,3074
0,unknown,libuv-worker,0,0,False,0,1,2,0,3075
1,unknown,TaskCon~ller #6,0,0,False,0,1,1,-1,3076
0,unknown,Thread-66 (_han,0,0,False,0,1,2,0,3077
1,unknown,V8Worker,0,0,False,0,1,2,0,3078
0,unknown,Thread-115 (wor,0,0,False,0,1,2,0,3079
0,unknown,avahi-daemon,0,0,False,0,0,1,-1,3080
0,unknown,code,0,1,False,2,0,1,-1,3083
2,unknown,Thread-162 (wor,0,0,False,0,1,2,-1,3084
0,unknown,snap,0,1,False,0,1,2,0,3085
0,unknown,bash,0,0,False,0,0,1,-1,3086
0,unknown,cat,0,0,False,2,0,1,-1,3087
0,unknown,ThreadPoolServi,0,0,False,0,1,2,0,3088
1,unknown,Timer,0,0,False,0,1,2,0,3089
0,unknown,Thread-131 (_ha,0,1,False,0,1,2,0,3090
0,unknown,URL Classifier,0,0,False,0,1,2,0,3091
0,unknown,gjs,0,1,False,2,0,1,-1,3092
0,unknown,cat,0,0,False,2,0,1,4,3093
0,unknown,power-profiles-,0,0,False,2,0,1,-1,3094
0,unknown,code,0,0,False,0,1,2,0,3095
0,unknown,dbus-daemon,0,0,False,2,0,1,-1,3096
0,unknown,Thread-123 (wor,0,0,False,0,1,2,-1,3097
0,unknown,gmain,0,0,False,0,1,2,0,3098
0,unknown,Thread-2 (worke,0,0,False,0,1,2,0,3099
0,unknown,jbd2/sdb4-8,0,0,False,0,1,2,0,3100
0,unknown,gdbus,0,1,False,0,1,1,-1,3101
0,unknown,khugepaged,0,1,False,0,1,2,-1,3102
0,unknown,libuv-worker,0,0,False,0,1,2,0,3103
0,unknown,blocking-71,0,0,False,0,1,2,14,3104
0,unknown,Thread-35 (work,0,0,False,0,1,2,0,3105
0,unknown,cpuUsage.sh,0,0,False,2,0,1,9,3106
1,unknown,V8Worker,0,0,False,0,1,2,-1,3107
1,unknown,cpuUsage.sh,1,0,False,2,0,1,-1,3108
0,unknown,URL Classifier,0,0,False,0,1,2,0,3109
0,unknown,Thread-212 (wor,0,0,False,0,1,2,0,3110
0,unknown,Thread-84 (work,0,0,False,0,1,2,0,3111
0,unknown,kworker/u33:0,0,0,False,0,1,1,-1,3113
0,unknown,Thread-97 (_han,0,0,False,0,1,2,-1,3114
0,unknown,Thread-204 (wor,0,0,False,0,1,2,0,3115
0,unknown,cpuUsage.sh,0,0,False,2,0,1,9,3116
0,unknown,gmain,0,0,False,0,1,2,0,3117
0,unknown,cpuUsage.sh,0,0,False,2,0,1,-1,3118
0,unknown,cat,0,0,False,2,0,1,6,3119
0,unknown,Thread-19 (work,0,0,False,0,1,2,0,3120
0,unknown,Thread-87 (_han,0,0,False,0,1,2,0,3121
1,unknown,Thread-138 (wor,0,0,False,0,1,2,-1,3122
1,unknown,ThreadPoolForeg,0,0,False,0,1,2,-1,3123
0,unknown,sleep,0,0,False,2,0,1,-1,3124
0,unknown,LS Thread,0,0,False,0,1,2,0,3125
0,unknown,WRWorkerLP#0,0,0,False,0,1,1,-1,3126
1,unknown,Thread-132 (_ha,0,0,False,0,1,2,0,3127
0,unknown,V8Worker,0,0,False,0,1,2,-1,3128
0,unknown,code,1,1,True,2,3,1,-1,3129
0,unknown,Thread-80 (work,0,0,False,0,1,2,0,3130
0,unknown,sed,0,0,False,2,0,1,-1,3131
0,unknown,gdbus,0,0,False,0,1,2,0,3132
0,unknown,Thread-103 (wor,0,0,False,0,1,2,0,3133
1,unknown,WRWorkerLP#6,0,0,False,0,1,1,-1,3134
0,unknown,firefox:gdrv0,0,0,False,0,1,2,-1,3135
0,unknown,code,0,0,False,2,0,1,-1,3136
0,unknown,dbus-daemon,0,1,False,2,0,1,-1,3137
0,unknown,cat,0,0,False,2,0,1,4,3138
0,unknown,kworker/u32:1,1,0,False,2,0,1,-1,3139
0,unknown,code,0,0,False,0,1,2,0,3140
0,unknown,TaskCon~ller #1,0,0,False,0,1,2,-1,3141
0,unknown,Thread-36 (work,0,0,False,0,1,2,0,3142
0,unknown,Thread-119 (_ha,0,0,False,0,1,2,8,3143
0,unknown,cat,0,0,False,2,0,1,6,3144
0,unknown,pet,0,0,False,0,1,1,-1,3145
0,unknown,git,0,1,False,2,0,1,-1,3146
0,unknown,firefox:gdrv0,0,0,False,0,1,2,-1,3147
0,unknown,gdbus,0,0,False,0,1,2,0,3148
0,unknown,Thread-187 (_ha,0,0,False,0,1,2,-1,3149
1,unknown,Thread-112 (wor,0,0,False,0,1,2,-1,3150
0,unknown,IPC I/O Child,0,0,False,0,1,2,0,3151
0,unknown,Thread-39 (work,0,0,False,0,1,2,0,3152
0,unknown,ps,1,0,False,2,0,1,-1,3153
0,unknown,Thread-21 (_han,0,0,False,0,1,2,0,3154
0,unknown,Thread-26 (work,0,0,False,0,1,2,0,3155
0,unknown,Thread-26 (work,0,0,False,0,1,2,0,3156
1,unknown,Thread-194 (wor,0,0,False,0,1,2,-1,3157
0,unknown,MediaDe~ine #76,0,0,False,0,1,2,0,3158
0,unknown,V8Worker,0,1,False,0,1,2,0,3159
0,unknown,git,0,1,False,2,0,1,-1,3160
0,unknown,Thread-37 (work,0,0,False,0,1,2,0,3161
2,unknown,gdbus,0,0,False,0,1,2,0,3162
0,unknown,code,1,1,True,2,3,1,-1,3163
1,unknown,Thread-120 (_ha,0,1,False,0,1,2,-1,3164
0,unknown,sudo,1,1,True,2,0,1,-1,3165
0,unknown,Thread-52 (work,0,0,False,0,1,2,0,3166
0,unknown,Thread-32 (_han,0,0,False,0,1,2,-1,3167
0,unknown,stress-ng,1,0,False,2,0,1,-1,3168
0,unknown,Thread-77 (_han,0,0,False,0,1,2,0,3169
0,unknown,gly-rayon-2,0,0,False,0,1,1,10,3170
0,unknown,Isolated Web Co,1,0,False,2,0,1,-1,3171
0,unknown,V8Worker,0,0,False,0,1,2,0,3172
0,unknown,Thread-210 (wor,0,0,False,0,1,2,0,3173
0,unknown,gly-rayon-6,0,0,False,0,1,1,10,3174
0,unknown,sed,0,0,False,2,0,1,20,3175
0,unknown,which,0,0,False,2,0,1,-1,3176
0,unknown,Thread-5 (worke,0,0,False,0,1,2,0,3177
1,unknown,Timer,0,0,False,0,1,2,0,3178
0,unknown,gsd-disk-utilit,0,0,False,2,0,1,-1,3179
0,unknown,code,1,1,True,2,3,1,-1,3180
0,unknown,Thread-139 (wor,0,0,False,0,1,2,-1,3181
0,unknown,bash,0,1,False,2,0,1,-1,3182
0,unknown,Thread-54 (_han,0,0,False,0,1,2,0,3183
0,unknown,code,1,1,True,2,3,1,-1,3184
0,unknown,cpuUsage.sh,0,1,False,2,0,1,-1,3185
0,unknown,Chrome_IOThread,0,0,False,0,1,1,-1,3186
0,unknown,Thread-38 (work,0,0,False,0,1,2,0,3187
0,unknown,Thread-62 (work,0,0,False,0,1,2,0,3188
1,unknown,Thread-166 (wor,0,0,False,0,1,2,-1,3189
0,unknown,cat,0,0,False,2,0,1,6,3190
0,unknown,V8Worker,0,0,False,0,1,2,0,3191
0,unknown,Thread-50 (work,0,0,False,0,1,2,0,3192
0,unknown,V8Worker,0,0,False,0,1,2,-1,3193
1,unknown,Thread-134 (wor,0,0,False,0,1,2,-1,3194
0,unknown,Thread-62 (work,0,0,False,0,1,2,0,3195
0,unknown,sh,0,0,False,0,1,1,-1,3196
0,unknown,python,0,0,False,0,1,1,-1,3197
1,unknown,JS Watchdog,0,0,False,0,1,2,0,3198
0,unknown,Thread-105 (wor,0,0,False,0,1,2,0,3199
0,unknown,python,0,0,False,0,1,1,-1,3200
0,unknown,Thread-210 (wor,0,0,False,0,1,2,0,3201
0,unknown,Thread-47 (work,0,0,False,0,1,2,0,3202
0,unknown,cpuUsage.sh,0,0,False,2,0,1,9,3203
1,unknown,ibus-x11,1,1,True,2,0,1,-1,3204
0,unknown,gdbus,0,0,False,0,1,2,0,3205
0,unknown,Thread-208 (_ha,0,0,False,0,1,2,0,3206
0,unknown,Thread-79 (work,0,0,False,0,1,2,0,3207
0,unknown,sudo,0,0,False,2,0,1,-1,3208
0,unknown,StreamT~ns #625,0,0,False,0,1,2,0,3209
0,unknown,Chrome_ChildIOT,0,0,False,0,1,2,-1,3210
0,unknown,V8Worker,0,0,False,0,1,2,0,3211
0,unknown,cat,0,1,False,2,0,1,-1,3212
0,unknown,sh,0,0,False,2,0,1,1,3213
0,unknown,WRWorkerLP#4,0,0,False,0,1,1,-1,3214
0,unknown,cat,0,0,False,2,0,1,12,3215
1,unknown,Thread-173 (wor,0,0,False,0,1,2,-1,3216
0,unknown,which,0,0,False,2,0,1,-1,3217
0,unknown,libuv-worker,0,0,False,0,1,2,0,3218
3,unknown,TaskCon~ller #4,0,0,False,0,1,2,-1,3219
1,unknown,Thread-81 (work,0,0,False,0,1,1,10,3220
0,unknown,libuv-worker,0,0,False,0,1,2,0,3221
0,unknown,Thread-99 (_han,0,0,False,0,1,2,-1,3222
0,unknown,pet,0,0,False,0,1,2,11,3224
2,unknown,Thread-155 (wor,0,0,False,0,1,2,0,3225
0,unknown,WRWorkerLP#2,0,0,False,0,1,1,-1,3226
0,unknown,cat,0,0,False,2,0,1,6,3227
0,unknown,ibus-extension-,0,0,False,2,0,1,-1,3228
0,unknown,Thread-131 (_ha,0,0,False,0,1,2,-1,3229
1,unknown,DartWorker,0,0,False,0,1,2,-1,3230
1,unknown,Thread-135 (wor,0,0,False,0,1,2,-1,3231
0,unknown,WRScene~derLP#1,0,1,False,0,1,2,-1,3232
0,unknown,Thread-39 (work,0,0,False,0,1,2,0,3233
0,unknown,Thread-27 (work,0,0,False,0,1,2,0,3234
1,unknown,Thread-146 (wor,0,0,False,0,1,2,-1,3235
0,unknown,Thread-219 (_ha,0,0,False,0,1,2,0,3236
0,unknown,Timer,0,0,False,0,1,2,-1,3237
0,unknown,JS Watchdog,0,0,False,0,1,2,0,3238
0,unknown,thermald,0,0,False,0,1,2,-1,3239
0,unknown,Thread-200 (wor,0,0,False,0,1,2,0,3240
0,unknown,Isolated Web Co,1,0,False,2,0,1,-1,3241
0,unknown,IPC I/O Child,0,0,False,0,1,2,0,3242
1,unknown,xdg-desktop-por,1,0,False,2,0,1,-1,3243
0,unknown,Thread-56 (work,0,0,False,0,1,2,0,3244
2,unknown,Thread-157 (wor,0,0,False,0,1,2,0,3245
0,unknown,Thread-68 (work,0,0,False,0,1,2,0,3246
0,unknown,Thread-22 (_han,0,0,False,0,1,2,0,3247
0,unknown,Thread-38 (work,0,0,False,0,1,2,0,3248
0,unknown,JS Helper,0,0,False,0,1,2,0,3249
0,unknown,cat,0,0,False,2,0,1,21,3250
0,unknown,gmain,0,0,False,0,1,2,0,3251
1,unknown,WRWorkerLP#5,0,0,False,0,1,1,-1,3252
0,unknown,sed,0,0,False,2,0,1,16,3253
0,unknown,sh,0,0,False,2,0,1,-1,3254
0,unknown,Backgro~Pool #3,0,0,False,0,1,2,0,3255
0,unknown,pet,0,0,False,0,1,2,8,3256
0,unknown,Timer,0,0,False,0,1,2,-1,3257
0,unknown,Timer,0,0,False,0,1,2,-1,3258
0,unknown,sh,0,0,False,2,0,1,-1,3259
0,unknown,DedicatedWorker,0,0,False,0,1,2,-1,3260
0,unknown,code,0,0,False,0,1,2,0,3261
0,unknown,StreamT~ns #323,0,0,False,0,1,1,-1,3262
0,unknown,cpuUsage.sh,0,0,False,2,0,1,15,3263
1,unknown,pet,0,0,False,0,1,1,10,3264
0,unknown,pet,0,0,False,0,1,1,10,3265
0,unknown,cpuUsage.sh,0,0,False,2,0,1,9,3266
2,unknown,pet,0,0,False,0,1,2,-1,3267
0,unknown,Thread-25 (work,0,0,False,0,1,2,0,3268
0,unknown,cpuUsage.sh,0,1,False,2,0,1,-1,3269
0,unknown,Thread-27 (work,0,0,False,0,1,2,0,3270
0,unknown,Thread-44 (_han,0,0,False,0,1,2,0,3271
0,unknown,cat,0,0,False,2,0,1,-1,3272
0,unknown,Timer,0,0,False,0,1,2,19,3273
0,unknown,bpftool,1,0,False,2,0,1,-1,3274
0,unknown,Thread-17 (work,0,0,False,0,1,2,0,3275
0,unknown,firefox:gdrv0,0,0,False,0,1,2,-1,3276
0,unknown,Thread-57 (work,0,0,False,0,1,2,0,3277
0,unknown,pet,0,0,False,0,1,1,10,3278
0,unknown,V8Worker,0,0,False,0,1,2,-1,3279
0,unknown,sed,0,0,False,2,0,1,20,3280
0,unknown,gvfsd-metadata,0,0,False,0,0,1,-1,3281
0,unknown,StreamTrans #50,0,0,False,0,1,2,-1,3282
0,unknown,kworker/u33:0,0,0,False,0,0,1,-1,3283
0,unknown,Thread-22 (_han,0,0,False,0,1,2,0,3284
0,unknown,cpuUsage.sh,0,0,False,0,1,1,7,3285
0,unknown,Thread-40 (work,0,0,False,0,1,2,0,3286
0,unknown,Thread-19 (work,0,0,False,0,1,2,0,3287
0,unknown,git,0,0,False,2,0,1,-1,3288
0,unknown,V8Worker,0,0,False,0,1,2,-1,3289
0,unknown,FSBroker6750,0,0,False,0,1,2,0,3290
0,unknown,cpuUsage.sh,0,0,False,2,0,1,-1,3291
0,unknown,Renderer,0,0,False,0,1,2,-1,3292
0,unknown,IPC I/O Child,0,0,False,0,1,1,-1,3293
0,unknown,Indexed~IO #252,0,0,False,0,1,2,0,3294
0,unknown,which,0,0,False,2,0,1,-1,3295
0,unknown,cpuUsage.sh,0,0,False,2,0,1,15,3296
0,unknown,Thread-36 (work,0,0,False,0,1,2,0,3297
0,unknown,gnome-shell,1,1,True,1,3,0,-1,3298
0,unknown,pet,0,0,False,0,1,1,10,3299
0,unknown,V8Worker,0,0,False,0,1,2,-1,3300
0,unknown,ibus-extension-,0,0,False,2,0,1,-1,3301
0,unknown,WaylandProxy,0,0,False,0,1,1,-1,3302
0,unknown,Isolated Web Co,1,0,False,2,0,1,-1,3303
0,unknown,cpuUsage.sh,0,0,False,2,0,1,9,3304
0,unknown,Thread-33 (_han,0,0,False,0,1,2,0,3305
0,unknown,Thread-37 (work,0,0,False,0,1,2,0,3306
0,unknown,NetworkManager,1,0,False,2,0,1,-1,3307
0,unknown,Thread-55 (_han,0,0,False,0,1,2,0,3308
0,unknown,StreamTrans #56,0,0,False,0,1,2,0,3309
0,unknown,StreamTrans #73,0,0,False,0,1,2,0,3310
0,unknown,IPC I/O Child,0,0,False,0,1,2,0,3311
0,unknown,MediaTimer #71,0,0,False,0,1,1,10,3312
0,unknown,Thread-2 (worke,0,0,False,0,1,2,0,3313
0,unknown,Timer,0,0,False,0,1,2,0,3314
0,unknown,StreamT~ns #628,0,0,False,0,1,2,0,3315
0,unknown,sleep,0,1,False,2,0,1,-1,3316
0,unknown,StreamTrans #55,0,0,False,0,1,2,0,3317
0,unknown,Thread-73 (work,0,0,False,0,1,2,0,3318
0,unknown,StreamT~ns #319,0,0,False,0,1,2,-1,3319
0,unknown,Thread-11 (_han,0,0,False,0,1,2,0,3320
0,unknown,Task Runner for,0,0,False,0,1,2,-1,3321
0,unknown,cpuUsage.sh,0,0,False,2,0,1,9,3322
0,unknown,cpuUsage.sh,0,0,False,2,0,1,-1,3323
0,unknown,bpftool,1,1,True,2,0,1,-1,3324
0,unknown,Chrome_IOThread,0,0,False,0,1,1,-1,3325
0,unknown,libuv-worker,0,0,False,0,1,2,0,3326
0,unknown,cat,0,0,False,2,0,1,6,3327
0,unknown,Mutter Input Th,0,0,False,0,1,1,-1,3328
0,unknown,IPC I/O Child,0,0,False,0,1,2,0,3329
0,unknown,cpuUsage.sh,0,0,False,2,0,1,-1,3330
1,unknown,tokio-rt-worker,0,0,False,0,1,2,0,3331
0,unknown,Thread-18 (work,0,0,False,0,1,2,0,3332
0,unknown,cat,0,0,False,2,0,1,6,3333
0,unknown,Chrome_ChildIOT,0,0,False,0,1,1,-1,3334
0,unknown,Thread-72 (work,0,0,False,0,1,2,0,3335
0,unknown,Backgro~Pool #8,0,0,False,0,1,2,0,3336
0,unknown,FSBroker6067,0,0,False,0,1,2,0,3337
0,unknown,TikToken worker,0,0,False,0,1,2,-1,3338
0,unknown,Thread-208 (_ha,0,0,False,0,1,2,0,3339
0,unknown,Thread-34 (work,0,0,False,0,1,2,0,3340
0,unknown,Thread-217 (wor,0,0,False,0,1,2,0,3341
0,unknown,ThreadPoolForeg,0,0,False,0,1,2,-1,3342
0,unknown,sh,0,0,False,2,0,1,-1,3343
0,unknown,Thread-65 (_han,0,0,False,0,1,2,0,3344
0,unknown,cpuUsage.sh,0,0,False,2,0,1,-1,3345
1,unknown,StreamT~ns #630,0,1,False,0,0,1,-1,3346
0,unknown,Renderer,0,0,False,0,1,2,-1,3347
3,unknown,gsd-power,0,0,False,0,0,1,-1,3348
0,unknown,StreamT~ns #636,0,0,False,0,1,2,0,3349
0,unknown,libuv-worker,0,0,False,0,1,2,0,3350
0,unknown,pet,0,0,False,0,1,2,11,3351
0,unknown,gdbus,0,0,False,0,1,2,0,3352
0,unknown,Thread-65 (_han,0,0,False,0,1,2,22,3353
0,unknown,Thread-202 (wor,0,0,False,0,1,2,0,3354
0,unknown,Timer,0,0,False,0,1,2,-1,3355
0,unknown,sed,0,0,False,2,0,1,-1,3356
0,unknown,glean.dispatche,0,0,False,0,3,1,-1,3357
1,unknown,kworker/5:2,1,1,True,2,0,1,-1,3358
0,unknown,cpuUsage.sh,0,1,False,2,0,1,18,3359
0,unknown,Isolated Servic,0,0,False,2,0,1,-1,3360
0,unknown,Thread-4 (worke,0,0,False,0,1,2,0,3361
0,unknown,chronyd,0,1,False,0,1,2,-1,3362
0,unknown,sh,0,0,False,2,0,1,-1,3363
0,unknown,Thread-22 (_han,0,0,False,0,1,2,0,3364
0,unknown,Thread-14 (work,0,0,False,0,1,2,0,3365
0,unknown,JS Helper,0,0,False,0,1,2,0,3366
0,unknown,Chroot Helper,0,1,False,2,0,1,-1,3367
0,unknown,python,0,0,False,0,1,1,-1,3368
1,unknown,JS Helper,0,0,False,0,1,2,0,3369
0,unknown,FSBroker20107,0,0,False,0,1,2,0,3370
0,unknown,cpuUsage.sh,0,1,False,2,0,1,-1,3371
0,unknown,Thread-37 (work,0,0,False,0,1,2,0,3372
0,unknown,V8Worker,0,0,False,0,1,2,-1,3373
2,unknown,cpuUsage.sh,0,0,False,2,0,1,-1,3374
0,unknown,Thread-26 (work,0,0,False,0,1,2,0,3375
0,unknown,code,0,0,False,0,1,2,-1,3376
1,unknown,DedicatedWorker,0,0,False,0,1,2,0,3377
0,unknown,V8Worker,0,0,False,0,1,2,0,3378
0,unknown,Socket Thread,0,0,False,0,1,2,0,3381
0,unknown,Thread-44 (_han,0,0,False,0,1,2,0,3382
0,unknown,IPDL Background,0,0,False,0,1,2,-1,3383
0,unknown,bpftool,1,0,False,2,0,1,-1,3384
0,unknown,Socket Thread,0,0,False,0,1,2,0,3385
0,unknown,Thread-45 (work,0,0,False,0,1,2,0,3386
0,unknown,Thread-217 (wor,0,0,False,0,1,2,0,3388
0,unknown,Thread-64 (_han,0,0,False,0,1,2,-1,3389
0,unknown,bash,0,0,False,2,0,1,-1,3391
0,unknown,cpuUsage.sh,0,0,False,2,0,1,-1,3392
0,unknown,which,0,0,False,2,0,1,-1,3393
1,unknown,StreamT~ns #630,0,0,False,0,1,2,5,3394
0,unknown,gmain,0,0,False,0,1,2,0,3395
0,unknown,StreamTrans #53,0,0,False,0,1,2,-1,3396
0,unknown,mutter-x11-fram,1,1,True,2,0,1,-1,3397
0,unknown,code,0,0,False,0,1,2,0,3398
0,unknown,Thread-6 (worke,0,0,False,0,1,2,0,3399
1,unknown,fwupd,0,0,False,2,0,1,-1,3400
0,unknown,cat,0,0,False,2,0,1,6,3401
0,unknown,Thread-152 (_ha,0,1,False,0,1,1,-1,3402
0,unknown,TaskCon~ller #0,0,0,False,0,1,2,-1,3403
0,unknown,bpftool,0,1,False,2,0,1,-1,3404
0,unknown,pet,0,0,False,0,1,1,-1,3405
0,unknown,StreamT~ns #210,0,0,False,0,1,2,-1,3406
0,unknown,StreamTrans #53,0,0,False,0,1,2,0,3407
0,unknown,sh,0,0,False,2,0,1,-1,3408
0,unknown,Thread-37 (work,0,0,False,0,1,2,0,3409
0,unknown,Thread-200 (wor,0,0,False,0,1,2,0,3410
1,unknown,Thread-122 (wor,0,0,False,0,1,2,3,3411
0,unknown,WorkerThread,0,0,False,0,1,2,0,3412
0,unknown,Thread-7 (worke,0,0,False,0,1,2,0,3413
3,unknown,IPC I/O Child,0,0,False,0,1,2,0,3414
0,unknown,gvfsd-network,0,0,False,0,0,1,-1,3415
0,unknown,Thread-1 (worke,0,0,False,0,1,2,0,3416
0,unknown,DelayedTaskSche,0,0,False,0,1,2,0,3417
0,unknown,cpuUsage.sh,0,1,False,2,0,1,-1,3418
0,unknown,Isolated Web Co,1,0,False,2,0,1,-1,3419
0,unknown,sh,0,0,False,0,1,1,-1,3420
0,unknown,Thread-139 (wor,0,0,False,0,1,2,-1,3421
0,unknown,cat,0,0,False,2,0,1,12,3422
1,unknown,Thread-135 (wor,0,0,False,0,1,2,0,3423
0,unknown,DNS Res~er #516,0,0,False,0,1,2,0,3424
0,unknown,JS Helper,0,0,False,0,1,2,0,3425
1,unknown,ThreadPoolForeg,0,0,False,0,1,2,-1,3426
0,unknown,WRScene~ilder#1,0,0,False,0,1,2,-1,3427
0,unknown,systemd-oomd,1,1,True,2,0,1,-1,3428
0,unknown,libuv-worker,0,0,False,0,1,2,0,3429
0,unknown,Thread-41 (work,0,0,False,0,1,2,13,3430
0,unknown,snapd,0,1,False,0,1,2,0,3431
1,unknown,TaskCon~ller #0,0,0,False,0,1,2,0,3432
0,unknown,libuv-worker,0,0,False,0,1,2,0,3433
0,unknown,cpuUsage.sh,0,0,False,2,0,1,-1,3434
0,unknown,Thread-46 (work,0,0,False,0,1,2,0,3435
0,unknown,DNS Res~er #517,0,0,False,0,1,2,0,3436
0,unknown,JS Watchdog,0,0,False,0,1,2,0,3437
1,unknown,WorkerThread,0,0,False,0,1,2,0,3438
0,unknown,Socket Thread,0,0,False,0,1,2,0,3440
0,unknown,gvfsd-wsdd,0,0,False,2,0,1,-1,3441
0,unknown,Chrome_ChildIOT,0,0,False,0,1,2,0,3442
0,unknown,Thread-190 (wor,0,0,False,0,1,2,0,3443
0,unknown,Thread-103 (wor,0,0,False,0,1,2,0,3444
1,unknown,git,1,0,False,2,0,1,-1,3445
0,unknown,TaskCon~ller #3,0,0,False,0,1,2,0,3446
1,unknown,WRWorkerLP#7,0,0,False,0,1,1,-1,3447
0,unknown,gmain,0,0,False,0,1,2,0,3448
0,unknown,libuv-worker,0,0,False,0,1,2,0,3449
0,unknown,Thread-105 (wor,0,0,False,0,1,2,0,3450
0,unknown,StreamTrans #55,0,0,False,0,1,2,0,3451
0,unknown,Thread-105 (wor,0,0,False,0,1,2,0,3452
0,unknown,Thread-39 (work,0,0,False,0,1,2,0,3453
0,unknown,Thread-107 (wor,0,0,False,0,1,2,0,3454
0,unknown,Thread-87 (_han,0,0,False,0,1,2,0,3455
0,unknown,Thread-35 (work,0,0,False,0,1,2,0,3456
0,unknown,Backgro~Pool #8,0,0,False,0,1,2,0,3457
1,unknown,V8Worker,0,0,False,0,1,2,-1,3458
0,unknown,Thread-7 (worke,0,0,False,0,1,2,0,3459
0,unknown,TaskCon~ller #0,0,0,False,0,1,2,0,3460
0,unknown,systemd-journal,0,0,False,2,0,1,-1,3461
0,unknown,cat,0,0,False,2,0,1,-1,3462
0,unknown,Thread-54 (_han,0,0,False,0,1,2,0,3463
0,unknown,Thread-209 (_ha,0,0,False,0,1,2,0,3464
0,unknown,Thread-48 (work,0,0,False,0,1,2,-1,3465
0,unknown,URL Classifier,0,0,False,0,1,2,0,3467
0,unknown,sqldb:p~lite #2,0,1,False,0,1,2,0,3468
0,unknown,gmain,0,0,False,0,1,2,0,3469
0,unknown,Thread-93 (work,0,0,False,0,1,2,0,3470
0,unknown,which,0,0,False,2,0,1,-1,3471
0,unknown,Thread-44 (_han,0,0,False,0,1,2,0,3472
0,unknown,sh,0,0,False,2,0,1,-1,3473
0,unknown,cpuUsage.sh,0,0,False,2,0,1,-1,3474
0,unknown,TaskCon~ller #3,0,0,False,0,1,2,0,3475
1,unknown,WRWorker#3,0,0,False,0,1,2,-1,3476
0,unknown,Privileged Cont,1,0,False,2,0,1,-1,3477
0,unknown,sh,0,0,False,2,1,1,-1,3478
1,unknown,Thread-150 (wor,0,0,False,0,1,2,-1,3479
1,unknown,Thread-159 (wor,0,0,False,0,1,2,-1,3480
0,unknown,cpuUsage.sh,0,0,False,2,0,1,-1,3481
0,unknown,Thread-9 (_hand,0,0,False,0,1,2,0,3482
0,unknown,cpuUsage.sh,0,0,False,2,0,1,-1,3483
0,unknown,TikToken worker,0,0,False,0,1,2,-1,3484
0,unknown,systemd-oomd,1,0,False,2,0,1,-1,3485
0,unknown,DNS Res~er #519,0,1,False,0,1,2,0,3486
0,unknown,Thread-104 (wor,0,0,False,0,1,2,0,3487
0,unknown,bash,0,1,False,2,0,1,-1,3488
0,unknown,kworker/u32:0,1,0,False,2,0,1,-1,3489
0,unknown,Thread-45 (work,0,0,False,0,1,2,0,3490
0,unknown,Thread-83 (work,0,0,False,0,1,2,0,3491
0,unknown,sqldb:p~lite #4,0,1,False,0,1,2,0,3492
0,unknown,ThreadPoolForeg,0,0,False,0,1,2,-1,3493
0,unknown,LS Thread,0,0,False,0,1,2,0,3494
0,unknown,systemd-resolve,0,0,False,2,0,1,-1,3495
0,unknown,Thread-6 (worke,0,0,False,0,1,2,0,3496
0,unknown,Thread-129 (wor,0,0,False,0,1,2,0,3497
1,unknown,cat,1,0,False,2,0,1,4,3498
0,unknown,Thread-21 (_han,0,1,False,0,1,2,-1,3499
0,unknown,Thread-195 (wor,0,0,False,0,1,2,-1,3500
0,unknown,StyleThread#1,0,0,False,0,1,2,-1,3501
0,unknown,pet,0,0,False,0,1,1,-1,3502
1,unknown,Thread-140 (wor,0,0,False,0,1,2,-1,3503
0,unknown,Thread-17 (work,0,0,False,0,1,2,0,3504
0,unknown,Thread-47 (work,0,0,False,0,1,2,0,3505
0,unknown,git,0,1,False,2,0,1,-1,3506
0,unknown,cpuUsage.sh,0,0,False,2,0,1,-1,3507
2,unknown,cpuUsage.sh,1,0,False,2,0,1,-1,3508
0,unknown,gsd-power,0,0,False,0,0,1,-1,3509
0,unknown,Thread-131 (_ha,0,1,False,0,1,2,0,3510
1,unknown,ibus-daemon,1,0,False,2,0,1,-1,3511
1,unknown,ThreadPoolForeg,0,0,False,0,1,2,-1,3512
2,unknown,python,0,1,False,0,1,1,-1,3513
0,unknown,Thread-211 (wor,0,0,False,0,1,2,0,3514
0,unknown,Thread-76 (_han,0,0,False,0,1,2,0,3515
0,unknown,Thread-57 (work,0,0,False,0,1,2,0,3516
0,unknown,Thread-43 (_han,0,0,False,0,1,2,0,3517
1,unknown,pet,0,0,False,0,1,1,-1,3518
1,unknown,python,0,1,False,2,1,1,-1,3519
2,unknown,Thread-156 (wor,0,0,False,0,1,2,0,3521
0,unknown,JS Helper,0,0,False,0,1,2,0,3522
0,unknown,gdbus,0,0,False,0,1,2,0,3523
0,unknown,python,0,0,False,0,1,1,-1,3524
0,unknown,cat,0,0,False,2,0,1,6,3525
0,unknown,Thread-12 (work,0,0,False,0,1,2,0,3526
0,unknown,TaskCon~ller #2,0,0,False,0,1,2,0,3527
0,unknown,git,0,1,False,2,0,1,-1,3528
0,unknown,cat,0,0,False,2,0,1,4,3529
0,unknown,Isolated Web Co,1,1,True,2,3,1,-1,3530
0,unknown,Thread-201 (wor,0,0,False,0,1,2,0,3531
0,unknown,StreamTrans #30,0,0,False,0,1,2,-1,3532
0,unknown,Thread-6 (worke,0,0,False,0,1,2,0,3533
0,unknown,HTML5 Parser,0,0,False,0,1,2,0,3534
0,unknown,gvfs-afc-volume,0,0,False,0,1,2,0,3536
1,unknown,WRWorker#1,0,0,False,0,1,1,-1,3537
0,unknown,gly-rayon-7,0,0,False,0,1,1,10,3538
1,unknown,python3,0,0,False,0,1,1,10,3539
0,unknown,gsd-color,0,1,False,2,0,1,-1,3540
1,unknown,gsd-sharing,0,0,False,0,0,1,-1,3541
0,unknown,sh,0,0,False,2,0,1,-1,3542
0,unknown,V8Worker,0,0,False,0,1,2,0,3543
0,unknown,sh,0,0,False,2,1,1,-1,3544
0,unknown,Mutter Input Th,0,0,False,0,1,1,-1,3545
0,unknown,firefox,1,1,True,1,3,0,-1,3546
0,unknown,libuv-worker,0,0,False,0,1,2,0,3547
0,unknown,ps,1,0,False,2,0,1,-1,3548
0,unknown,Thread-7 (worke,0,0,False,0,1,2,0,3549
0,unknown,Web Content,0,0,False,2,0,1,-1,3550
1,unknown,Thread-122 (wor,0,0,False,0,1,2,-1,3551
0,unknown,pet,0,1,False,0,1,2,0,3552
0,unknown,Socket Thread,0,0,False,0,1,1,10,3553
0,unknown,sh,0,0,False,0,1,2,-1,3554
0,unknown,StreamTrans #50,0,0,False,0,1,2,0,3555
0,unknown,Thread-212 (wor,0,0,False,0,1,2,0,3556
0,unknown,Thread-8 (worke,0,0,False,0,1,2,0,3557
0,unknown,Thread-211 (wor,0,0,False,0,1,2,0,3558
0,unknown,bpftool,1,0,False,2,0,1,-1,3559
0,unknown,Thread-4 (worke,0,0,False,0,1,2,0,3560
0,unknown,cpuUsage.sh,0,0,False,2,0,1,9,3561
0,unknown,Thread-188 (wor,0,0,False,0,1,2,3,3562
0,unknown,Timer,0,0,False,0,1,2,-1,3563
3,unknown,Thread-171 (wor,0,0,False,0,1,2,0,3564
0,unknown,code,0,0,False,0,1,2,-1,3565
2,unknown,cpuUsage.sh,0,0,False,2,0,1,18,3566
0,unknown,Thread-104 (wor,0,0,False,0,1,2,0,3567
0,unknown,kworker/u33:1,0,0,False,0,0,1,-1,3568
0,unknown,kworker/u32:3,0,0,False,2,0,1,-1,3569
1,unknown,WRWorkerLP#6,0,0,False,0,1,1,-1,3570
0,unknown,Thread-76 (_han,0,0,False,0,1,2,0,3571
0,unknown,ksoftirqd/3,0,1,False,0,1,2,-1,3572
0,unknown,cpuUsage.sh,0,0,False,2,0,1,15,3573
0,unknown,dbus-daemon,0,0,False,2,0,1,-1,3574
1,unknown,xdg-desktop-por,0,0,False,2,0,1,-1,3575
0,unknown,ps,1,1,True,2,0,1,-1,3576
0,unknown,python,0,0,False,0,1,1,-1,3577
0,unknown,sh,0,1,False,2,0,1,-1,3579
0,unknown,Renderer,0,0,False,0,1,2,-1,3580
0,unknown,Thread-127 (wor,0,0,False,0,1,2,-1,3581
0,unknown,gdbus,0,0,False,0,1,2,0,3582
0,unknown,stress-ng-vm,0,0,False,0,1,2,-1,3583
0,unknown,Thread-11 (_han,0,0,False,0,1,2,0,3584
0,unknown,Thread-11 (_han,0,0,False,0,1,2,0,3585
0,unknown,Thread-63 (work,0,0,False,0,1,2,-1,3586
0,unknown,StreamTrans #47,0,0,False,0,1,2,-1,3587
0,unknown,Indexed~IO #253,0,0,False,0,1,2,0,3588
1,unknown,cpuUsage.sh,0,0,False,2,0,1,-1,3589
0,unknown,sed,0,0,False,2,0,1,16,3590
0,unknown,Thread-2 (worke,0,0,False,0,1,2,0,3591
1,unknown,gdbus,0,0,False,0,1,2,0,3592
0,unknown,Thread-91 (work,0,0,False,0,1,2,0,3593
1,unknown,Thread-184 (wor,0,0,False,0,1,2,-1,3594
0,unknown,systemd-logind,0,0,False,2,0,1,-1,3595
0,unknown,evolution-alarm,0,1,False,2,0,1,-1,3596
0,unknown,TaskCon~ller #1,0,0,False,0,1,2,0,3597
1,unknown,gdbus,0,0,False,0,1,2,0,3598
1,unknown,kworker/7:0,1,1,True,2,0,1,-1,3599
0,unknown,Thread-17 (work,0,1,False,0,1,2,0,3600
1,unknown,Thread-189 (wor,0,0,False,0,1,2,0,3601
2,unknown,sed,1,0,False,2,0,1,-1,3602
0,unknown,ThreadPoolForeg,0,0,False,0,1,2,0,3603
0,unknown,Thread-205 (wor,0,0,False,0,1,2,0,3604
0,unknown,cpuUsage.sh,0,0,False,2,0,1,-1,3605
0,unknown,Timer,0,0,False,0,1,2,0,3606
0,unknown,cat,0,1,False,2,0,1,-1,3607
0,unknown,Thread-214 (wor,0,0,False,0,1,2,0,3608
0,unknown,Timer,0,0,False,0,1,2,0,3609
0,unknown,libuv-worker,0,0,False,0,1,2,0,3610
0,unknown,Thread-70 (work,0,0,False,0,1,2,0,3611
1,unknown,Backgro~Pool #2,0,0,False,0,1,2,8,3612
1,unknown,ThreadPoolForeg,0,0,False,0,1,2,-1,3613
1,unknown,TikToken worker,0,0,False,0,1,2,0,3614
0,unknown,Thread-38 (work,0,0,False,0,1,2,0,3615
0,unknown,sleep,0,0,False,2,0,1,-1,3616
0,unknown,FSBroker20700,0,0,False,0,1,1,10,3617
0,unknown,StyleThread#2,0,0,False,0,1,2,-1,3618
0,unknown,CanvasRenderer,0,0,False,0,1,2,-1,3619
0,unknown,mutter-x11-fram,1,1,True,2,0,1,-1,3620
0,unknown,sleep,0,0,False,2,0,1,-1,3621
0,unknown,Thread-118 (wor,0,0,False,0,1,2,0,3622
1,unknown,Thread-194 (wor,0,0,False,0,1,2,0,3623
0,unknown,cpuUsage.sh,0,0,False,2,0,1,9,3624
0,unknown,WorkerThread,0,0,False,0,1,2,0,3625
0,unknown,sh,0,1,False,2,0,1,-1,3626
0,unknown,Thread-220 (_ha,0,0,False,0,1,2,0,3627
1,unknown,sqldb:c~lite #3,0,0,False,0,1,2,0,3628
0,unknown,libuv-worker,0,0,False,0,1,2,0,3629
0,unknown,Thread-105 (wor,0,0,False,0,1,2,0,3630
0,unknown,Thread-44 (_han,0,0,False,0,1,2,0,3631
0,unknown,cpuUsage.sh,0,1,False,2,0,1,-1,3632
0,unknown,Thread-217 (wor,0,0,False,0,1,2,0,3633
0,unknown,JS Watchdog,0,0,False,0,1,2,0,3635
0,unknown,V8Worker,0,0,False,0,1,2,-1,3637
0,unknown,sqldb:p~lite #2,0,0,False,0,1,2,0,3638
0,unknown,IPC I/O Parent,0,0,False,0,1,1,-1,3639
0,unknown,cpuUsage.sh,0,0,False,0,1,1,7,3640
0,unknown,Thread-30 (work,0,0,False,0,1,2,0,3641
0,unknown,Thread-11 (_han,0,0,False,0,1,2,0,3642
0,unknown,kworker/1:0,0,0,False,0,1,2,0,3643
0,unknown,sleep,0,1,False,2,0,1,-1,3644
0,unknown,V8Worker,0,0,False,0,1,2,-1,3645
0,unknown,Thread-34 (work,0,0,False,0,1,2,0,3646
0,unknown,code,0,0,False,2,0,1,-1,3647
0,unknown,JS Watchdog,0,0,False,0,1,2,0,3648
0,unknown,ps,1,1,True,2,0,1,-1,3649
0,unknown,Thread-47 (work,0,0,False,0,1,2,0,3650
0,unknown,Thread-8 (worke,0,0,False,0,1,2,0,3651
0,unknown,Thread-41 (work,0,0,False,0,1,2,0,3652
0,unknown,stress-ng-vm,0,0,False,0,1,2,0,3653
0,unknown,python,1,1,True,2,3,1,-1,3654
0,unknown,DOMCacheThread,0,0,False,0,1,2,5,3655
0,unknown,StreamTrans #55,0,0,False,0,1,2,0,3656
0,unknown,cpuUsage.sh,0,0,False,2,0,1,9,3657
0,unknown,Thread-40 (work,0,0,False,0,1,2,0,3658
0,unknown,Thread-72 (work,0,0,False,0,1,2,0,3659
0,unknown,sh,0,0,False,2,0,1,-1,3660
0,unknown,python3,0,0,False,2,0,1,-1,3661
0,unknown,Thread-154 (_ha,0,0,False,0,1,2,-1,3662
0,unknown,Thread-105 (wor,0,0,False,0,1,2,0,3663
0,unknown,dconf worker,0,0,False,0,1,2,0,3664
0,unknown,Privileged Cont,1,0,False,2,0,1,-1,3665
0,unknown,Thread-209 (_ha,0,0,False,0,1,2,0,3666
1,unknown,Thread-52 (work,0,0,False,0,1,2,0,3667
0,unknown,cat,0,0,False,2,0,1,-1,3668
0,unknown,Thread-106 (wor,0,0,False,0,1,2,0,3669
1,unknown,WebExtensions,0,0,False,2,0,1,-1,3670
1,unknown,Thread-168 (wor,0,0,False,0,1,2,-1,3671
0,unknown,StreamTrans #54,0,0,False,0,1,2,-1,3672
0,unknown,sh,0,0,False,2,0,1,-1,3673
0,unknown,StreamTrans #50,0,0,False,0,1,2,-1,3674
0,unknown,Chrome_ChildIOT,0,0,False,0,1,2,-1,3675
1,unknown,IPC I/O Child,0,0,False,0,1,2,-1,3676
1,unknown,Thread-170 (wor,0,0,False,0,1,2,-1,3677
1,unknown,TaskCon~ller #6,0,0,False,0,1,2,0,3678
0,unknown,Thread-72 (work,0,0,False,0,1,2,0,3679
0,unknown,Thread-49 (work,0,0,False,0,1,2,0,3680
1,unknown,Thread-126 (wor,0,0,False,0,1,2,-1,3681
0,unknown,Thread-95 (work,0,0,False,0,1,2,0,3682
0,unknown,code,1,1,True,2,0,1,-1,3683
0,unknown,TaskCon~ller #1,0,0,False,0,1,2,-1,3684
0,unknown,which,0,0,False,2,0,1,-1,3685
0,unknown,zbus::Connectio,0,1,False,0,1,2,0,3686
0,unknown,bash,0,1,False,2,0,1,-1,3687
0,unknown,Thread-24 (work,0,0,False,0,1,2,0,3688
0,unknown,kworker/1:1,1,1,True,2,0,1,-1,3689
0,unknown,Thread-95 (work,0,0,False,0,1,2,0,3690
2,unknown,IPC I/O Child,0,0,False,0,1,2,0,3691
0,unknown,Chrome_ChildIOT,0,0,False,0,1,2,0,3692
0,unknown,Thread-34 (work,0,0,False,0,1,2,0,3693
0,unknown,snap,0,0,False,0,1,2,0,3694
0,unknown,blocking-70,0,0,False,0,1,2,0,3695
0,unknown,sed,0,0,False,2,0,1,-1,3696
0,unknown,Indexed~IO #251,0,0,False,0,1,2,-1,3697
0,unknown,ThreadPoolForeg,0,0,False,0,1,2,-1,3698
0,unknown,libuv-worker,0,0,False,0,1,2,0,3699
0,unknown,pet,0,0,False,0,1,1,10,3700
0,unknown,pet,0,0,False,0,1,2,-1,3701
0,unknown,ThreadPoolForeg,0,0,False,0,1,2,-1,3702
1,unknown,V8Worker,0,0,False,0,1,2,-1,3703
0,unknown,Thread-3 (worke,0,0,False,0,1,2,0,3704
0,unknown,Thread-37 (work,0,0,False,0,1,2,0,3706
0,unknown,gdbus,0,0,False,0,1,2,8,3708
0,unknown,code,0,0,False,0,1,2,0,3709
0,unknown,Thread-206 (wor,0,0,False,0,1,2,0,3710
0,unknown,bash,0,1,False,2,0,1,-1,3711
0,unknown,StreamTrans #54,0,0,False,0,1,2,0,3712
0,unknown,Thread-58 (work,0,0,False,0,1,2,0,3713
0,unknown,sh,0,0,False,0,1,1,-1,3714
0,unknown,stress-ng-vm,1,1,True,2,0,1,-1,3715
0,unknown,JS Helper,0,0,False,0,1,2,0,3716
0,unknown,Chrome_ChildIOT,0,0,False,0,1,2,-1,3717
0,unknown,cat,0,0,False,2,0,1,4,3718
0,unknown,Thread-7 (worke,0,0,False,0,1,2,0,3719
0,unknown,mpris-proxy,0,0,False,2,0,1,-1,3720
0,unknown,TaskCon~ller #5,0,0,False,0,1,2,0,3721
0,unknown,DedicatedWorker,0,0,False,0,1,2,0,3722
0,unknown,Thread-123 (wor,0,0,False,0,1,2,0,3723
0,unknown,Thread-13 (work,0,0,False,0,1,2,0,3724
0,unknown,Thread-49 (work,0,0,False,0,1,2,0,3725
0,unknown,code,1,0,False,2,3,1,-1,3726
0,unknown,Thread-15 (work,0,0,False,0,1,2,0,3727
0,unknown,TaskCon~ller #2,0,0,False,0,1,2,0,3728
0,unknown,IPDL Background,0,0,False,0,1,2,-1,3729
0,unknown,kworker/u33:1,0,1,False,0,0,1,-1,3730
0,unknown,Thread-44 (_han,0,0,False,0,1,2,0,3731
0,unknown,sh,0,0,False,2,0,1,1,3732
0,unknown,gmain,0,0,False,0,1,2,0,3733
0,unknown,code,1,0,False,2,3,1,-1,3734
0,unknown,cpuUsage.sh,0,0,False,2,0,1,-1,3735
0,unknown,code,0,0,False,0,1,2,0,3736
0,unknown,Thread-38 (work,0,0,False,0,1,2,0,3737
0,unknown,Thread-11 (_han,0,0,False,0,1,2,0,3738
0,unknown,TikToken worker,0,0,False,0,1,2,-1,3739
0,unknown,WRWorkerLP#2,0,0,False,0,1,1,-1,3740
0,unknown,sed,0,1,False,2,0,1,-1,3741
0,unknown,pet,0,1,False,0,1,2,0,3742
0,unknown,WebExtensions,0,0,False,2,0,1,-1,3743
0,unknown,cpuUsage.sh,0,0,False,2,0,1,9,3744
0,unknown,Chrome_IOThread,0,0,False,0,1,1,-1,3745
1,unknown,cpuUsage.sh,0,0,False,2,0,1,-1,3746
0,unknown,pet,0,0,False,0,1,2,11,3747
0,unknown,Thread-6 (worke,0,0,False,0,1,2,0,3748
0,unknown,Thread-66 (_han,0,0,False,0,1,2,0,3749
0,unknown,Thread-17 (work,0,0,False,0,1,2,0,3750
0,unknown,Thread-10 (_han,0,1,False,0,1,2,0,3751
0,unknown,gmain,0,0,False,0,1,2,0,3752
0,unknown,python,1,1,True,2,0,1,-1,3753
0,unknown,JS Watchdog,0,0,False,0,1,2,0,3754
1,unknown,Thread-169 (wor,0,0,False,0,1,2,-1,3755
0,unknown,cpuUsage.sh,0,0,False,2,0,1,-1,3756
0,unknown,sh,0,0,False,2,0,1,-1,3757
0,unknown,CompositorTileW,0,0,False,0,1,2,0,3758
0,unknown,StyleThread#1,0,1,False,0,1,1,-1,3759
0,unknown,Backgro~ool #28,0,0,False,0,1,2,0,3760
1,unknown,Thread-180 (wor,0,0,False,0,1,2,0,3761
0,unknown,Thread-160 (wor,0,0,False,0,1,2,-1,3762
0,unknown,bpftool,0,1,False,2,0,1,-1,3763
0,unknown,ibus-daemon,0,0,False,2,0,1,-1,3764
0,unknown,pinner,0,0,False,0,1,2,0,3765
0,unknown,git,0,0,False,2,0,1,-1,3766
0,unknown,DelayedTaskSche,0,0,False,0,1,2,0,3767
0,unknown,Thread-27 (work,0,0,False,0,1,2,0,3768
0,unknown,cpuUsage.sh,0,0,False,2,0,1,15,3769
0,unknown,TaskCon~ller #3,0,0,False,0,1,2,0,3770
0,unknown,V8Worker,0,0,False,0,1,2,-1,3771
0,unknown,Thread-79 (work,0,0,False,0,1,2,0,3772
0,unknown,sqldb:c~lite #9,0,0,False,0,1,2,0,3773
0,unknown,rcu_preempt,0,1,False,0,1,1,-1,3774
0,unknown,Thread-71 (work,0,0,False,0,1,2,0,3775
0,unknown,code,0,0,False,2,0,1,-1,3776
0,unknown,Thread-96 (work,0,0,False,0,1,2,0,3777
0,unknown,Thread-210 (wor,0,0,False,0,1,2,0,3778
0,unknown,Thread-73 (work,0,0,False,0,1,2,0,3779
0,unknown,WaylandProxy,0,0,False,0,1,1,-1,3780
0,unknown,Thread-212 (wor,0,1,False,0,1,2,0,3781
0,unknown,TaskCon~ller #1,0,0,False,0,1,2,0,3782
0,unknown,Thread-12 (work,0,0,False,0,1,2,0,3783
0,unknown,Thread-51 (work,0,0,False,0,1,2,0,3784
0,unknown,Thread-28 (work,0,0,False,0,1,2,0,3785
0,unknown,StreamT~ns #626,0,0,False,0,1,2,0,3786
0,unknown,JS Watchdog,0,0,False,0,1,2,0,3787
1,unknown,Thread-155 (wor,0,0,False,0,1,2,-1,3788
0,unknown,Thread-215 (wor,0,0,False,0,1,2,-1,3789
0,unknown,Priority Queue ,0,0,False,0,1,2,-1,3790
0,unknown,V8Worker,0,0,False,0,1,2,0,3791
0,unknown,Thread-79 (work,0,0,False,0,1,2,0,3792
0,unknown,Thread-100 (wor,0,0,False,0,1,2,0,3793
0,unknown,dbus-daemon,0,0,False,2,0,1,-1,3794
0,unknown,V8Worker,0,0,False,0,1,2,0,3795
0,unknown,StreamTrans #31,0,0,False,0,1,1,-1,3796
0,unknown,git,0,1,False,2,0,1,-1,3797
0,unknown,cat,0,0,False,2,0,1,6,3798
0,unknown,ThreadPoolForeg,0,0,False,0,1,2,0,3800
0,unknown,code,0,0,False,2,0,1,-1,3801
0,unknown,gmain,0,0,False,0,1,2,0,3802
2,unknown,gsd-media-keys,1,0,False,2,0,1,-1,3803
1,unknown,Thread-176 (_ha,0,0,False,0,1,2,0,3804
0,unknown,Thread-6 (worke,0,0,False,0,1,2,0,3805
0,unknown,cpuUsage.sh,0,0,False,2,0,1,9,3806
0,unknown,Thread-2 (worke,0,0,False,0,1,2,0,3807
0,unknown,Thread-60 (work,0,0,False,0,1,2,0,3808
0,unknown,Thread-16 (work,0,0,False,0,1,2,0,3809
1,unknown,Thread-45 (work,0,0,False,0,1,2,0,3810
1,unknown,TaskCon~ller #3,0,0,False,0,1,2,-1,3811
0,unknown,bash,0,0,False,0,1,1,-1,3812
0,unknown,pool-12,0,0,False,0,1,2,14,3813
0,unknown,Thread-22 (_han,0,1,False,0,1,2,0,3814
0,unknown,Thread-183 (wor,0,0,False,0,1,2,-1,3815
0,unknown,Thread-48 (work,0,0,False,0,1,2,14,3816
0,unknown,StreamT~ns #631,0,0,False,0,1,2,-1,3817
1,unknown,Thread-12 (work,0,0,False,0,1,2,0,3818
1,unknown,libuv-worker,0,0,False,0,1,2,0,3819
0,unknown,gmain,0,0,False,0,1,2,0,3820
0,unknown,sudo,0,0,False,0,0,2,-1,3822
0,unknown,Thread-122 (wor,0,0,False,0,1,2,0,3823
0,unknown,Thread-18 (work,0,0,False,0,1,2,0,3824
0,unknown,JS Watchdog,0,0,False,0,1,2,0,3825
0,unknown,Thread-89 (work,0,0,False,0,1,2,0,3826
0,unknown,Isolated Web Co,1,0,False,2,0,1,-1,3827
0,unknown,cat,0,0,False,2,0,1,4,3828
0,unknown,Isolated Servic,0,0,False,2,0,1,-1,3829
1,unknown,WRWorkerLP#6,0,0,False,0,1,1,-1,3830
0,unknown,cpuUsage.sh,0,0,False,2,0,1,-1,3831
0,unknown,CompositorTileW,0,0,False,0,1,2,0,3832
0,unknown,gdbus,0,0,False,0,1,2,0,3833
0,unknown,Thread-15 (work,0,0,False,0,1,2,0,3834
0,unknown,libuv-worker,0,0,False,0,1,2,0,3835
0,unknown,CompositorTileW,0,0,False,0,1,2,0,3836
0,unknown,Thread-71 (work,0,0,False,0,1,2,0,3837
0,unknown,cat,0,0,False,2,0,1,4,3838
1,unknown,Isolated Servic,1,1,True,2,0,1,-1,3839
0,unknown,pet,0,0,False,0,1,1,-1,3840
0,unknown,WRWorkerLP#4,0,0,False,0,1,1,-1,3841
0,unknown,Compositor,0,0,False,0,1,1,-1,3842
0,unknown,DelayedTaskSche,0,0,False,0,1,2,0,3843
0,unknown,StreamTrans #70,0,0,False,0,1,2,-1,3844
0,unknown,Thread-8 (worke,0,0,False,0,1,2,0,3845
0,unknown,which,0,0,False,2,0,1,-1,3846
0,unknown,BgIOThr~ool #19,0,0,False,0,1,2,0,3847
0,unknown,gly-rayon-1,0,0,False,0,1,2,0,3848
0,unknown,Thread-21 (_han,0,0,False,0,1,2,0,3849
0,unknown,dconf-service,0,0,False,0,0,1,-1,3850
2,unknown,cpuUsage.sh,0,0,False,2,0,1,18,3851
0,unknown,Thread-23 (work,0,0,False,0,1,2,0,3852
0,unknown,kthreadd,0,1,False,0,1,2,-1,3853
0,unknown,Thread-10 (_han,0,0,False,0,1,2,0,3855
0,unknown,WRScene~ilder#1,0,0,False,0,1,2,-1,3856
0,unknown,TaskCon~ller #4,0,0,False,0,1,2,0,3857
0,unknown,Thread-110 (_ha,0,0,False,0,1,2,0,3858
2,unknown,pet,0,0,False,0,1,1,10,3859
0,unknown,kcompactd0,0,0,False,0,1,2,-1,3860
1,unknown,Thread-180 (wor,0,0,False,0,1,2,-1,3861
0,unknown,Thread-208 (_ha,0,1,False,0,1,2,0,3862
0,unknown,ibus-x11,0,1,False,2,0,1,-1,3863
0,unknown,Thread-78 (work,0,0,False,0,1,2,0,3864
0,unknown,Thread-1 (worke,0,0,False,0,1,2,0,3865
0,unknown,Thread-29 (work,0,0,False,0,1,2,0,3866
0,unknown,gmain,0,0,False,0,1,2,0,3867
0,unknown,Thread-213 (wor,0,0,False,0,1,2,0,3868
0,unknown,avahi-daemon,0,0,False,2,0,1,-1,3870
2,unknown,Thread-160 (wor,0,0,False,0,1,2,0,3871
0,unknown,cat,0,0,False,2,0,1,12,3872
0,unknown,JS Helper,0,0,False,0,1,2,0,3873
0,unknown,Thread-65 (_han,0,0,False,0,1,2,0,3874
0,unknown,Thread-41 (work,0,0,False,0,1,2,0,3875
1,unknown,TaskCon~ller #2,0,0,False,0,1,2,0,3876
0,unknown,cat,0,0,False,2,0,1,4,3877
1,unknown,Thread-145 (wor,0,0,False,0,1,2,0,3878
0,unknown,gvfs-afc-volume,0,0,False,0,1,2,0,3879
0,unknown,Thread-22 (_han,0,0,False,0,1,2,0,3880
0,unknown,cat,0,0,False,2,0,1,6,3881
0,unknown,Timer,0,0,False,0,1,2,19,3882
0,unknown,Thread-89 (work,0,0,False,0,1,2,0,3883
0,unknown,rcu_exp_gp_kthr,0,1,False,0,1,2,-1,3884
0,unknown,Thread-30 (work,0,0,False,0,1,2,0,3885
0,unknown,cpuUsage.sh,0,1,False,2,0,1,-1,3886
0,unknown,cat,0,0,False,2,0,1,4,3887
0,unknown,pet,0,0,False,0,1,1,-1,3888
1,unknown,ThreadPoolForeg,0,0,False,0,1,2,-1,3889
0,unknown,StyleThread#4,0,1,False,0,1,1,-1,3890
1,unknown,V8Worker,0,0,False,0,1,2,17,3891
0,unknown,bash,0,1,False,2,0,1,-1,3892
0,unknown,IPC I/O Child,0,0,False,0,1,2,0,3893
1,unknown,Thread-154 (_ha,0,0,False,0,1,2,-1,3894
0,unknown,Chrome_IOThread,0,0,False,0,1,1,-1,3895
0,unknown,bash,0,1,False,2,0,1,-1,3896
0,unknown,kworker/u32:0,1,0,False,2,0,1,-1,3897
0,unknown,kworker/1:0,0,0,False,0,1,1,-1,3898
0,unknown,Thread-49 (work,0,0,False,0,1,2,-1,3899
0,unknown,Thread-73 (work,0,0,False,0,1,2,0,3900
0,unknown,gsd-media-keys,0,0,False,0,0,1,-1,3901
1,unknown,Thread-172 (wor,0,0,False,0,1,2,-1,3902
0,unknown,cpuUsage.sh,0,0,False,0,1,1,7,3903
0,unknown,Thread-57 (work,0,0,False,0,1,2,0,3904
1,unknown,Thread-111 (wor,0,0,False,0,1,2,-1,3905
0,unknown,dbus-daemon,0,0,False,2,0,1,-1,3906
1,unknown,Thread-123 (wor,0,0,False,0,1,2,-1,3907
0,unknown,sudo,0,0,False,2,0,1,-1,3908
1,unknown,Thread-128 (wor,0,0,False,0,1,2,-1,3909
0,unknown,cat,0,1,False,2,0,1,-1,3910
0,unknown,pet,0,0,False,0,1,1,-1,3911
0,unknown,Thread-45 (work,0,0,False,0,1,2,0,3912
0,unknown,QuotaManager IO,0,0,False,0,1,2,0,3913
0,unknown,git,0,0,False,2,0,1,-1,3914
0,unknown,jbd2/sdb4-8,0,0,False,0,1,2,0,3915
0,unknown,Thread-5 (worke,0,0,False,0,1,2,0,3916
0,unknown,pet,0,0,False,0,1,1,10,3917
0,unknown,which,0,0,False,2,0,1,-1,3918
0,unknown,IPC I/O Child,0,0,False,0,1,2,0,3919
0,unknown,DOM Worker,0,1,False,0,1,2,-1,3920
0,unknown,Thread-5 (worke,0,0,False,0,1,2,0,3921
0,unknown,Socket Thread,0,0,False,0,1,2,-1,3922
0,unknown,Thread-208 (_ha,0,1,False,0,1,2,0,3923
1,unknown,cpuUsage.sh,0,0,False,2,0,1,-1,3924
0,unknown,Thread-2 (worke,0,0,False,0,1,2,0,3925
1,unknown,ThreadPoolForeg,0,0,False,0,1,2,-1,3926
0,unknown,Thread-19 (work,0,0,False,0,1,2,0,3927
0,unknown,sh,0,0,False,2,0,1,-1,3928
0,unknown,Thread-35 (work,0,0,False,0,1,2,0,3930
0,unknown,code,1,0,False,2,3,1,-1,3931
2,unknown,cat,1,0,False,2,0,1,4,3932
0,unknown,Thread-47 (work,0,0,False,0,1,2,0,3933
0,unknown,gdbus,0,0,False,0,1,2,0,3934
0,unknown,Thread-32 (_han,0,0,False,0,1,2,0,3935
1,unknown,Thread-193 (wor,0,0,False,0,1,2,-1,3936
0,unknown,gdbus,0,0,False,0,1,2,-1,3937
2,unknown,WebExtensions,1,1,True,2,0,1,-1,3938
0,unknown,Thread-107 (wor,0,0,False,0,1,2,0,3939
0,unknown,Thread-12 (work,0,0,False,0,1,2,0,3940
0,unknown,DelayedTaskSche,0,0,False,0,1,2,0,3941
0,unknown,git,0,0,False,2,0,1,-1,3942
0,unknown,cat,0,0,False,2,0,1,6,3943
0,unknown,gdbus,0,0,False,0,1,2,0,3944
1,unknown,Thread-146 (wor,0,0,False,0,1,2,5,3945
0,unknown,ThreadPoolForeg,0,0,False,0,1,2,-1,3946
1,unknown,IPC I/O Child,0,0,False,0,1,2,-1,3947
0,unknown,Thread-61 (work,0,0,False,0,1,2,0,3948
0,unknown,sh,0,0,False,2,0,1,-1,3949
0,unknown,Thread-24 (work,0,0,False,0,1,2,0,3950
0,unknown,cat,0,0,False,2,0,1,4,3951
0,unknown,pet,0,0,False,0,1,1,-1,3952
1,unknown,python,0,0,False,0,1,1,-1,3953
1,unknown,Thread-138 (wor,0,0,False,0,1,2,-1,3954
0,unknown,Chrome_ChildIOT,0,0,False,0,1,1,-1,3955
0,unknown,WrGlyph~terizer,0,0,False,0,1,2,0,3956
0,unknown,cpuUsage.sh,0,0,False,2,0,1,-1,3957
0,unknown,WRWorkerLP#3,0,0,False,0,1,1,-1,3958
0,unknown,Thread-4 (worke,0,0,False,0,1,2,0,3959
0,unknown,pool-2,0,1,False,0,1,2,0,3960
1,unknown,Thread-115 (wor,0,0,False,0,1,2,-1,3961
0,unknown,cat,0,0,False,2,0,1,-1,3962
0,unknown,Thread-215 (wor,0,0,False,0,1,2,0,3963
2,unknown,kworker/5:0,0,1,False,2,1,1,-1,3964
1,unknown,TaskCon~ller #1,0,0,False,0,1,2,-1,3965
0,unknown,systemd-oomd,1,1,True,2,0,1,-1,3966
0,unknown,pet,0,0,False,0,1,1,10,3967
0,unknown,fwupd,0,0,False,2,0,1,-1,3968
1,unknown,wireplumber,1,0,False,2,0,1,-1,3970
0,unknown,sed,0,0,False,2,0,1,16,3971
0,unknown,Chrome_ChildIOT,0,0,False,0,1,2,0,3972
0,unknown,TaskCon~ller #1,0,0,False,0,1,2,-1,3973
2,unknown,IPC I/O Child,0,0,False,0,1,2,0,3974
0,unknown,sh,0,0,False,2,0,1,-1,3975
0,unknown,Thread-3 (worke,0,0,False,0,1,2,0,3976
0,unknown,sh,0,0,False,2,0,1,-1,3977
0,unknown,MemoryPoller,0,0,False,0,1,2,0,3978
0,unknown,cpuUsage.sh,0,0,False,0,1,1,-1,3979
0,unknown,Isolated Web Co,1,1,True,2,0,1,-1,3980
0,unknown,code,1,1,True,2,3,1,-1,3981
1,unknown,polkitd,0,0,False,2,0,1,-1,3982
0,unknown,gly-rayon-4,0,0,False,0,1,1,10,3983
0,unknown,sh,0,0,False,2,0,1,-1,3984
0,unknown,Thread-23 (work,0,0,False,0,1,2,0,3985
1,unknown,kworker/0:0,1,1,True,2,0,1,-1,3986
0,unknown,rtkit-daemon,0,0,False,0,1,2,0,3987
0,unknown,pool-91,0,0,False,0,1,2,2,3988
0,unknown,cpuUsage.sh,0,1,False,2,0,1,-1,3989
0,unknown,pet,0,0,False,0,1,1,10,3990
0,unknown,power-profiles-,0,0,False,2,0,1,-1,3991
2,unknown,Thread-165 (_ha,1,0,False,0,1,2,-1,3992
0,unknown,Thread-112 (wor,0,0,False,0,1,2,-1,3993
0,unknown,cpuUsage.sh,0,0,False,2,0,1,9,3994
0,unknown,ibus-engine-sim,0,0,False,2,0,1,-1,3995
0,unknown,code,0,0,False,2,0,1,-1,3996
0,unknown,Thread-1 (worke,0,0,False,0,1,2,0,3997
0,unknown,Thread-5 (worke,0,0,False,0,1,2,0,3998
0,unknown,Thread-51 (work,0,0,False,0,1,2,0,3999
0,unknown,TaskCon~ller #5,0,0,False,0,1,2,0,4000
0,unknown,pet,0,0,False,0,1,2,-1,4001
0,unknown,bwrap,0,0,False,0,1,2,-1,4002
0,unknown,avahi-daemon,0,0,False,2,0,1,-1,4003
0,unknown,Thread-37 (work,0,1,False,0,1,2,0,4004
0,unknown,TaskCon~ller #3,0,0,False,0,1,2,0,4005
1,unknown,ThreadPoolForeg,0,1,False,0,1,2,-1,4006
1,unknown,Thread-182 (wor,0,0,False,0,1,2,3,4007
0,unknown,cpuUsage.sh,0,0,False,2,0,1,-1,4008
0,unknown,Thread-29 (work,0,0,False,0,1,2,0,4009
0,unknown,WorkerThread,0,0,False,0,1,2,0,4010
0,unknown,WrGlyph~terizer,0,0,False,0,1,2,0,4011
0,unknown,code,0,0,False,0,1,2,-1,4012
0,unknown,cpuUsage.sh,0,0,False,2,0,1,-1,4013
0,unknown,StreamT~ns #621,0,0,False,0,1,2,0,4014
0,unknown,lesspipe,0,0,False,2,0,1,-1,4015
2,unknown,MediaDe~ine #77,0,0,False,0,1,2,0,4016
0,unknown,which,0,0,False,2,0,1,-1,4017
0,unknown,cat,0,1,False,2,0,1,6,4018
0,unknown,WRScene~ilder#1,0,0,False,0,1,2,-1,4019
0,unknown,code,0,0,False,0,1,2,-1,4020
0,unknown,Thread-82 (work,0,0,False,0,1,2,0,4021
0,unknown,bash,0,1,False,2,0,1,-1,4022
1,unknown,kworker/4:0,1,1,True,2,0,1,-1,4023
0,unknown,StyleThread#4,0,0,False,0,1,2,0,4024
0,unknown,sudo,1,0,False,2,0,1,-1,4025
0,unknown,WorkerThread,0,0,False,0,1,2,0,4026
0,unknown,cat,0,0,False,2,0,1,4,4027
0,unknown,Thread-6 (worke,0,0,False,0,1,2,0,4028
0,unknown,V8Worker,0,0,False,0,1,2,0,4029
0,unknown,pet,0,0,False,0,1,2,-1,4030
0,unknown,Thread-33 (_han,0,0,False,0,1,2,0,4031
0,unknown,WorkerThread,0,0,False,0,1,2,0,4032
0,unknown,sed,0,0,False,2,0,1,-1,4033
2,unknown,TaskCon~ller #5,0,0,False,0,1,2,0,4034
0,unknown,Thread-55 (_han,0,0,False,0,1,2,0,4035
0,unknown,StreamTrans #56,0,0,False,0,1,2,-1,4036
0,unknown,TaskCon~ller #2,0,0,False,0,1,2,0,4037
0,unknown,V8Worker,0,0,False,0,1,2,0,4038
0,unknown,Thread-69 (work,0,0,False,0,1,2,0,4039
0,unknown,cpuUsage.sh,0,0,False,2,0,1,-1,4040
0,unknown,IPC I/O Child,0,0,False,0,1,2,-1,4041
2,unknown,Thread-155 (wor,0,0,False,0,1,2,-1,4042
0,unknown,Thread-193 (wor,0,0,False,0,1,2,0,4043
0,unknown,Task Runner for,0,0,False,0,1,2,-1,4044
0,unknown,Thread-13 (work,0,0,False,0,1,2,0,4045
1,unknown,Thread-169 (wor,0,0,False,0,1,2,17,4046
0,unknown,Thread-44 (_han,0,0,False,0,1,2,0,4047
2,unknown,TaskCon~ller #6,0,0,False,0,1,2,0,4048
0,unknown,libuv-worker,0,0,False,0,1,2,2,4049
0,unknown,FSBroker20107,0,0,False,0,1,2,14,4050
0,unknown,StreamT~ns #624,0,0,False,0,1,2,0,4051
0,unknown,Thread-125 (wor,0,0,False,0,1,2,-1,4052
0,unknown,Timer,0,0,False,0,1,2,0,4053
1,unknown,Chrome_ChildIOT,0,0,False,0,1,2,-1,4054
1,unknown,Thread-18 (work,0,0,False,0,1,2,13,4055
0,unknown,Thread-38 (work,0,0,False,0,1,2,8,4056
0,unknown,TaskCon~ller #2,0,0,False,0,1,2,0,4057
0,unknown,gvfsd-network,0,1,False,2,0,1,-1,4058
0,unknown,V8Worker,0,0,False,0,1,2,0,4059
0,unknown,Privileged Cont,1,0,False,2,0,1,-1,4060
0,unknown,Thread-5 (worke,0,0,False,0,1,2,0,4061
0,unknown,bash,0,0,False,0,0,1,-1,4062
0,unknown,Thread-202 (wor,0,0,False,0,1,2,0,4063
0,unknown,Thread-202 (wor,0,0,False,0,1,2,13,4064
0,unknown,bpftool,1,0,False,2,0,1,-1,4065
2,unknown,cpuUsage.sh,0,0,False,2,0,1,-1,4066
0,unknown,pet,0,1,False,0,1,1,10,4067
0,unknown,TaskCon~ller #1,0,0,False,0,1,2,0,4068
2,unknown,cpuUsage.sh,0,0,False,2,0,1,18,4069
0,unknown,gmain,0,0,False,0,1,2,0,4070
0,unknown,code,0,0,False,2,0,1,-1,4071
0,unknown,xdg-desktop-por,0,0,False,2,0,1,-1,4072
0,unknown,sh,0,0,False,2,0,1,-1,4073
0,unknown,MediaDe~ine #74,0,0,False,0,1,2,-1,4074
3,unknown,TaskCon~ller #6,0,0,False,0,1,2,0,4075
0,unknown,gmain,0,0,False,0,1,2,0,4076
0,unknown,Thread-211 (wor,0,0,False,0,1,2,0,4077
0,unknown,code,0,0,False,2,0,1,-1,4078
0,unknown,Thread-144 (wor,0,0,False,0,1,2,0,4079
0,unknown,code,0,0,False,2,0,1,-1,4080
0,unknown,Thread-146 (wor,0,0,False,0,1,2,-1,4081
0,unknown,TaskCon~ller #5,0,0,False,0,1,2,0,4082
0,unknown,Thread-52 (work,0,0,False,0,1,2,0,4083
0,unknown,cpuUsage.sh,0,0,False,0,1,1,-1,4084
0,unknown,Thread-219 (_ha,0,0,False,0,1,2,0,4085
0,unknown,gdbus,0,0,False,0,1,2,0,4086
1,unknown,Thread-147 (wor,0,0,False,0,1,2,-1,4087
0,unknown,Thread-30 (work,0,0,False,0,1,2,0,4088
0,unknown,Thread-130 (_ha,0,0,False,0,1,2,0,4089
0,unknown,libuv-worker,0,0,False,0,1,2,0,4090
0,unknown,Thread-17 (work,0,0,False,0,1,2,0,4091
0,unknown,Thread-61 (work,0,0,False,0,1,2,0,4092
0,unknown,cpuUsage.sh,0,0,False,2,0,1,-1,4093
0,unknown,stress-ng-cpu,0,1,False,2,0,1,-1,4094
0,unknown,cat,0,0,False,2,0,1,-1,4095
0,unknown,Thread-49 (work,0,0,False,0,1,2,0,4096
0,unknown,gmain,0,0,False,0,1,2,0,4097
0,unknown,cat,0,0,False,2,0,1,6,4098
0,unknown,Timer,0,0,False,0,1,2,0,4099
0,unknown,Thread-13 (work,0,0,False,0,1,2,0,4100
0,unknown,stress-ng-vm,0,0,False,0,1,2,0,4101
0,unknown,pet,0,0,False,0,1,1,-1,4102
0,unknown,python,0,0,False,0,1,1,-1,4103
1,unknown,snapd,0,0,False,0,1,2,-1,4104
0,unknown,Thread-84 (work,0,0,False,0,1,2,0,4105
0,unknown,Socket Thread,0,0,False,0,1,2,0,4106
0,unknown,Thread-110 (_ha,0,0,False,0,1,2,0,4107
1,unknown,Thread-148 (wor,0,0,False,0,1,2,-1,4108
0,unknown,cat,0,1,False,2,0,1,-1,4109
1,unknown,V8Worker,0,0,False,0,1,2,0,4110
0,unknown,Thread-10 (_han,0,0,False,0,1,2,0,4111
0,unknown,IPC I/O Child,0,0,False,0,1,2,0,4112
0,unknown,code,1,1,True,2,3,1,-1,4113
0,unknown,Thread-65 (_han,0,0,False,0,1,2,0,4114
0,unknown,Thread-144 (wor,0,0,False,0,1,2,-1,4115
0,unknown,code,0,0,False,0,1,1,-1,4116
0,unknown,cat,0,0,False,2,0,1,-1,4117
0,unknown,cat,0,0,False,2,0,1,21,4118
0,unknown,TaskCon~ller #3,0,0,False,0,1,2,-1,4119
0,unknown,snapd,0,1,False,0,1,2,0,4120
0,unknown,Backgro~Pool #3,0,0,False,0,1,2,0,4121
1,unknown,WRWorker#2,0,0,False,0,1,2,-1,4122
0,unknown,pet,0,0,False,0,1,2,11,4123
0,unknown,Thread-23 (work,0,0,False,0,1,2,-1,4124
0,unknown,ThreadPoolForeg,0,0,False,0,1,2,-1,4125
0,unknown,gdbus,0,0,False,0,1,2,0,4126
0,unknown,code,0,1,False,2,0,1,-1,4127
0,unknown,WRWorker#0,0,0,False,0,1,2,0,4128
0,unknown,Thread-63 (work,0,0,False,0,1,2,0,4129
0,unknown,Thread-142 (_ha,0,0,False,0,1,2,-1,4130
0,unknown,code,1,0,False,2,3,1,-1,4131
0,unknown,Thread-5 (worke,0,0,False,0,1,2,0,4132
0,unknown,V8Worker,0,0,False,0,1,2,-1,4133
0,unknown,Thread-220 (_ha,0,0,False,0,1,2,0,4134
0,unknown,code,1,0,False,2,3,1,-1,4135
0,unknown,irq/9-acpi,0,1,False,0,1,2,-1,4136
0,unknown,Thread-43 (_han,0,0,False,0,1,2,0,4137
0,unknown,Privileged Cont,1,0,False,2,0,1,-1,4138
0,unknown,JS Helper,0,0,False,0,1,2,0,4139
0,unknown,bash,0,1,False,2,0,1,-1,4140
0,unknown,python,0,0,False,0,1,1,-1,4141
0,unknown,gvfsd-wsdd,0,0,False,2,0,1,-1,4142
0,unknown,Thread-35 (work,0,0,False,0,1,2,0,4143
0,unknown,Thread-7 (worke,0,0,False,0,1,2,-1,4144
0,unknown,Thread-139 (wor,0,0,False,0,1,2,0,4145
0,unknown,Worker Launcher,0,0,False,0,1,2,0,4146
0,unknown,Thread-209 (_ha,0,0,False,0,1,2,0,4147
0,unknown,cpuUsage.sh,0,0,False,2,0,1,-1,4148
0,unknown,Thread-68 (work,0,0,False,0,1,2,0,4149
0,unknown,Thread-64 (_han,0,0,False,0,1,2,-1,4150
0,unknown,sed,0,0,False,2,0,1,20,4151
0,unknown,Thread-211 (wor,0,0,False,0,1,2,0,4152
1,unknown,stress-ng-vm,1,0,False,2,0,1,-1,4153
0,unknown,TaskCon~ller #3,0,0,False,0,1,2,0,4154
0,unknown,Thread-217 (wor,0,0,False,0,1,2,0,4155
0,unknown,Thread-93 (work,0,0,False,0,1,2,0,4156
0,unknown,pet,0,0,False,0,1,1,10,4157
0,unknown,Thread-148 (wor,0,0,False,0,1,2,5,4158
0,unknown,code,1,0,False,2,3,1,-1,4159
0,unknown,gly-global-exec,0,0,False,0,1,2,0,4160
0,unknown,StreamTrans #70,0,0,False,0,1,2,-1,4161
0,unknown,KMS thread,0,0,False,0,1,1,-1,4162
0,unknown,Thread-36 (work,0,0,False,0,1,2,8,4163
0,unknown,Thread-52 (work,0,0,False,0,1,2,0,4164
0,unknown,Thread-195 (wor,0,0,False,0,1,2,-1,4165
0,unknown,pet,0,0,False,0,1,2,-1,4166
0,unknown,sleep,0,0,False,2,0,1,-1,4167
1,unknown,WRWorkerLP#6,0,0,False,0,1,1,-1,4168
0,unknown,gdbus,0,0,False,0,1,2,0,4169
0,unknown,sed,0,0,False,2,0,1,-1,4170
0,unknown,Thread-45 (work,0,0,False,0,1,2,0,4171
0,unknown,Thread-50 (work,0,0,False,0,1,2,0,4172
0,unknown,kworker/3:2,0,0,False,0,1,1,-1,4173
0,unknown,Thread-4 (worke,0,0,False,0,1,2,0,4174
0,unknown,StyleThread#4,0,0,False,0,1,2,-1,4175
1,unknown,Thread-124 (wor,0,0,False,0,1,2,-1,4176
0,unknown,JS Watchdog,0,0,False,0,1,2,0,4177
0,unknown,pet,0,0,False,0,1,1,10,4178
0,unknown,gly-rayon-0,0,0,False,0,1,2,-1,4179
0,unknown,Thread-1 (worke,0,0,False,0,1,2,0,4180
1,unknown,ThreadPoolServi,0,0,False,0,1,2,0,4181
0,unknown,Thread-85 (work,0,0,False,0,1,2,0,4182
1,unknown,Thread-181 (wor,0,0,False,0,1,2,-1,4183
0,unknown,ibus-extension-,0,0,False,2,0,1,-1,4184
0,unknown,Socket Thread,0,0,False,0,1,2,-1,4185
0,unknown,V8Worker,0,0,False,0,1,2,0,4186
0,unknown,pet,0,0,False,0,1,1,10,4187
0,unknown,cat,0,0,False,2,0,1,-1,4188
0,unknown,libuv-worker,0,0,False,0,1,2,0,4189
0,unknown,Xwayland,1,1,True,2,3,1,-1,4190
0,unknown,sed,0,0,False,2,0,1,16,4192
0,unknown,Cache2 I/O,0,0,False,0,1,2,-1,4193
0,unknown,Thread-142 (_ha,0,1,False,0,1,2,-1,4194
0,unknown,WRWorker#0,0,0,False,0,1,2,-1,4195
0,unknown,Thread-107 (wor,0,0,False,0,1,2,0,4196
0,unknown,cat,0,1,False,2,0,1,-1,4197
0,unknown,TaskCon~ller #0,0,0,False,0,1,2,0,4198
0,unknown,kworker/2:3,0,0,False,0,1,2,0,4199
0,unknown,Thread-45 (work,0,0,False,0,1,2,0,4200
0,unknown,basename,0,1,False,2,0,1,-1,4201
0,unknown,Thread-57 (work,0,0,False,0,1,2,0,4202
0,unknown,sleep,0,0,False,2,0,1,-1,4203
0,unknown,Thread-20 (_han,0,0,False,0,1,2,2,4204
0,unknown,cat,0,0,False,2,0,1,6,4205
1,unknown,ThreadPoolSingl,0,0,False,0,1,2,0,4206
0,unknown,kworker/u32:1,1,1,True,2,0,1,-1,4207
0,unknown,Thread-141 (_ha,0,0,False,0,1,2,8,4208
2,unknown,Timer,0,0,False,0,1,2,0,4209
0,unknown,gdbus,0,0,False,0,1,2,0,4210
0,unknown,Thread-4 (worke,0,0,False,0,1,2,0,4211
0,unknown,Thread-58 (work,0,0,False,0,1,2,0,4212
0,unknown,gvfs-afc-volume,0,0,False,0,1,2,0,4213
0,unknown,ps,1,1,True,2,0,1,-1,4214
0,unknown,StyleThread#3,0,1,False,0,1,1,-1,4215
0,unknown,sed,0,0,False,2,0,1,20,4216
0,unknown,Thread-71 (work,0,0,False,0,1,2,0,4217
0,unknown,gly-global-exec,0,0,False,0,1,2,0,4218
1,unknown,Thread-134 (wor,0,0,False,0,1,2,-1,4219
0,unknown,Thread-81 (work,0,0,False,0,1,2,-1,4220
0,unknown,Thread-154 (_ha,0,0,False,0,1,2,-1,4221
0,unknown,Thread-68 (work,0,0,False,0,1,2,0,4222
0,unknown,sleep,0,0,False,0,1,1,-1,4223
0,unknown,cpuUsage.sh,0,0,False,2,0,1,-1,4224
0,unknown,gdbus,0,0,False,0,1,2,0,4225
0,unknown,Thread-30 (work,0,0,False,0,1,2,0,4226
0,unknown,TikToken worker,0,0,False,0,1,2,-1,4227
0,unknown,code,0,0,False,0,1,2,0,4228
0,unknown,ps,1,1,True,2,0,1,-1,4230
0,unknown,pet,0,0,False,0,1,1,-1,4231
0,unknown,TaskCon~ller #1,0,1,False,0,1,1,-1,4232
0,unknown,sh,0,0,False,2,0,1,-1,4233
0,unknown,thermald,0,0,False,0,1,2,-1,4234
1,unknown,MemoryPoller,0,0,False,0,1,2,0,4235
0,unknown,libuv-worker,0,0,False,0,1,2,0,4236
0,unknown,Thread-7 (worke,0,0,False,0,1,2,0,4237
0,unknown,cpuUsage.sh,0,0,False,2,0,1,9,4238
0,unknown,gdbus,0,0,False,0,1,2,0,4239
0,unknown,Thread-54 (_han,0,0,False,0,1,2,-1,4240
0,unknown,firefox,1,1,True,1,3,0,-1,4241
0,unknown,pet,0,0,False,0,1,1,10,4242
0,unknown,Thread-183 (wor,0,0,False,0,1,2,-1,4243
0,unknown,Thread-16 (work,0,0,False,0,1,2,0,4244
0,unknown,gnome-shell,1,1,True,1,3,0,-1,4245
0,unknown,python,0,0,False,0,1,1,-1,4246
0,unknown,DOM Worker,0,0,False,0,1,2,0,4247
0,unknown,Thread-39 (work,0,0,False,0,1,2,0,4248
0,unknown,cat,0,1,False,2,0,1,-1,4249
1,unknown,cat,1,0,False,2,0,1,-1,4250
0,unknown,Thread-210 (wor,0,0,False,0,1,2,0,4251
0,unknown,Thread-78 (work,0,0,False,0,1,2,0,4252
0,unknown,Web Content,0,0,False,2,0,1,-1,4253
0,unknown,DNS Res~er #515,0,1,False,0,1,2,0,4254
0,unknown,cat,0,0,False,2,0,1,4,4255
0,unknown,pool-92,0,0,False,0,1,2,0,4256
0,unknown,gsd-housekeepin,0,0,False,2,0,1,-1,4257
3,unknown,ProcessHangMon,0,0,False,0,1,2,0,4258
0,unknown,libuv-worker,0,0,False,0,1,2,-1,4259
0,unknown,Thread-95 (work,0,0,False,0,1,2,0,4260
1,unknown,libuv-worker,0,0,False,0,1,2,0,4261
0,unknown,V8Worker,0,0,False,0,1,2,-1,4262
0,unknown,cpuUsage.sh,0,0,False,2,1,1,-1,4263
0,unknown,systemd-oomd,1,1,True,2,0,1,-1,4264
0,unknown,code,0,0,False,2,0,1,-1,4266
1,unknown,Thread-188 (wor,0,0,False,0,1,2,-1,4267
0,unknown,Thread-2 (worke,0,0,False,0,1,2,0,4268
0,unknown,Socket Thread,0,0,False,0,1,2,-1,4269
0,unknown,Thread-32 (_han,0,1,False,0,1,2,0,4270
0,unknown,nv_queue,0,1,False,0,0,2,-1,4271
0,unknown,python,1,0,False,2,3,1,-1,4272
0,unknown,Thread-59 (work,0,0,False,0,1,2,0,4273
1,unknown,IPC I/O Child,0,0,False,0,1,2,0,4274
0,unknown,DNS Res~er #514,0,0,False,0,1,1,10,4275
0,unknown,Chrome_ChildIOT,0,0,False,0,1,2,0,4276
0,unknown,Thread-17 (work,0,1,False,0,1,2,0,4277
0,unknown,sh,0,0,False,2,0,1,-1,4278
0,unknown,StreamTrans #2,0,0,False,0,1,2,2,4279
0,unknown,systemd-journal,0,0,False,2,0,1,-1,4280
0,unknown,Thread-36 (work,0,0,False,0,1,2,0,4281
0,unknown,V8Worker,0,0,False,0,1,2,-1,4282
0,unknown,Thread-203 (wor,0,0,False,0,1,2,0,4283
0,unknown,pet,0,0,False,0,1,1,-1,4284
0,unknown,gnome-sh:gdrv0,0,0,False,0,1,2,13,4285
0,unknown,Thread-106 (wor,0,0,False,0,1,2,0,4286
0,unknown,IPC I/O Child,0,0,False,0,1,2,-1,4287
0,unknown,pet,0,1,False,2,0,1,-1,4288
0,unknown,StreamTrans #70,0,0,False,0,1,2,0,4289
1,unknown,ThreadPoolForeg,0,0,False,0,1,2,0,4290
0,unknown,kcompactd0,0,0,False,0,1,2,-1,4291
0,unknown,Thread-17 (work,0,0,False,0,1,2,0,4292
0,unknown,Thread-10 (_han,0,0,False,0,1,2,0,4293
0,unknown,WaylandProxy,0,0,False,0,3,1,-1,4294
0,unknown,Isolated Web Co,1,1,True,2,0,1,-1,4295
0,unknown,cat,0,0,False,2,0,1,6,4296
0,unknown,StreamT~ns #318,0,0,False,0,1,2,-1,4297
0,unknown,JS Watchdog,0,0,False,0,1,2,0,4298
0,unknown,Thread-4 (worke,0,0,False,0,1,2,0,4299
0,unknown,MediaDe~ine #73,0,0,False,0,1,2,0,4300
0,unknown,Thread-43 (_han,0,0,False,0,1,2,0,4301
0,unknown,libuv-worker,0,0,False,0,1,2,0,4302
0,unknown,Thread-31 (_han,0,0,False,0,1,2,0,4303
0,unknown,cpuUsage.sh,0,0,False,2,0,1,9,4304
0,unknown,MediaTimer #71,0,0,False,0,1,2,0,4305
1,unknown,pet,0,0,False,0,1,2,11,4306
0,unknown,ps,1,0,False,2,0,1,-1,4307
0,unknown,Thread-93 (work,0,0,False,0,1,2,0,4308
0,unknown,Thread-3 (worke,0,0,False,0,1,2,0,4309
0,unknown,Thread-55 (_han,0,0,False,0,1,2,0,4310
3,unknown,Thread-162 (wor,0,0,False,0,1,2,0,4311
0,unknown,Thread-48 (work,0,0,False,0,1,2,0,4312
0,unknown,Thread-3 (worke,0,0,False,0,1,2,0,4313
0,unknown,sh,0,0,False,2,0,1,-1,4314
0,unknown,pool-2,0,0,False,0,1,2,-1,4315
0,unknown,sed,0,0,False,2,0,1,-1,4316
0,unknown,cat,0,1,False,2,0,1,6,4317
0,unknown,ibus-daemon,0,0,False,2,0,1,-1,4318
0,unknown,gdbus,0,0,False,0,1,2,0,4319
0,unknown,StyleThread#5,0,1,False,0,1,2,-1,4320
0,unknown,upowerd,0,0,False,2,0,1,-1,4321
0,unknown,Thread-10 (_han,0,1,False,0,1,2,0,4323
0,unknown,sed,0,0,False,2,0,1,-1,4324
0,unknown,pet,0,1,False,0,1,2,-1,4325
1,unknown,Thread-157 (wor,0,0,False,0,1,2,-1,4326
0,unknown,WRWorkerLP#5,0,0,False,0,1,1,-1,4327
1,unknown,pet,0,0,False,0,1,1,10,4328
1,unknown,libuv-worker,0,0,False,0,1,2,-1,4329
0,unknown,code,0,0,False,0,1,1,-1,4330
0,unknown,gdbus,0,1,False,0,1,2,0,4331
0,unknown,git,0,1,False,2,0,1,-1,4332
0,unknown,Thread-100 (wor,0,0,False,0,1,2,0,4333
0,unknown,which,0,0,False,2,0,1,-1,4334
0,unknown,ThreadPoolForeg,0,1,False,0,1,2,0,4335
0,unknown,TikToken worker,0,0,False,0,1,2,-1,4336
0,unknown,Thread-21 (_han,0,0,False,0,1,2,0,4337
0,unknown,Thread-110 (_ha,0,1,False,0,1,2,0,4338
0,unknown,Xwayland,1,0,False,2,3,1,-1,4339
0,unknown,StreamTrans #50,0,0,False,0,1,2,0,4340
0,unknown,pet,1,1,True,2,0,1,-1,4341
0,unknown,GDM userdb work,0,0,False,0,1,2,0,4342
0,unknown,Thread-63 (work,0,0,False,0,1,2,0,4343
1,unknown,pet,1,0,False,2,0,1,-1,4344
0,unknown,Chrome_ChildIOT,0,0,False,0,1,2,-1,4345
0,unknown,cpuUsage.sh,0,0,False,2,0,1,-1,4346
0,unknown,sleep,0,0,False,2,0,1,-1,4347
0,unknown,code,1,0,False,2,3,1,-1,4348
0,unknown,in:imuxsock,0,0,False,0,1,2,0,4349
0,unknown,TaskCon~ller #2,0,0,False,0,1,2,0,4350
0,unknown,Thread-13 (work,0,0,False,0,1,2,0,4352
0,unknown,python,0,1,False,2,0,1,-1,4353
0,unknown,Thread-60 (work,0,0,False,0,1,2,0,4354
0,unknown,dbus-daemon,0,0,False,2,0,1,-1,4355
0,unknown,sed,0,0,False,2,0,1,-1,4356
0,unknown,stress-ng-vm,0,0,False,0,1,2,0,4357
0,unknown,Thread-30 (work,0,0,False,0,1,2,0,4358
1,unknown,Thread-121 (_ha,0,0,False,0,1,2,-1,4359
0,unknown,Thread-77 (_han,0,0,False,0,1,2,0,4360
0,unknown,cat,0,1,False,2,0,1,-1,4361
0,unknown,Thread-60 (work,0,0,False,0,1,2,0,4362
0,unknown,Thread-84 (work,0,0,False,0,1,2,0,4363
0,unknown,Thread-204 (wor,0,0,False,0,1,2,0,4364
0,unknown,cpuUsage.sh,0,0,False,2,0,1,-1,4365
0,unknown,Thread-108 (_ha,0,0,False,0,1,2,-1,4367
1,unknown,StyleThread#5,0,0,False,0,1,2,-1,4368
0,unknown,libuv-worker,0,0,False,0,1,2,0,4369
0,unknown,Thread-100 (wor,0,0,False,0,1,2,0,4370
1,unknown,Thread-113 (wor,0,0,False,0,1,2,17,4371
0,unknown,Thread-145 (wor,0,0,False,0,1,2,-1,4372
0,unknown,DNS Res~er #514,0,0,False,0,1,2,0,4373
0,unknown,bpftool,1,0,False,2,0,1,-1,4374
0,unknown,sed,0,0,False,2,0,1,-1,4375
0,unknown,systemd-oomd,0,1,False,2,0,1,-1,4376
0,unknown,kworker/u32:2,1,0,False,2,0,1,-1,4377
0,unknown,libuv-worker,0,0,False,0,1,2,0,4378
0,unknown,StreamTrans #53,0,0,False,0,1,2,0,4379
0,unknown,Thread-23 (work,0,0,False,0,1,2,0,4380
0,unknown,libuv-worker,0,0,False,0,1,2,0,4381
0,unknown,Thread-92 (work,0,0,False,0,1,2,0,4382
0,unknown,cat,0,1,False,2,0,1,-1,4383
2,unknown,Thread-162 (wor,0,0,False,0,1,2,-1,4384
0,unknown,Thread-204 (wor,0,0,False,0,1,2,0,4385
0,unknown,WorkerThread,0,0,False,0,1,2,0,4386
1,unknown,Thread-198 (_ha,0,0,False,0,1,2,-1,4387
0,unknown,gmain,0,0,False,0,1,2,0,4388
0,unknown,Thread-31 (_han,0,0,False,0,1,2,14,4389
0,unknown,Isolated Servic,0,0,False,2,0,1,-1,4390
0,unknown,Thread-205 (wor,0,0,False,0,1,2,0,4391
0,unknown,Chrome_ChildIOT,0,0,False,0,1,2,0,4392
0,unknown,Thread-11 (_han,0,0,False,0,1,2,0,4393
0,unknown,Thread-67 (work,0,0,False,0,1,2,0,4394
1,unknown,MediaDe~ine #75,0,0,False,0,1,2,14,4395
0,unknown,glean.dispatche,0,0,False,0,3,1,-1,4396
0,unknown,Thread-6 (worke,0,0,False,0,1,2,0,4397
0,unknown,gdbus,0,0,False,0,1,2,0,4398
0,unknown,code,0,0,False,0,1,2,0,4399
0,unknown,cat,0,0,False,2,0,1,21,4400
0,unknown,Thread-22 (_han,0,0,False,0,1,2,0,4401
0,unknown,hwrng,0,1,False,0,1,2,0,4402
1,unknown,V8Worker,0,0,False,0,1,2,0,4403
0,unknown,Thread-24 (work,0,0,False,0,1,2,0,4404
0,unknown,Privileged Cont,1,0,False,2,0,1,-1,4405
0,unknown,Thread-197 (_ha,0,0,False,0,1,2,0,4406
0,unknown,code,0,0,False,0,1,1,10,4407
0,unknown,cat,0,0,False,2,0,1,4,4408
0,unknown,Thread-209 (_ha,0,0,False,0,1,2,0,4409
0,unknown,python,0,0,False,2,0,1,-1,4410
0,unknown,sh,0,0,False,0,1,1,-1,4411
0,unknown,ps,1,0,False,2,0,1,-1,4412
0,unknown,Thread-40 (work,0,0,False,0,1,2,0,4413
0,unknown,Thread-60 (work,0,0,False,0,1,2,0,4414
0,unknown,python,0,0,False,0,1,1,-1,4415
0,unknown,StyleThread#3,0,0,False,0,1,2,0,4416
0,unknown,IPC I/O Child,0,0,False,0,1,1,-1,4417
0,unknown,systemd,0,0,False,2,0,1,-1,4418
0,unknown,ThreadPoolForeg,0,0,False,0,1,2,-1,4419
0,unknown,StreamTrans #26,0,0,False,0,1,2,8,4420
0,unknown,code,0,0,False,0,1,2,0,4421
0,unknown,Thread-207 (_ha,0,0,False,0,1,2,-1,4422
0,unknown,StreamT~ns #621,0,0,False,0,1,2,0,4423
1,unknown,Thread-158 (wor,0,0,False,0,1,2,-1,4424
0,unknown,libuv-worker,0,1,False,0,1,2,0,4425
0,unknown,Thread-23 (work,0,0,False,0,1,2,0,4426
0,unknown,Thread-215 (wor,0,0,False,0,1,2,0,4427
0,unknown,V8Worker,0,0,False,0,1,2,-1,4429
0,unknown,Thread-152 (_ha,0,0,False,0,1,2,14,4430
0,unknown,Thread-45 (work,0,1,False,0,1,2,0,4431
0,unknown,Thread-38 (work,0,0,False,0,1,2,0,4432
0,unknown,TikToken worker,0,0,False,0,1,2,-1,4433
0,unknown,tokio-rt-worker,0,0,False,0,1,2,0,4434
0,unknown,pet,0,0,False,0,1,2,11,4435
0,unknown,kworker/u32:2,1,0,False,2,0,1,-1,4436
1,unknown,IPC I/O Child,0,0,False,0,1,2,0,4437
0,unknown,libuv-worker,0,0,False,0,1,2,0,4438
0,unknown,cat,0,0,False,2,0,1,6,4439
1,unknown,StyleThread#4,0,0,False,0,1,1,10,4440
0,unknown,Thread-10 (_han,0,0,False,0,1,2,0,4441
0,unknown,JS Helper,0,0,False,0,1,2,0,4442
0,unknown,cat,0,1,False,2,0,1,-1,4443
0,unknown,Thread-21 (_han,0,0,False,0,1,2,0,4444
0,unknown,StreamT~ns #632,0,0,False,0,1,2,0,4445
0,unknown,ThreadPoolForeg,0,0,False,0,1,2,0,4446
0,unknown,pet,0,0,False,0,1,1,-1,4447
0,unknown,Thread-205 (wor,0,0,False,0,1,2,0,4448
0,unknown,Thread-53 (_han,0,0,False,0,1,2,0,4449
0,unknown,Thread-21 (_han,0,1,False,0,1,2,0,4450
0,unknown,Worker Launcher,0,0,False,0,1,2,0,4451
0,unknown,ibus-extension-,0,0,False,2,0,1,-1,4452
0,unknown,Thread-15 (work,0,0,False,0,1,2,0,4453
0,unknown,sudo,0,1,False,2,0,1,-1,4454
1,unknown,gmain,0,0,False,0,1,2,0,4455
0,unknown,which,0,0,False,2,0,1,-1,4456
0,unknown,Thread-17 (work,0,0,False,0,1,2,0,4457
0,unknown,JS Watchdog,0,0,False,0,1,2,0,4458
0,unknown,Thread-152 (_ha,0,0,False,0,1,2,0,4459
0,unknown,code,0,0,False,0,1,2,-1,4460
2,unknown,TaskCon~ller #7,0,0,False,0,1,2,0,4461
0,unknown,StreamT~ns #631,0,0,False,0,1,1,-1,4462
0,unknown,sh,0,0,False,2,0,1,-1,4463
0,unknown,systemd-logind,0,0,False,2,0,1,-1,4464
0,unknown,cpuUsage.sh,0,0,False,2,0,1,9,4465
1,unknown,TaskCon~ller #4,0,0,False,0,1,2,0,4466
0,unknown,Thread-2 (worke,0,0,False,0,1,2,0,4467
0,unknown,gmain,0,0,False,0,1,2,0,4468
0,unknown,gdbus,0,0,False,0,1,2,0,4469
1,unknown,Thread-197 (_ha,0,1,False,0,1,2,2,4470
0,unknown,gdbus,0,0,False,0,1,2,0,4471
0,unknown,Thread-40 (work,0,0,False,0,1,2,0,4472
1,unknown,Thread-128 (wor,0,0,False,0,1,2,-1,4473
0,unknown,TaskCon~ller #1,0,0,False,0,1,2,22,4474
0,unknown,in:imuxsock,0,0,False,0,1,2,0,4475
0,unknown,StreamT~ns #633,0,0,False,0,1,1,-1,4476
0,unknown,Thread-56 (work,0,0,False,0,1,2,0,4477
0,unknown,StyleThread#4,0,0,False,0,1,2,0,4478
1,unknown,localsearch-3,0,0,False,2,0,1,-1,4479
0,unknown,cat,0,0,False,2,0,1,21,4480
0,unknown,libuv-worker,0,0,False,0,1,2,-1,4481
0,unknown,Thread-43 (_han,0,0,False,0,1,2,0,4482
0,unknown,Timer,0,0,False,0,1,2,19,4483
0,unknown,sleep,0,0,False,2,0,1,-1,4484
0,unknown,kworker/u32:3,0,0,False,2,0,1,-1,4486
0,unknown,kworker/6:1,0,1,False,0,1,1,-1,4487
0,unknown,WorkerThread,0,0,False,0,1,2,0,4488
0,unknown,mutter-x11-fram,1,1,True,2,0,1,-1,4489
0,unknown,libuv-worker,0,0,False,0,1,2,0,4490
0,unknown,cpuUsage.sh,0,0,False,2,0,1,-1,4491
0,unknown,Thread-215 (wor,0,0,False,0,1,2,0,4492
0,unknown,V8Worker,0,1,False,0,1,2,0,4493
0,unknown,Thread-4 (worke,0,0,False,0,1,2,22,4494
0,unknown,bash,0,0,False,2,0,1,-1,4495
0,unknown,Thread-215 (wor,0,0,False,0,1,2,0,4496
0,unknown,ps,1,1,True,2,0,1,-1,4497
0,unknown,Backgro~Pool #3,0,0,False,0,1,2,0,4498
0,unknown,Thread-109 (_ha,0,0,False,0,1,2,0,4499
1,unknown,TaskCon~ller #5,0,0,False,0,1,2,0,4500
0,unknown,Thread-54 (_han,0,1,False,0,1,2,0,4501
0,unknown,Thread-101 (wor,0,0,False,0,1,2,0,4502
0,unknown,Thread-84 (work,0,0,False,0,1,2,0,4504
0,unknown,Thread-99 (_han,0,0,False,0,1,2,0,4505
1,unknown,Thread-144 (wor,0,0,False,0,1,2,-1,4506
0,unknown,xdg-document-po,0,0,False,0,0,1,-1,4507
0,unknown,StyleThread#3,0,1,False,0,1,2,0,4508
0,unknown,ThreadPoolForeg,0,0,False,0,1,2,-1,4509
0,unknown,ibus-extension-,0,0,False,2,0,1,-1,4510
0,unknown,WRScene~ilder#1,0,0,False,0,1,2,-1,4511
0,unknown,Thread-96 (work,0,0,False,0,1,2,0,4512
0,unknown,Thread-89 (work,0,0,False,0,1,2,-1,4513
0,unknown,code,0,0,False,2,0,1,-1,4514
0,unknown,mutter-x11-fram,1,1,True,2,0,1,-1,4515
0,unknown,cat,0,0,False,2,0,1,6,4516
0,unknown,sh,0,1,False,2,0,1,-1,4517
0,unknown,StreamTrans #55,0,0,False,0,1,2,0,4518
0,unknown,WRWorkerLP#1,0,1,False,0,1,1,-1,4519
0,unknown,firefox,1,1,True,1,3,0,-1,4520
0,unknown,code,1,0,False,2,3,1,-1,4521
0,unknown,sh,0,0,False,2,0,1,-1,4522
0,unknown,Thread-129 (wor,0,0,False,0,1,2,0,4523
0,unknown,Task Runner for,0,0,False,0,1,2,-1,4524
0,unknown,Backgro~Pool #3,0,0,False,0,1,2,-1,4525
0,unknown,Thread-4 (worke,0,0,False,0,1,2,0,4526
0,unknown,gnome-sh:gdrv0,0,0,False,0,1,2,0,4527
0,unknown,Thread-214 (wor,0,0,False,0,1,2,0,4528
0,unknown,StreamT~ns #208,0,0,False,0,1,1,-1,4529
0,unknown,sh,0,0,False,2,0,1,-1,4530
0,unknown,(sd-close),0,0,False,0,0,1,-1,4531
0,unknown,IPC I/O Child,0,0,False,0,1,2,0,4532
0,unknown,BgIOThr~ool #19,0,0,False,0,1,2,0,4533
1,unknown,ThreadPoolForeg,0,0,False,0,1,2,-1,4534
0,unknown,pet,0,0,False,0,1,1,10,4535
0,unknown,Mutter Input Th,0,0,False,0,1,1,-1,4536
0,unknown,cat,0,0,False,2,0,1,-1,4537
0,unknown,sh,0,0,False,2,0,1,-1,4538
0,unknown,Thread-38 (work,0,0,False,0,1,2,0,4539
0,unknown,kworker/2:1,0,0,False,0,1,1,-1,4540
0,unknown,TaskCon~ller #0,0,0,False,0,1,2,0,4541
0,unknown,cat,0,0,False,2,0,1,6,4542
0,unknown,Thread-174 (_ha,0,1,False,0,1,2,-1,4543
0,unknown,python,0,0,False,0,1,1,-1,4544
1,unknown,Backgro~ool #28,0,1,False,0,1,2,-1,4545
0,unknown,Thread-56 (work,0,0,False,0,1,2,0,4546
0,unknown,Chrome_ChildIOT,0,0,False,0,1,2,0,4547
0,unknown,TaskCon~ller #1,0,0,False,0,1,2,0,4548
0,unknown,Socket Thread,0,0,False,0,1,2,-1,4549
0,unknown,bpftool,1,1,True,2,0,1,-1,4550
0,unknown,cat,0,0,False,2,0,1,4,4552
1,unknown,StreamT~ns #624,0,0,False,0,1,2,-1,4553
0,unknown,JS Watchdog,0,0,False,0,1,2,0,4554
0,unknown,WRWorkerLP#5,0,0,False,0,1,1,-1,4555
0,unknown,cpuUsage.sh,0,0,False,2,0,1,15,4556
0,unknown,Thread-35 (work,0,0,False,0,1,2,0,4557
0,unknown,gdbus,0,0,False,0,1,2,-1,4558
0,unknown,StreamT~ns #626,0,0,False,0,1,2,-1,4559
0,unknown,libuv-worker,0,0,False,0,1,2,0,4560
0,unknown,cat,0,0,False,2,0,1,6,4561
0,unknown,Thread-59 (work,0,0,False,0,1,2,0,4562
0,unknown,Thread-203 (wor,0,0,False,0,1,2,0,4563
1,unknown,Thread-167 (wor,0,0,False,0,1,2,-1,4564
0,unknown,cat,0,0,False,2,0,1,-1,4565
0,unknown,Thread-47 (work,0,0,False,0,1,2,0,4566
0,unknown,Thread-39 (work,0,0,False,0,1,2,0,4567
0,unknown,sh,0,0,False,2,1,1,-1,4568
0,unknown,kworker/5:1,0,1,False,0,1,1,-1,4569
0,unknown,sh,0,0,False,0,1,2,-1,4570
0,unknown,stress-ng,0,1,False,2,0,1,-1,4571
0,unknown,Thread-212 (wor,0,0,False,0,1,2,0,4572
0,unknown,git,0,1,False,2,0,1,-1,4573
0,unknown,Thread-72 (work,0,0,False,0,1,2,2,4574
0,unknown,JS Helper,0,0,False,0,1,2,2,4575
0,unknown,Backgro~ool #29,0,0,False,0,1,2,0,4576
0,unknown,Backgro~ool #29,0,0,False,0,1,2,0,4577
1,unknown,xdg-desktop-por,0,0,False,2,0,1,-1,4578
0,unknown,libuv-worker,0,0,False,0,1,2,0,4579
0,unknown,ps,1,0,False,2,0,1,-1,4580
0,unknown,migration/3,0,1,False,0,1,2,-1,4581
0,unknown,JS Watchdog,0,0,False,0,1,2,0,4582
0,unknown,sudo,0,0,False,2,0,1,-1,4583
0,unknown,Thread-57 (work,0,0,False,0,1,2,0,4584
0,unknown,libuv-worker,0,0,False,0,1,2,0,4585
0,unknown,systemd-logind,0,0,False,2,0,1,-1,4586
0,unknown,pet,0,0,False,0,1,2,8,4587
0,unknown,MediaTimer #69,0,0,False,0,1,2,0,4588
0,unknown,journal-offline,0,0,False,0,1,2,14,4589
0,unknown,Thread-91 (work,0,0,False,0,1,2,0,4590
0,unknown,cpuUsage.sh,0,0,False,2,0,1,-1,4591
1,unknown,TaskCon~ller #7,0,0,False,0,1,1,10,4592
0,unknown,Thread-201 (wor,0,0,False,0,1,2,0,4593
0,unknown,Thread-62 (work,0,0,False,0,1,2,0,4594
0,unknown,StreamT~ns #625,0,1,False,0,1,1,-1,4595
0,unknown,Chrome_ChildIOT,0,0,False,0,1,2,-1,4596
0,unknown,cat,0,0,False,2,0,1,-1,4597
0,unknown,git,0,1,False,2,0,1,-1,4598
0,unknown,sed,0,0,False,0,1,1,-1,4599
0,unknown,libuv-worker,0,0,False,0,1,2,0,4600
0,unknown,DNS Res~er #510,0,0,False,0,1,2,-1,4601
0,unknown,Thread-17 (work,0,0,False,0,1,2,0,4602
1,unknown,(sd-close),0,1,False,0,0,1,-1,4603
0,unknown,cat,0,0,False,2,0,1,12,4604
1,unknown,TaskCon~ller #6,0,0,False,0,1,2,0,4605
0,unknown,Renderer,0,0,False,0,1,2,-1,4606
0,unknown,StyleThread#1,0,0,False,0,1,2,-1,4607
0,unknown,DelayedTaskSche,0,0,False,0,1,2,0,4608
0,unknown,Chroot Helper,0,0,False,2,0,1,-1,4609
0,unknown,gsd-housekeepin,0,0,False,2,0,1,-1,4610
0,unknown,Thread-105 (wor,0,0,False,0,1,2,0,4611
0,unknown,ibus-engine-sim,0,0,False,2,0,1,-1,4612
0,unknown,cpuUsage.sh,0,0,False,2,0,1,-1,4613
0,unknown,Thread-23 (work,0,0,False,0,1,2,0,4614
0,unknown,Thread-38 (work,0,0,False,0,1,2,0,4615
0,unknown,Thread-76 (_han,0,0,False,0,1,2,0,4616
0,unknown,pool-93,0,0,False,0,1,2,0,4617
0,unknown,sh,0,1,False,2,0,1,-1,4618
0,unknown,TaskCon~ller #0,0,1,False,0,1,2,-1,4619
0,unknown,Thread-53 (_han,0,0,False,0,1,2,8,4620
0,unknown,Thread-71 (work,0,0,False,0,1,2,0,4621
0,unknown,which,0,0,False,2,0,1,-1,4622
2,unknown,Thread-55 (_han,0,0,False,0,1,2,0,4623
0,unknown,Thread-41 (work,0,0,False,0,1,2,0,4624
1,unknown,Backgro~ool #28,0,0,False,0,1,2,0,4625
0,unknown,bpftool,1,0,False,2,0,1,-1,4626
0,unknown,Thread-33 (_han,0,0,False,0,1,2,0,4627
0,unknown,python,1,1,True,2,0,1,-1,4628
0,unknown,Thread-7 (worke,0,0,False,0,1,2,0,4629
0,unknown,DNS Res~er #519,0,0,False,0,1,2,-1,4630
0,unknown,TaskCon~ller #2,0,0,False,0,1,2,-1,4631
0,unknown,V8Worker,0,0,False,0,1,2,0,4632
0,unknown,Thread-77 (_han,0,0,False,0,1,2,0,4633
0,unknown,code,1,0,False,2,3,1,-1,4634
0,unknown,ThreadPoolForeg,0,0,False,0,1,2,-1,4635
0,unknown,Thread-3 (worke,0,0,False,0,1,2,0,4636
0,unknown,Thread-22 (_han,0,0,False,0,1,2,0,4637
0,unknown,Isolated Web Co,1,0,False,2,3,1,-1,4638
0,unknown,Thread-3 (worke,0,0,False,0,1,2,0,4639
0,unknown,irq/137-nvidia,0,1,False,0,3,2,-1,4640
0,unknown,Thread-96 (work,0,0,False,0,1,2,0,4641
0,unknown,JS Helper,0,0,False,0,1,2,0,4642
0,unknown,sh,0,0,False,0,1,1,-1,4643
0,unknown,pet,0,0,False,0,1,2,0,4644
0,unknown,libuv-worker,0,1,False,0,1,2,-1,4645
0,unknown,Thread-149 (wor,0,0,False,0,1,2,0,4646
0,unknown,bpftool,1,0,False,2,0,1,-1,4647
0,unknown,TaskCon~ller #1,0,0,False,0,1,2,-1,4648
0,unknown,Thread-6 (worke,0,0,False,0,1,2,0,4649
1,unknown,Thread-182 (wor,0,0,False,0,1,2,-1,4650
0,unknown,Thread-27 (work,0,0,False,0,1,2,0,4651
0,unknown,TaskCon~ller #1,0,0,False,0,1,2,0,4652
1,unknown,WRWorkerLP#7,0,0,False,0,1,1,-1,4653
0,unknown,blocking-70,0,0,False,0,1,2,8,4654
0,unknown,ibus-daemon,1,0,False,2,0,1,-1,4655
0,unknown,Thread-25 (work,0,0,False,0,1,2,8,4656
0,unknown,cpuUsage.sh,0,0,False,2,0,1,-1,4657
0,unknown,rcu_preempt,0,1,False,0,1,1,-1,4658
1,unknown,Thread-182 (wor,0,0,False,0,1,2,-1,4659
0,unknown,Thread-50 (work,0,0,False,0,1,2,0,4660
0,unknown,ThreadPoolServi,0,0,False,0,1,2,0,4661
0,unknown,code,1,1,True,1,3,0,-1,4662
0,unknown,Thread-72 (work,0,0,False,0,1,2,0,4663
0,unknown,Thread-204 (wor,0,0,False,0,1,2,0,4664
0,unknown,cat,0,0,False,2,0,1,6,4665
3,unknown,StyleThread#2,0,0,False,0,1,1,-1,4666
0,unknown,Thread-95 (work,0,0,False,0,1,2,0,4667
0,unknown,pet,0,0,False,0,1,1,-1,4668
0,unknown,Compositor,0,0,False,0,3,1,-1,4669
0,unknown,ThreadPoolForeg,0,0,False,0,1,2,-1,4670
0,unknown,Thread-56 (work,0,0,False,0,1,2,0,4671
0,unknown,Thread-25 (work,0,0,False,0,1,2,0,4672
0,unknown,IPC I/O Child,0,0,False,0,1,2,-1,4673
0,unknown,Thread-75 (_han,0,0,False,0,1,2,2,4674
1,unknown,TaskCon~ller #4,0,0,False,0,1,2,-1,4675
0,unknown,rtkit-daemon,0,0,False,0,1,2,0,4676
0,unknown,python3,0,1,False,2,0,1,-1,4677
1,unknown,TaskCon~ller #6,0,0,False,0,1,2,0,4678
0,unknown,kworker/u32:1,1,0,False,2,0,1,-1,4679
0,unknown,Thread-201 (wor,0,0,False,0,1,2,0,4680
0,unknown,gdbus,0,0,False,0,1,2,2,4681
0,unknown,hwrng,0,0,False,0,1,2,-1,4682
0,unknown,Thread-104 (wor,0,0,False,0,1,2,0,4683
0,unknown,zbus::Connectio,0,1,False,0,1,2,0,4684
0,unknown,Thread-8 (worke,0,0,False,0,1,2,0,4685
0,unknown,StreamT~ns #320,0,0,False,0,1,2,-1,4686
0,unknown,Thread-59 (work,0,0,False,0,1,2,0,4687
0,unknown,Thread-142 (_ha,0,0,False,0,1,2,22,4688
1,unknown,ThreadPoolServi,0,0,False,0,1,2,0,4689
0,unknown,gdbus,0,0,False,0,1,2,0,4690
0,unknown,StreamTrans #56,0,0,False,0,1,2,0,4691
0,unknown,Web Content,1,0,False,2,0,1,-1,4692
0,unknown,code,0,0,False,2,0,1,-1,4693
0,unknown,Thread-2 (worke,0,0,False,0,1,2,0,4694
0,unknown,gly-rayon-1,0,0,False,0,1,2,-1,4695
0,unknown,ThreadPoolSingl,0,0,False,0,1,2,0,4696
0,unknown,WaylandProxy,0,0,False,0,1,1,-1,4697
0,unknown,sh,0,0,False,2,0,1,-1,4698
0,unknown,Thread-85 (work,0,0,False,0,1,2,0,4699
0,unknown,Thread-127 (wor,0,0,False,0,1,2,0,4700
0,unknown,code,0,0,False,2,0,1,-1,4701
1,unknown,pet,0,0,False,0,1,1,10,4702
0,unknown,python,1,0,False,2,3,1,-1,4703
0,unknown,Thread-126 (wor,0,0,False,0,1,2,-1,4704
2,unknown,Thread-158 (wor,0,0,False,0,1,2,-1,4705
0,unknown,rtkit-daemon,0,0,False,0,1,2,0,4706
0,unknown,cat,0,0,False,2,0,1,6,4707
0,unknown,pet,0,0,False,0,1,2,11,4708
0,unknown,Thread-1 (worke,0,0,False,0,1,2,0,4709
0,unknown,StreamTrans #56,0,0,False,0,1,2,-1,4710
0,unknown,Thread-12 (work,0,0,False,0,1,2,0,4711
0,unknown,libuv-worker,0,0,False,0,1,2,0,4712
0,unknown,WorkerThread,0,0,False,0,1,2,0,4713
0,unknown,irq/136-iwlwifi,0,1,False,0,3,1,-1,4714
0,unknown,sh,0,0,False,0,1,1,-1,4715
0,unknown,V8Worker,0,0,False,0,1,2,-1,4716
0,unknown,Thread-216 (wor,0,0,False,0,1,2,0,4717
2,unknown,sh,0,1,False,0,1,2,0,4718
0,unknown,sh,0,0,False,0,1,1,-1,4719
0,unknown,ibus-engine-sim,0,0,False,2,0,1,-1,4720
0,unknown,Compositor,0,0,False,0,1,1,-1,4721
0,unknown,DNS Res~er #523,0,0,False,0,1,2,0,4722
0,unknown,bash,0,1,False,2,0,1,-1,4723
0,unknown,Thread-37 (work,0,0,False,0,1,2,0,4724
0,unknown,Thread-17 (work,0,0,False,0,1,2,0,4725
0,unknown,ThreadPoolForeg,0,0,False,0,1,2,0,4726
0,unknown,TaskCon~ller #4,0,0,False,0,1,2,0,4727
0,unknown,Timer,0,0,False,0,1,2,0,4728
0,unknown,rcu_preempt,0,1,False,0,1,1,-1,4729
0,unknown,Thread-160 (wor,0,0,False,0,1,2,0,4730
0,unknown,FSBroker20107,0,0,False,0,1,2,0,4731
0,unknown,systemd-resolve,0,0,False,2,0,1,-1,4732
1,unknown,Thread-181 (wor,0,0,False,0,1,2,-1,4734
0,unknown,pet,0,0,False,0,1,2,11,4735
0,unknown,gdbus,0,0,False,0,1,2,0,4736
0,unknown,WRRende~ckend#1,0,0,False,0,1,1,-1,4737
0,unknown,gsd-sharing,0,0,False,0,0,1,-1,4738
0,unknown,IPC I/O Child,0,0,False,0,1,2,0,4739
0,unknown,Thread-186 (_ha,0,1,False,0,1,2,0,4740
0,unknown,Thread-43 (_han,0,0,False,0,1,2,0,4741
0,unknown,Thread-124 (wor,0,0,False,0,1,2,-1,4742
0,unknown,git,1,0,False,2,0,1,-1,4743
0,unknown,Thread-7 (worke,0,0,False,0,1,2,0,4744
0,unknown,python,1,1,True,2,3,1,-1,4745
0,unknown,glycin-svg,0,1,False,2,0,1,-1,4746
0,unknown,Thread-50 (work,0,0,False,0,1,2,0,4747
2,unknown,Thread-162 (wor,0,0,False,0,1,2,-1,4748
2,unknown,sleep,0,0,False,0,1,1,-1,4749
1,unknown,libuv-worker,0,0,False,0,1,2,0,4750
0,unknown,libuv-worker,0,0,False,0,1,2,0,4751
0,unknown,Thread-17 (work,0,0,False,0,1,2,0,4752
0,unknown,V8Worker,0,0,False,0,1,2,-1,4753
0,unknown,cpuUsage.sh,0,0,False,2,0,1,-1,4754
0,unknown,Backgro~Pool #3,0,0,False,0,1,2,0,4755
1,unknown,Chrome_ChildIOT,0,0,False,0,1,2,0,4756
0,unknown,sh,0,0,False,0,1,2,-1,4757
0,unknown,gsd-sharing,0,0,False,2,0,1,-1,4758
0,unknown,code,0,0,False,0,1,2,0,4759
0,unknown,DNS Res~er #515,0,0,False,0,1,2,0,4760
0,unknown,JS Helper,0,0,False,0,1,2,0,4761
0,unknown,kworker/u32:0,1,1,True,2,0,1,-1,4762
0,unknown,Thread-203 (wor,0,0,False,0,1,2,0,4763
0,unknown,kcompactd0,0,0,False,0,0,2,-1,4764
1,unknown,TaskCon~ller #0,0,0,False,0,1,2,0,4765
0,unknown,gdbus,0,0,False,0,1,2,0,4766
0,unknown,Thread-60 (work,0,0,False,0,1,2,0,4767
0,unknown,gmain,0,0,False,0,1,2,0,4768
2,unknown,cat,1,0,False,2,0,1,4,4769
0,unknown,python,0,0,False,0,1,2,-1,4770
0,unknown,TaskCon~ller #2,0,0,False,0,1,2,-1,4771
0,unknown,kworker/2:3,0,1,False,0,1,1,-1,4772
0,unknown,MediaTimer #69,0,0,False,0,1,2,0,4773
0,unknown,cat,0,1,False,2,0,1,-1,4774
0,unknown,cat,0,0,False,2,0,1,6,4775
0,unknown,Thread-18 (work,0,0,False,0,1,2,0,4776
0,unknown,Thread-11 (_han,0,0,False,0,1,2,0,4777
0,unknown,V8Worker,0,0,False,0,1,2,0,4778
0,unknown,code,1,1,True,2,0,1,-1,4779
0,unknown,StreamTrans #2,0,0,False,0,1,2,0,4780
0,unknown,gmain,0,0,False,0,1,2,0,4781
0,unknown,code,0,0,False,0,1,2,0,4782
0,unknown,Thread-87 (_han,0,1,False,0,1,2,0,4783
0,unknown,Thread-16 (work,0,0,False,0,1,2,0,4784
1,unknown,Web Content,0,0,False,2,0,1,-1,4785
0,unknown,Timer,0,0,False,0,1,2,-1,4786
0,unknown,CanvasRenderer,0,0,False,0,1,2,-1,4787
0,unknown,pet,0,0,False,0,1,1,-1,4788
0,unknown,python,0,1,False,0,0,1,-1,4789
1,unknown,IPC I/O Child,0,0,False,0,1,2,0,4790
0,unknown,Thread-219 (_ha,0,0,False,0,1,2,0,4791
0,unknown,Thread-2 (worke,0,0,False,0,1,2,0,4792
0,unknown,IPC I/O Child,0,0,False,0,1,2,0,4793
0,unknown,Thread-24 (work,0,0,False,0,1,2,0,4794
0,unknown,Thread-34 (work,0,0,False,0,1,2,0,4795
0,unknown,sh,0,0,False,2,0,1,-1,4796
1,unknown,libuv-worker,0,0,False,0,1,2,0,4797
0,unknown,StreamT~ns #625,0,0,False,0,1,2,0,4798
0,unknown,Thread-11 (_han,0,0,False,0,1,2,0,4799
0,unknown,code,0,0,False,2,0,1,-1,4800
0,unknown,Thread-203 (wor,0,0,False,0,1,2,0,4801
0,unknown,TaskCon~ller #0,0,0,False,0,1,2,-1,4802
0,unknown,gly-rayon-3,0,0,False,0,1,2,0,4803
0,unknown,Web Content,0,1,False,2,0,1,-1,4804
0,unknown,ThreadPoolForeg,0,0,False,0,1,2,-1,4805
0,unknown,IPC I/O Parent,0,0,False,0,1,1,-1,4806
0,unknown,Thread-15 (work,0,0,False,0,1,2,0,4807
0,unknown,DOM Worker,0,1,False,0,1,2,-1,4808
0,unknown,WRWorkerLP#5,0,0,False,0,1,1,-1,4810
0,unknown,Thread-5 (worke,0,0,False,0,1,2,0,4811
0,unknown,Thread-11 (_han,0,1,False,0,1,2,-1,4812
0,unknown,Thread-184 (wor,0,0,False,0,1,2,0,4813
0,unknown,Thread-52 (work,0,0,False,0,1,2,0,4814
0,unknown,jbd2/sdb4-8,0,0,False,0,1,2,0,4815
0,unknown,code,0,1,False,0,1,2,0,4816
0,unknown,sh,0,0,False,2,0,1,-1,4817
0,unknown,code,1,1,True,2,0,1,-1,4818
0,unknown,bash,0,1,False,2,0,1,-1,4819
0,unknown,DelayedTaskSche,0,0,False,0,1,2,0,4820
0,unknown,irq/51-DELL0802,1,1,True,2,3,1,-1,4821
0,unknown,cpuUsage.sh,0,0,False,2,1,1,-1,4822
0,unknown,Thread-71 (work,0,0,False,0,1,2,0,4823
0,unknown,Chrome_ChildIOT,0,0,False,0,1,1,-1,4824
0,unknown,cat,0,0,False,2,0,1,12,4825
0,unknown,Thread-142 (_ha,0,1,False,0,1,2,-1,4826
0,unknown,Timer,0,0,False,0,1,2,0,4827
0,unknown,Thread-30 (work,0,0,False,0,1,2,0,4828
0,unknown,Thread-4 (worke,0,1,False,0,1,2,0,4829
0,unknown,Thread-22 (_han,0,0,False,0,1,2,0,4830
0,unknown,ThreadPoolForeg,0,0,False,0,1,2,-1,4831
0,unknown,DNS Res~er #520,0,0,False,0,1,2,0,4832
0,unknown,Thread-48 (work,0,0,False,0,1,2,0,4833
0,unknown,gmain,0,0,False,0,1,2,0,4834
0,unknown,dart:io EventHa,0,0,False,0,1,2,0,4835
0,unknown,Thread-80 (work,0,0,False,0,1,2,0,4836
0,unknown,kworker/u33:0,0,0,False,0,0,1,-1,4837
1,unknown,Thread-191 (wor,0,0,False,0,1,2,-1,4838
0,unknown,pet,0,0,False,0,1,1,10,4839
0,unknown,Timer,0,0,False,0,1,2,19,4840
0,unknown,KMS thread,0,0,False,0,3,1,-1,4841
0,unknown,python,0,0,False,0,1,1,-1,4842
1,unknown,Thread-133 (wor,0,0,False,0,1,2,-1,4843
0,unknown,gdbus,0,0,False,0,1,2,0,4844
0,unknown,thermald,1,1,True,2,0,1,-1,4845
0,unknown,ProcessHangMon,0,0,False,0,1,2,0,4846
0,unknown,sh,0,0,False,2,0,1,-1,4848
0,unknown,ThreadPoolForeg,0,0,False,0,1,2,0,4849
0,unknown,in:imuxsock,0,0,False,0,1,2,0,4850
0,unknown,Thread-103 (wor,0,0,False,0,1,2,0,4851
1,unknown,TaskCon~ller #0,0,0,False,0,1,2,0,4852
0,unknown,sleep,0,0,False,2,0,1,-1,4853
0,unknown,LS Thread,0,1,False,0,1,2,0,4854
0,unknown,WRWorkerLP#0,0,0,False,0,1,1,-1,4855
0,unknown,pool-89,0,0,False,0,1,2,-1,4856
1,unknown,ThreadPoolForeg,0,0,False,0,1,2,-1,4857
0,unknown,Thread-51 (work,0,0,False,0,1,2,0,4858
1,unknown,Indexed~IO #253,0,0,False,0,1,2,0,4859
1,unknown,WRWorkerLP#7,0,0,False,0,1,1,-1,4860
0,unknown,ThreadPoolForeg,0,0,False,0,1,2,-1,4861
0,unknown,DOM Worker,0,0,False,0,1,2,5,4862
0,unknown,ibus-portal,0,0,False,0,0,1,-1,4863
0,unknown,StyleThread#4,0,0,False,0,1,2,-1,4864
0,unknown,Thread-37 (work,0,0,False,0,1,2,0,4865
0,unknown,JS Watchdog,0,0,False,0,1,2,0,4866
1,unknown,IPC I/O Child,0,0,False,0,1,2,0,4867
0,unknown,Thread-8 (worke,0,0,False,0,1,2,0,4868
0,unknown,Thread-5 (worke,0,0,False,0,1,2,0,4869
0,unknown,StyleThread#2,0,0,False,0,1,2,0,4870
1,unknown,WRWorker#3,0,0,False,0,1,1,-1,4871
0,unknown,Thread-48 (work,0,0,False,0,1,2,0,4872
1,unknown,Utility Process,0,0,False,2,0,1,-1,4873
0,unknown,Thread-23 (work,0,0,False,0,1,2,14,4874
0,unknown,Thread-18 (work,0,0,False,0,1,2,0,4875
0,unknown,sed,0,0,False,2,0,1,20,4876
1,unknown,lesspipe,0,0,False,2,0,1,-1,4877
0,unknown,cpuUsage.sh,0,0,False,2,0,1,-1,4878
0,unknown,DOM Worker,0,0,False,0,1,2,0,4879
0,unknown,bpftool,1,0,False,2,0,1,-1,4880
1,unknown,Thread-118 (wor,0,0,False,0,1,2,-1,4881
0,unknown,sh,0,0,False,2,0,1,-1,4882
1,unknown,Thread-124 (wor,0,0,False,0,1,2,-1,4883
0,unknown,WRWorkerLP#1,0,0,False,0,1,1,-1,4884
0,unknown,code,1,0,False,2,3,1,-1,4885
0,unknown,Thread-15 (work,0,0,False,0,1,2,0,4886
1,unknown,WRWorkerLP#5,0,0,False,0,1,1,-1,4887
0,unknown,rs:main Q:Reg,0,0,False,0,1,2,0,4888
0,unknown,sh,0,0,False,0,1,1,-1,4889
0,unknown,cat,0,0,False,2,0,1,6,4891
0,unknown,systemd-resolve,0,0,False,2,0,1,-1,4892
0,unknown,cpuUsage.sh,0,0,False,2,0,1,9,4893
0,unknown,Thread-217 (wor,0,0,False,0,1,2,13,4894
0,unknown,bpftool,1,1,True,2,0,1,-1,4895
0,unknown,code,1,1,True,2,0,1,-1,4896
0,unknown,pool-94,0,0,False,0,1,2,0,4897
0,unknown,Thread-33 (_han,0,0,False,0,1,2,0,4898
0,unknown,sh,0,0,False,2,0,1,1,4899
0,unknown,cat,0,0,False,2,0,1,6,4900
0,unknown,Thread-62 (work,0,0,False,0,1,2,0,4901
0,unknown,Thread-65 (_han,0,0,False,0,1,2,0,4902
0,unknown,Thread-10 (_han,0,1,False,0,1,2,0,4903
1,unknown,IPC I/O Child,0,0,False,0,1,2,0,4904
0,unknown,cat,0,0,False,2,0,1,21,4905
1,unknown,Thread-112 (wor,0,0,False,0,1,2,-1,4906
0,unknown,Thread-213 (wor,0,0,False,0,1,2,0,4907
0,unknown,nv_queue,1,1,True,0,0,2,-1,4908
0,unknown,Thread-217 (wor,0,0,False,0,1,2,0,4909
0,unknown,Thread-96 (work,0,0,False,0,1,2,0,4910
1,unknown,pool-12,0,0,False,0,1,2,0,4911
0,unknown,Thread-199 (wor,0,0,False,0,1,2,0,4912
0,unknown,libuv-worker,0,0,False,0,1,2,-1,4913
0,unknown,StreamT~ns #629,0,0,False,0,1,2,5,4914
0,unknown,Thread-133 (wor,0,0,False,0,1,2,-1,4915
0,unknown,Thread-91 (work,0,0,False,0,1,2,0,4916
0,unknown,Thread-159 (wor,0,0,False,0,1,2,0,4917
0,unknown,Thread-65 (_han,0,0,False,0,1,2,0,4918
0,unknown,Thread-28 (work,0,0,False,0,1,2,0,4919
0,unknown,libuv-worker,0,0,False,0,1,2,-1,4920
0,unknown,gnome-sh:gdrv0,0,0,False,0,1,2,0,4921
0,unknown,Thread-65 (_han,0,0,False,0,1,2,0,4922
0,unknown,gly-rayon-2,0,0,False,0,1,2,0,4923
0,unknown,StreamT~ns #636,0,0,False,0,1,2,0,4924
0,unknown,firefox:gdrv0,0,1,False,0,1,1,10,4925
0,unknown,Thread-50 (work,0,0,False,0,1,2,0,4926
0,unknown,Socket Thread,0,0,False,0,1,2,-1,4927
1,unknown,ThreadPoolForeg,0,0,False,0,1,2,-1,4928
0,unknown,pet,0,0,False,0,1,2,-1,4929
0,unknown,Thread-14 (work,0,0,False,0,1,2,0,4930
0,unknown,systemd-resolve,0,0,False,2,0,1,-1,4931
0,unknown,Thread-5 (worke,0,0,False,0,1,2,0,4932
0,unknown,Thread-13 (work,0,0,False,0,1,2,0,4933
0,unknown,ps,1,1,True,2,0,1,-1,4934
0,unknown,TaskCon~ller #2,0,0,False,0,1,2,-1,4935
0,unknown,Thread-12 (work,0,0,False,0,1,2,0,4936
0,unknown,Thread-126 (wor,0,0,False,0,1,2,0,4937
1,unknown,Thread-113 (wor,0,0,False,0,1,2,0,4938
0,unknown,bpftool,0,1,False,2,0,1,-1,4939
0,unknown,ibus-extension-,0,0,False,2,0,1,-1,4940
0,unknown,V8Worker,0,0,False,0,1,2,0,4941
0,unknown,python,0,0,False,0,1,1,-1,4942
0,unknown,bpftool,1,0,False,2,0,1,-1,4943
0,unknown,TaskCon~ller #5,0,1,False,0,1,2,0,4944
0,unknown,Thread-184 (wor,0,0,False,0,1,2,-1,4945
0,unknown,Thread-28 (work,0,0,False,0,1,2,0,4946
0,unknown,thermald,0,0,False,0,1,2,-1,4947
0,unknown,kworker/u33:1,0,1,False,0,3,1,-1,4948
0,unknown,sh,0,0,False,2,0,1,1,4949
0,unknown,bash,0,1,False,2,0,1,-1,4950
0,unknown,sh,0,0,False,2,0,1,-1,4951
0,unknown,WRWorkerLP#1,0,0,False,0,1,1,-1,4952
0,unknown,cpuUsage.sh,0,0,False,2,0,1,9,4953
0,unknown,fwupd,0,0,False,2,0,1,-1,4954
1,unknown,Thread-179 (wor,0,0,False,0,1,2,17,4955
0,unknown,Thread-52 (work,0,0,False,0,1,2,0,4956
0,unknown,Thread-35 (work,0,0,False,0,1,2,0,4957
0,unknown,code,1,0,False,2,3,1,-1,4958
0,unknown,blocking-1,0,0,False,0,1,2,2,4960
0,unknown,V8Worker,0,0,False,0,1,2,-1,4961
0,unknown,StreamT~ns #635,0,0,False,0,1,2,0,4962
0,unknown,cpuUsage.sh,0,1,False,2,0,1,-1,4963
0,unknown,Thread-3 (worke,0,0,False,0,1,2,0,4964
0,unknown,cpuUsage.sh,0,0,False,2,0,1,-1,4965
0,unknown,Thread-145 (wor,0,0,False,0,1,2,-1,4966
0,unknown,Thread-147 (wor,0,0,False,0,1,2,-1,4967
0,unknown,Thread-16 (work,0,0,False,0,1,2,0,4968
0,unknown,ThreadPoolForeg,0,0,False,0,1,2,-1,4969
0,unknown,StreamT~ns #208,0,0,False,0,1,2,8,4970
1,unknown,Thread-170 (wor,0,0,False,0,1,2,-1,4971
0,unknown,Thread-109 (_ha,0,0,False,0,1,2,0,4972
0,unknown,cpuUsage.sh,0,0,False,2,0,1,-1,4973
0,unknown,IPC I/O Child,0,0,False,0,1,2,0,4974
0,unknown,Socket Thread,0,0,False,0,1,2,-1,4975
0,unknown,Thread-5 (worke,0,0,False,0,1,2,0,4976
0,unknown,cat,0,1,False,2,0,1,6,4977
0,unknown,Thread-8 (worke,0,0,False,0,1,2,0,4978
0,unknown,Thread-30 (work,0,0,False,0,1,2,0,4979
0,unknown,gmain,0,0,False,0,1,2,0,4980
0,unknown,snap,0,1,False,0,1,2,0,4981
0,unknown,stress-ng-vm,0,0,False,0,1,2,-1,4982
0,unknown,StyleThread#5,0,1,False,0,1,1,-1,4983
0,unknown,uname,0,1,False,2,0,1,-1,4984
0,unknown,Thread-63 (work,0,0,False,0,1,2,0,4985
0,unknown,ThreadPoolForeg,0,0,False,0,1,2,-1,4986
1,unknown,Thread-154 (_ha,0,0,False,0,1,2,0,4987
0,unknown,cpuUsage.sh,0,0,False,2,0,1,9,4988
0,unknown,sh,0,0,False,0,1,1,-1,4989
0,unknown,sudo,1,0,False,2,0,1,-1,4990
0,unknown,StreamTrans #56,0,0,False,0,1,2,0,4991
0,unknown,code,0,0,False,0,1,2,0,4992
1,unknown,Thread-178 (wor,0,0,False,0,1,2,-1,4993
0,unknown,Thread-190 (wor,0,0,False,0,1,2,13,4994
0,unknown,JS Watchdog,0,0,False,0,1,2,0,4995
0,unknown,Thread-214 (wor,0,0,False,0,1,2,0,4996
0,unknown,Thread-17 (work,0,0,False,0,1,2,0,4997
0,unknown,TaskCon~ller #6,0,1,False,0,1,2,0,4998
0,unknown,Isolated Web Co,1,0,False,2,0,1,-1,4999
0,unknown,cpuUsage.sh,0,1,False,2,0,1,-1,5000
0,unknown,V8Worker,0,0,False,0,1,2,0,5001
0,unknown,which,0,0,False,2,0,1,-1,5002
0,unknown,Thread-24 (work,0,0,False,0,1,2,0,5003
0,unknown,localsearch-3,0,1,False,2,0,1,-1,5004
0,unknown,Thread-19 (work,0,1,False,0,1,2,0,5005
1,unknown,Thread-145 (wor,0,0,False,0,1,2,17,5006
0,unknown,Thread-204 (wor,0,0,False,0,1,2,0,5007
2,unknown,Web Content,0,1,False,2,0,1,-1,5008
0,unknown,Thread-18 (work,0,0,False,0,1,2,8,5009
1,unknown,Thread-172 (wor,0,0,False,0,1,2,-1,5010
0,unknown,Thread-10 (_han,0,0,False,0,1,2,0,5011
0,unknown,kworker/u32:1,1,0,False,2,0,1,-1,5012
0,unknown,pet,0,0,False,0,1,1,10,5013
1,unknown,ThreadPoolForeg,0,0,False,0,1,2,-1,5014
0,unknown,code,0,0,False,0,1,1,-1,5015
0,unknown,WRWorker#2,0,0,False,0,1,2,-1,5016
0,unknown,TaskCon~ller #4,0,0,False,0,1,2,0,5018
0,unknown,cat,0,0,False,2,0,1,-1,5019
0,unknown,Timer,0,0,False,0,1,2,19,5020
0,unknown,Task Runner for,0,0,False,0,1,2,-1,5021
0,unknown,StreamTrans #52,0,1,False,0,1,2,0,5022
0,unknown,Thread-58 (work,0,1,False,0,1,2,-1,5023
0,unknown,Thread-54 (_han,0,0,False,0,1,2,0,5024
0,unknown,IPC I/O Child,0,0,False,0,1,2,0,5025
0,unknown,code,0,0,False,2,0,1,-1,5026
0,unknown,cpuUsage.sh,0,0,False,2,1,1,-1,5027
0,unknown,sleep,0,0,False,2,0,1,-1,5028
0,unknown,StreamTrans #51,0,0,False,0,1,2,0,5029
1,unknown,Thread-124 (wor,0,0,False,0,1,2,0,5030
1,unknown,ProfilerChild,0,0,False,0,1,2,8,5031
1,unknown,cpuUsage.sh,0,0,False,0,1,1,-1,5032
0,unknown,Isolated Web Co,1,0,False,2,0,1,-1,5033
0,unknown,ThreadPoolForeg,0,0,False,0,1,2,-1,5034
0,unknown,Thread-33 (_han,0,0,False,0,1,2,0,5036
0,unknown,gly-rayon-2,0,0,False,0,1,1,10,5037
0,unknown,Thread-136 (wor,0,0,False,0,1,2,0,5038
0,unknown,code,0,1,False,2,0,1,-1,5039
2,unknown,Thread-111 (wor,0,1,False,0,1,2,0,5040
0,unknown,Thread-61 (work,0,0,False,0,1,2,0,5041
0,unknown,cpuUsage.sh,0,0,False,2,0,1,9,5042
0,unknown,code,0,0,False,0,1,1,-1,5043
1,unknown,Thread-47 (work,0,0,False,0,1,2,-1,5044
0,unknown,in:imuxsock,0,0,False,0,1,2,0,5045
0,unknown,which,0,0,False,2,0,1,-1,5046
0,unknown,Thread-114 (wor,0,0,False,0,1,2,-1,5047
0,unknown,code,0,1,False,2,0,1,-1,5048
0,unknown,IPC I/O Parent,0,0,False,0,1,1,-1,5049
0,unknown,Timer,0,0,False,0,1,2,-1,5050
0,unknown,sh,0,0,False,0,1,2,-1,5051
0,unknown,Thread-72 (work,0,0,False,0,1,2,0,5052
0,unknown,cpuUsage.sh,0,0,False,0,1,1,-1,5053
0,unknown,V8Worker,0,1,False,0,1,2,-1,5054
1,unknown,WRWorkerLP#7,0,0,False,0,1,1,-1,5055
0,unknown,bpftool,1,0,False,2,0,1,-1,5056
0,unknown,TaskCon~ller #4,0,0,False,0,1,2,0,5057
0,unknown,sh,0,0,False,2,0,1,-1,5058
0,unknown,crashhelper,0,0,False,0,1,2,0,5059
0,unknown,Thread-42 (_han,0,0,False,0,1,2,-1,5060
0,unknown,gvfs-afc-volume,0,0,False,0,1,2,0,5061
0,unknown,V8Worker,0,0,False,0,1,2,-1,5062
0,unknown,Thread-36 (work,0,0,False,0,1,2,0,5063
0,unknown,WRWorkerLP#4,0,0,False,0,1,1,-1,5064
0,unknown,pinner,0,0,False,0,1,2,0,5065
0,unknown,sed,0,0,False,2,0,1,20,5066
0,unknown,Thread-81 (work,0,0,False,0,1,2,0,5068
0,unknown,Thread-48 (work,0,0,False,0,1,2,0,5069
0,unknown,python,0,0,False,0,1,1,-1,5070
1,unknown,V8Worker,0,0,False,0,1,2,-1,5071
0,unknown,Thread-8 (worke,0,0,False,0,1,2,0,5072
0,unknown,Thread-22 (_han,0,0,False,0,1,2,0,5073
0,unknown,Thread-14 (work,0,0,False,0,1,2,0,5074
0,unknown,gdbus,0,0,False,0,1,2,0,5075
0,unknown,StreamTrans #55,0,0,False,0,1,2,0,5076
0,unknown,firefox,1,1,True,1,3,0,-1,5077
0,unknown,Thread-15 (work,0,0,False,0,1,2,0,5079
0,unknown,cat,0,0,False,2,0,1,6,5080
0,unknown,kworker/6:0,0,0,False,0,1,2,-1,5081
0,unknown,Thread-51 (work,0,0,False,0,1,2,0,5082
0,unknown,Isolated Web Co,0,0,False,2,0,1,-1,5083
0,unknown,V8Worker,0,0,False,0,1,2,-1,5084
0,unknown,kworker/2:1,0,0,False,0,1,2,-1,5085
0,unknown,Thread-69 (work,0,0,False,0,1,2,0,5086
0,unknown,sh,0,0,False,2,1,1,-1,5087
0,unknown,Thread-55 (_han,0,0,False,0,1,2,0,5088
0,unknown,libuv-worker,0,0,False,0,1,2,0,5089
0,unknown,snap,0,0,False,0,1,2,0,5090
0,unknown,snapd,0,0,False,0,1,2,0,5091
0,unknown,gdbus,0,0,False,0,1,2,-1,5092
0,unknown,URL Classifier,0,0,False,0,1,2,0,5093
0,unknown,Timer,0,0,False,0,1,2,-1,5094
0,unknown,kworker/u33:1,0,1,False,0,3,1,-1,5095
0,unknown,WRWorker#0,0,0,False,0,1,1,-1,5096
0,unknown,cat,0,0,False,2,0,1,12,5097
0,unknown,gnome-sh:gdrv0,0,0,False,0,1,2,0,5098
0,unknown,StyleThread#3,0,1,False,0,1,2,-1,5099
0,unknown,cat,0,1,False,2,0,1,-1,5100
0,unknown,TaskCon~ller #4,0,0,False,0,1,2,0,5101
0,unknown,python,0,0,False,0,1,1,-1,5102
0,unknown,cat,0,0,False,2,0,1,-1,5103
0,unknown,sh,0,0,False,2,0,1,-1,5105
0,unknown,TaskCon~ller #1,0,0,False,0,1,2,-1,5106
0,unknown,Thread-151 (wor,0,0,False,0,1,2,0,5107
0,unknown,pet,0,0,False,0,1,1,10,5108
1,unknown,libuv-worker,0,0,False,0,1,2,0,5110
0,unknown,JS Watchdog,0,0,False,0,1,2,0,5111
0,unknown,Thread-33 (_han,0,1,False,0,1,2,0,5112
0,unknown,pet,0,0,False,0,1,1,10,5113
0,unknown,cat,0,0,False,2,0,1,4,5114
0,unknown,JS Watchdog,0,0,False,0,1,2,0,5115
0,unknown,ProcessHangMon,0,0,False,0,1,2,0,5116
0,unknown,MemoryPoller,0,0,False,0,1,2,0,5117
0,unknown,dbus-daemon,0,0,False,2,0,1,-1,5118
0,unknown,snap,0,0,False,0,1,2,0,5119
0,unknown,cat,0,0,False,2,0,1,4,5120
0,unknown,WRWorker#1,0,0,False,0,1,2,-1,5121
1,unknown,gdbus,0,0,False,0,1,2,0,5122
0,unknown,TaskCon~ller #0,0,0,False,0,1,2,-1,5123
0,unknown,cat,0,0,False,2,0,1,6,5124
0,unknown,Thread-3 (worke,0,0,False,0,1,2,0,5125
0,unknown,Thread-148 (wor,0,0,False,0,1,2,-1,5126
0,unknown,cat,0,0,False,2,0,1,6,5127
0,unknown,Thread-11 (_han,0,0,False,0,1,2,0,5128
0,unknown,StyleThread#5,0,0,False,0,1,2,-1,5129
0,unknown,Indexed~IO #251,0,0,False,0,1,2,0,5130
1,unknown,ThreadPoolForeg,0,0,False,0,1,2,-1,5131
0,unknown,IPC I/O Child,0,0,False,0,1,2,-1,5132
0,unknown,Thread-91 (work,0,0,False,0,1,2,0,5133
0,unknown,V8Worker,0,0,False,0,1,2,-1,5134
0,unknown,gsd-power,1,0,False,2,0,1,-1,5135
0,unknown,libuv-worker,0,0,False,0,1,2,0,5136
1,unknown,python,0,0,False,2,0,1,-1,5137
0,unknown,sh,0,0,False,2,0,1,-1,5138
0,unknown,gvfs-afc-volume,0,0,False,0,1,2,0,5139
0,unknown,pet,0,1,False,0,1,2,0,5140
0,unknown,WRWorkerLP#3,0,0,False,0,1,1,-1,5141
0,unknown,cat,0,1,False,2,0,1,-1,5142
0,unknown,ThreadPoolServi,0,0,False,0,1,2,0,5143
0,unknown,Socket Thread,0,0,False,0,1,2,0,5144
0,unknown,kworker/0:1H,0,1,False,0,0,1,-1,5145
0,unknown,Thread-33 (_han,0,1,False,0,1,2,0,5146
0,unknown,Socket Thread,0,0,False,0,1,2,0,5147
0,unknown,python,0,0,False,0,1,1,-1,5148
0,unknown,JS Helper,0,0,False,0,1,2,0,5149
0,unknown,Thread-214 (wor,0,0,False,0,1,2,0,5150
0,unknown,gdbus,0,0,False,0,1,2,0,5151
0,unknown,code,1,0,False,2,3,1,-1,5152
0,unknown,WRWorkerLP#3,0,0,False,0,1,1,-1,5153
0,unknown,pet,1,1,True,2,0,1,-1,5154
0,unknown,Thread-23 (work,0,0,False,0,1,2,0,5155
0,unknown,sed,0,0,False,2,0,1,-1,5156
0,unknown,Thread-24 (work,0,0,False,0,1,2,0,5157
1,unknown,TaskCon~ller #4,0,0,False,0,1,2,0,5158
0,unknown,chrome_crashpad,0,0,False,0,1,2,0,5159
0,unknown,cat,0,0,False,2,0,1,6,5160
0,unknown,chronyd,0,0,False,0,1,2,0,5161
0,unknown,Thread-46 (work,0,0,False,0,1,2,0,5162
0,unknown,sudo,0,0,False,2,0,1,-1,5163
0,unknown,code,0,0,False,2,0,1,-1,5164
0,unknown,pet,0,0,False,0,1,1,10,5165
0,unknown,whoopsie-upload,1,1,True,2,0,1,-1,5166
0,unknown,JS Helper,0,0,False,0,1,2,0,5167
0,unknown,pool-spawner,0,0,False,0,1,2,0,5168
0,unknown,StreamTrans #28,0,0,False,0,1,2,-1,5169
1,unknown,gdbus,0,0,False,0,1,2,0,5170
3,unknown,python,0,0,False,0,1,1,-1,5171
0,unknown,V8Worker,0,0,False,0,1,2,-1,5172
0,unknown,gdbus,0,0,False,0,1,2,-1,5173
2,unknown,TaskCon~ller #6,0,0,False,0,1,2,0,5174
0,unknown,V8Worker,0,0,False,0,1,2,-1,5175
0,unknown,Thread-16 (work,0,0,False,0,1,2,0,5176
0,unknown,sed,0,0,False,2,0,1,16,5177
1,unknown,Thread-139 (wor,0,0,False,0,1,2,0,5178
0,unknown,cpuUsage.sh,0,0,False,2,0,1,-1,5179
0,unknown,sh,0,0,False,0,1,1,-1,5180
0,unknown,Thread-18 (work,0,0,False,0,1,2,0,5181
0,unknown,Timer,0,0,False,0,1,2,19,5182
0,unknown,libuv-worker,0,0,False,0,1,2,0,5183
0,unknown,GDM userdb work,0,0,False,0,1,2,0,5185
0,unknown,code,1,0,False,2,3,1,-1,5186
0,unknown,Thread-86 (_han,0,0,False,0,1,2,0,5187
0,unknown,python,1,0,False,2,3,1,-1,5188
0,unknown,Thread-70 (work,0,0,False,0,1,2,0,5189
0,unknown,Thread-81 (work,0,0,False,0,1,2,0,5190
0,unknown,Thread-205 (wor,0,0,False,0,1,2,0,5191
0,unknown,cpuUsage.sh,0,1,False,2,0,1,-1,5192
0,unknown,Thread-10 (_han,0,1,False,0,1,2,-1,5193
0,unknown,rsyslogd,0,0,False,2,0,1,-1,5194
0,unknown,cpuUsage.sh,0,0,False,2,0,1,9,5195
0,unknown,Thread-49 (work,0,0,False,0,1,2,0,5196
0,unknown,Thread-1 (worke,0,0,False,0,1,2,0,5197
0,unknown,JS Watchdog,0,0,False,0,1,2,0,5198
0,unknown,WorkerThread,0,0,False,0,1,2,0,5199
1,unknown,Thread-149 (wor,0,0,False,0,1,2,-1,5200
0,unknown,sh,0,0,False,2,0,1,-1,5201
0,unknown,Thread-43 (_han,0,0,False,0,1,2,0,5203
0,unknown,Thread-193 (wor,0,0,False,0,1,2,-1,5205
0,unknown,Timer,0,0,False,0,1,2,0,5206
1,unknown,TaskCon~ller #3,0,0,False,0,1,2,0,5207
0,unknown,Thread-88 (_han,0,0,False,0,1,2,0,5208
0,unknown,Thread-30 (work,0,0,False,0,1,2,0,5209
0,unknown,sh,0,0,False,2,0,1,1,5210
0,unknown,kworker/3:1H,1,1,True,0,0,1,-1,5211
0,unknown,cat,0,1,False,2,0,1,-1,5212
0,unknown,CompositorTileW,0,0,False,0,1,2,0,5213
0,unknown,gdbus,0,0,False,0,1,2,-1,5214
0,unknown,bpftool,0,0,False,2,0,1,-1,5215
1,unknown,pet,0,0,False,0,1,1,-1,5216
0,unknown,Thread-45 (work,0,0,False,0,1,2,0,5217
0,unknown,Thread-151 (wor,0,0,False,0,1,2,-1,5218
0,unknown,bpftool,1,0,False,2,0,1,-1,5219
0,unknown,gly-rayon-1,0,0,False,0,1,2,8,5220
0,unknown,Thread-210 (wor,0,0,False,0,1,2,0,5221
0,unknown,Indexed~IO #252,0,0,False,0,1,2,0,5222
0,unknown,Thread-177 (wor,0,0,False,0,1,2,17,5223
0,unknown,ThreadPoolForeg,0,0,False,0,1,2,0,5224
0,unknown,MediaTimer #69,0,0,False,0,1,1,10,5225
1,unknown,WRWorker#3,0,0,False,0,1,2,-1,5226
1,unknown,sh,0,0,False,2,0,1,-1,5227
0,unknown,sadc,1,1,True,2,0,1,-1,5228
0,unknown,Thread-34 (work,0,0,False,0,1,2,0,5229
0,unknown,sh,0,1,False,2,0,1,-1,5230
0,unknown,cat,0,1,False,2,0,1,-1,5231
0,unknown,Thread-24 (work,0,0,False,0,1,2,0,5232
0,unknown,Backgro~Pool #8,0,0,False,0,1,2,0,5233
1,unknown,WRWorker#3,0,0,False,0,1,1,-1,5234
0,unknown,Thread-26 (work,0,0,False,0,1,2,0,5235
2,unknown,Thread-156 (wor,0,0,False,0,1,2,-1,5236
0,unknown,cat,0,0,False,2,0,1,6,5237
0,unknown,cat,0,0,False,2,0,1,6,5238
0,unknown,gly-rayon-3,0,0,False,0,1,2,0,5240
0,unknown,Thread-220 (_ha,0,0,False,0,1,2,0,5241
0,unknown,Thread-34 (work,0,0,False,0,1,2,0,5242
0,unknown,Thread-39 (work,0,0,False,0,1,2,0,5243
0,unknown,Thread-98 (_han,0,1,False,0,1,2,0,5244
0,unknown,Thread-202 (wor,0,0,False,0,1,2,-1,5245
0,unknown,code,0,0,False,0,1,2,-1,5246
0,unknown,Chrome_ChildIOT,0,0,False,0,1,1,-1,5247
0,unknown,gmain,0,0,False,0,1,2,0,5248
0,unknown,firefo:traceq0,0,0,False,0,1,2,0,5249
0,unknown,python,0,0,False,0,1,1,-1,5250
0,unknown,cpuUsage.sh,0,0,False,2,0,1,9,5251
0,unknown,Backgro~Pool #8,0,0,False,0,1,2,0,5252
0,unknown,DelayedTaskSche,0,0,False,0,1,2,0,5253
1,unknown,sudo,1,0,False,2,0,1,-1,5254
0,unknown,Thread-52 (work,0,0,False,0,1,2,0,5255
0,unknown,Thread-76 (_han,0,1,False,0,1,2,0,5256
0,unknown,NetworkManager,1,0,False,2,0,1,-1,5258
0,unknown,Thread-47 (work,0,0,False,0,1,2,-1,5259
0,unknown,WRWorkerLP#4,0,0,False,0,1,1,-1,5260
0,unknown,ps,1,0,False,2,0,1,-1,5261
0,unknown,libuv-worker,0,0,False,0,1,2,-1,5262
0,unknown,Thread-70 (work,0,0,False,0,1,2,0,5263
0,unknown,Thread-200 (wor,0,0,False,0,1,2,0,5264
0,unknown,dbus-daemon,0,0,False,2,0,1,-1,5265
0,unknown,Thread-203 (wor,0,0,False,0,1,2,0,5266
0,unknown,Thread-99 (_han,0,0,False,0,1,2,0,5267
0,unknown,Chrome_ChildIOT,0,0,False,0,1,2,-1,5268
0,unknown,Thread-191 (wor,0,0,False,0,1,2,0,5269
0,unknown,cpuUsage.sh,0,0,False,2,0,1,9,5270
0,unknown,cat,0,0,False,2,0,1,6,5271
0,unknown,V8Worker,0,0,False,0,1,2,0,5272
0,unknown,systemd-journal,1,0,False,2,0,1,-1,5273
0,unknown,Thread-6 (worke,0,0,False,0,1,2,0,5274
2,unknown,Thread-160 (wor,0,0,False,0,1,2,-1,5275
0,unknown,Thread-200 (wor,0,0,False,0,1,2,0,5276
0,unknown,WRWorkerLP#2,0,0,False,0,1,1,-1,5277
0,unknown,code,0,0,False,2,0,1,-1,5278
0,unknown,ps,1,0,False,2,0,1,-1,5279
0,unknown,bpftool,1,0,False,2,0,1,-1,5280
0,unknown,V8Worker,0,0,False,0,1,2,0,5281
0,unknown,firefo:traceq0,0,0,False,0,1,2,8,5282
0,unknown,bpftool,1,0,False,2,0,1,-1,5283
1,unknown,Thread-115 (wor,0,0,False,0,1,2,0,5284
0,unknown,code,0,1,False,2,0,1,-1,5285
0,unknown,Thread-212 (wor,0,0,False,0,1,2,0,5286
0,unknown,StreamT~ns #625,0,0,False,0,1,2,0,5287
0,unknown,Thread-107 (wor,0,0,False,0,1,2,0,5288
0,unknown,Thread-110 (_ha,0,0,False,0,1,2,0,5289
0,unknown,libuv-worker,0,0,False,0,1,2,0,5290
0,unknown,sh,0,0,False,2,0,1,1,5291
0,unknown,Thread-186 (_ha,0,1,False,0,1,2,-1,5292
0,unknown,Thread-27 (work,0,0,False,0,1,2,0,5293
0,unknown,WorkerThread,0,0,False,0,1,2,0,5294
1,unknown,Thread-146 (wor,0,0,False,0,1,2,0,5295
0,unknown,bash,0,0,False,2,0,1,-1,5296
0,unknown,Thread-63 (work,0,0,False,0,1,2,0,5297
0,unknown,cpuUsage.sh,0,0,False,2,0,1,9,5298
0,unknown,DedicatedWorker,0,0,False,0,1,2,-1,5299
0,unknown,V8Worker,0,0,False,0,1,2,-1,5300
0,unknown,Thread-56 (work,0,0,False,0,1,2,0,5301
0,unknown,pet,0,0,False,0,1,1,10,5302
0,unknown,Thread-25 (work,0,0,False,0,1,2,0,5303
0,unknown,Thread-18 (work,0,0,False,0,1,2,0,5305
0,unknown,Thread-15 (work,0,0,False,0,1,2,0,5306
1,unknown,Thread-213 (wor,0,0,False,0,1,2,-1,5307
0,unknown,Thread-66 (_han,0,0,False,0,1,2,0,5308
0,unknown,Thread-219 (_ha,0,1,False,0,1,2,0,5309
0,unknown,python,0,0,False,0,1,1,-1,5310
2,unknown,Thread-165 (_ha,0,0,False,0,1,2,-1,5311
0,unknown,Thread-24 (work,0,0,False,0,1,2,0,5312
0,unknown,avahi-daemon,0,0,False,2,0,1,-1,5313
0,unknown,Timer,0,0,False,0,1,2,0,5314
0,unknown,Thread-68 (work,0,0,False,0,1,2,0,5315
0,unknown,Thread-78 (work,0,0,False,0,1,2,0,5316
0,unknown,Thread-67 (work,0,0,False,0,1,2,0,5317
2,unknown,forkserver,1,1,True,0,0,2,-1,5318
0,unknown,Thread-144 (wor,0,0,False,0,1,2,-1,5319
1,unknown,cat,1,0,False,2,0,1,4,5320
0,unknown,cat,0,0,False,2,0,1,6,5321
0,unknown,DNS Res~er #515,0,0,False,0,1,2,-1,5322
0,unknown,WRWorkerLP#0,0,0,False,0,1,1,-1,5323
0,unknown,Thread-25 (work,0,0,False,0,1,2,0,5324
0,unknown,Thread-3 (worke,0,0,False,0,1,2,0,5325
0,unknown,libuv-worker,0,0,False,0,1,2,0,5326
0,unknown,sed,0,0,False,2,0,1,-1,5327
0,unknown,TaskCon~ller #0,0,0,False,0,1,2,0,5328
1,unknown,V8Worker,0,0,False,0,1,2,-1,5329
1,unknown,Thread-150 (wor,0,0,False,0,1,2,-1,5330
0,unknown,Chrome_ChildIOT,0,1,False,0,1,2,-1,5331
0,unknown,sh,0,0,False,0,1,2,0,5332
0,unknown,TaskCon~ller #5,0,0,False,0,1,2,0,5333
0,unknown,CompositorTileW,0,1,False,0,1,2,0,5334
0,unknown,Thread-18 (work,0,0,False,0,1,2,0,5335
0,unknown,Thread-44 (_han,0,0,False,0,1,2,0,5336
0,unknown,pet,0,0,False,0,1,2,-1,5337
0,unknown,Thread-83 (work,0,0,False,0,1,2,0,5338
0,unknown,Thread-13 (work,0,0,False,0,1,2,0,5339
0,unknown,sh,0,0,False,2,1,1,-1,5340
0,unknown,Thread-10 (_han,0,0,False,0,1,2,0,5341
0,unknown,Thread-194 (wor,0,0,False,0,1,2,17,5342
0,unknown,cat,0,0,False,2,0,1,6,5343
0,unknown,sed,0,0,False,2,0,1,-1,5344
0,unknown,snapd,0,0,False,0,1,2,0,5345
1,unknown,Thread-15 (work,0,0,False,0,1,2,0,5346
0,unknown,python,1,1,True,2,0,1,-1,5347
0,unknown,Thread-67 (work,0,0,False,0,1,2,0,5348
0,unknown,pet,0,0,False,0,1,2,-1,5349
0,unknown,Thread-207 (_ha,0,0,False,0,1,2,0,5350
0,unknown,gdbus,0,0,False,0,1,2,0,5351
0,unknown,libuv-worker,0,0,False,0,1,2,0,5352
0,unknown,cat,0,0,False,2,0,1,6,5353
0,unknown,sed,0,0,False,2,0,1,20,5354
0,unknown,V8Worker,0,0,False,0,1,2,-1,5355
0,unknown,stress-ng-cpu,0,0,False,2,0,1,-1,5356
0,unknown,cpuUsage.sh,0,1,False,2,0,1,-1,5357
0,unknown,Cache2 I/O,0,0,False,0,1,2,-1,5358
0,unknown,bash,0,0,False,2,0,1,-1,5359
1,unknown,V8Worker,0,1,False,0,1,2,-1,5360
0,unknown,cpuUsage.sh,0,0,False,2,0,1,9,5361
1,unknown,Thread-112 (wor,0,0,False,0,1,2,0,5362
0,unknown,cpuUsage.sh,0,0,False,2,0,1,9,5363
0,unknown,bpftool,0,1,False,2,0,1,-1,5364
0,unknown,BgIOThr~ool #19,0,0,False,0,1,2,0,5365
0,unknown,sed,0,0,False,2,0,1,-1,5366
0,unknown,gmain,0,0,False,0,1,2,0,5367
0,unknown,V8Worker,0,0,False,0,1,2,0,5368
0,unknown,python,0,0,False,0,1,1,-1,5369
0,unknown,libuv-worker,0,0,False,0,1,2,0,5370
0,unknown,jbd2/sdb4-8,0,0,False,0,1,2,0,5371
0,unknown,WRWorker#0,0,0,False,0,1,2,-1,5372
0,unknown,rs:main Q:Reg,0,0,False,0,1,2,0,5373
0,unknown,Thread-57 (work,0,0,False,0,1,2,0,5374
0,unknown,cpuUsage.sh,0,0,False,2,0,1,9,5375
0,unknown,unix_chkpwd,0,0,False,2,0,1,-1,5376
0,unknown,cpuUsage.sh,0,0,False,2,0,1,-1,5377
0,unknown,Thread-150 (wor,0,0,False,0,1,2,0,5378
1,unknown,Thread-149 (wor,0,0,False,0,1,2,-1,5379
0,unknown,code,1,0,False,2,3,1,-1,5380
0,unknown,ThreadPoolForeg,0,0,False,0,1,2,-1,5381
0,unknown,python,0,0,False,0,1,1,-1,5382
1,unknown,Isolated Servic,0,0,False,2,0,1,-1,5383
0,unknown,cat,0,0,False,2,0,1,6,5384
0,unknown,sh,0,0,False,0,1,1,-1,5385
0,unknown,StyleThread#4,0,1,False,0,1,2,-1,5386
0,unknown,dirname,0,1,False,2,0,1,-1,5387
0,unknown,Thread-181 (wor,0,0,False,0,1,2,0,5388
0,unknown,Thread-16 (work,0,0,False,0,1,2,0,5389
0,unknown,LS Thread,0,1,False,0,1,2,0,5390
0,unknown,ThreadPoolSingl,0,1,False,0,1,2,0,5391
1,unknown,StreamT~ns #626,0,0,False,0,1,2,0,5392
0,unknown,cat,0,0,False,2,0,1,6,5393
0,unknown,Thread-101 (wor,0,0,False,0,1,2,-1,5394
0,unknown,cat,0,1,False,2,0,1,-1,5395
0,unknown,Timer,0,0,False,0,1,2,19,5396
0,unknown,Thread-15 (work,0,0,False,0,1,2,0,5397
0,unknown,DOM Worker,0,1,False,0,1,2,-1,5398
0,unknown,Thread-57 (work,0,0,False,0,1,2,0,5399
0,unknown,V8Worker,0,0,False,0,1,2,0,5400
0,unknown,pet,0,0,False,0,1,1,10,5401
0,unknown,gnome-shell,1,1,True,1,3,0,-1,5402
0,unknown,kworker/u32:3,0,0,False,2,0,1,-1,5403
0,unknown,ps,1,1,True,2,0,1,-1,5404
0,unknown,sh,0,0,False,0,1,1,-1,5405
0,unknown,which,0,0,False,2,0,1,-1,5406
0,unknown,Thread-55 (_han,0,0,False,0,1,2,0,5407
0,unknown,Xwayland,1,1,True,2,3,1,-1,5408
0,unknown,Thread-92 (work,0,0,False,0,1,2,0,5409
0,unknown,cpuUsage.sh,0,1,False,2,0,1,9,5410
0,unknown,Thread-82 (work,0,0,False,0,1,2,0,5411
0,unknown,TaskCon~ller #2,0,0,False,0,1,2,0,5412
1,unknown,IPC I/O Child,0,0,False,0,1,2,0,5413
0,unknown,Thread-21 (_han,0,0,False,0,1,2,0,5414
0,unknown,Mutter Input Th,0,0,False,0,3,1,-1,5415
0,unknown,Thread-10 (_han,0,0,False,0,1,2,0,5416
0,unknown,V8Worker,0,0,False,0,1,2,13,5417
0,unknown,cpuUsage.sh,0,0,False,2,0,1,-1,5418
0,unknown,libuv-worker,0,0,False,0,1,2,0,5419
0,unknown,Thread-84 (work,0,0,False,0,1,2,0,5420
0,unknown,Thread-158 (wor,0,0,False,0,1,2,0,5421
0,unknown,StreamT~ns #621,0,0,False,0,1,2,0,5422
1,unknown,StyleThread#3,0,0,False,0,1,2,-1,5423
0,unknown,cpuUsage.sh,0,1,False,0,1,1,-1,5424
0,unknown,Thread-216 (wor,0,0,False,0,1,2,0,5425
0,unknown,Thread-47 (work,0,0,False,0,1,2,0,5426
0,unknown,Thread-109 (_ha,0,0,False,0,1,2,0,5427
0,unknown,gmain,0,0,False,0,1,2,0,5428
0,unknown,Thread-206 (wor,0,0,False,0,1,2,0,5429
1,unknown,Thread-189 (wor,0,0,False,0,1,2,-1,5430
0,unknown,async-io,0,0,False,0,1,2,0,5431
0,unknown,cat,0,0,False,2,0,1,6,5432
0,unknown,Thread-65 (_han,0,0,False,0,1,2,0,5433
0,unknown,Thread-60 (work,0,0,False,0,1,2,0,5434
0,unknown,cat,0,0,False,2,0,1,6,5435
0,unknown,Sandbox Forked,0,1,False,0,1,1,10,5436
0,unknown,sed,0,0,False,2,0,1,-1,5437
0,unknown,Thread-13 (work,0,0,False,0,1,2,0,5438
0,unknown,ps,1,1,True,2,0,1,-1,5439
0,unknown,wireplumber,0,0,False,2,0,1,-1,5440
0,unknown,WebExtensions,0,0,False,2,0,1,-1,5441
0,unknown,Thread-14 (work,0,0,False,0,1,2,0,5442
0,unknown,Thread-95 (work,0,0,False,0,1,2,0,5443
0,unknown,V8Worker,0,0,False,0,1,2,0,5444
0,unknown,Thread-17 (work,0,0,False,0,1,2,0,5445
0,unknown,StreamT~ns #624,0,0,False,0,1,2,0,5446
0,unknown,libuv-worker,0,0,False,0,1,2,0,5447
0,unknown,Timer,0,0,False,0,1,2,-1,5448
0,unknown,python,1,1,True,2,3,1,-1,5449
1,unknown,Thread-115 (wor,0,0,False,0,1,2,-1,5450
0,unknown,Thread-12 (work,0,0,False,0,1,2,0,5451
0,unknown,Thread-11 (_han,0,0,False,0,1,2,0,5452
0,unknown,which,0,0,False,2,0,1,-1,5453
0,unknown,cat,0,0,False,2,0,1,-1,5454
0,unknown,AudioIP~ver RPC,0,0,False,0,1,2,0,5455
0,unknown,IPC I/O Child,0,0,False,0,1,1,-1,5456
0,unknown,cpuUsage.sh,0,0,False,0,1,1,7,5457
0,unknown,Chrome_IOThread,0,0,False,0,1,1,-1,5458
0,unknown,Thread-26 (work,0,0,False,0,1,2,0,5459
0,unknown,cat,0,0,False,2,0,1,-1,5460
0,unknown,TaskCon~ller #0,0,0,False,0,1,2,0,5461
0,unknown,git,0,0,False,2,0,1,-1,5462
0,unknown,Thread-76 (_han,0,1,False,0,1,2,0,5463
0,unknown,code,0,0,False,0,1,2,-1,5464
0,unknown,Thread-55 (_han,0,0,False,0,1,2,0,5465
0,unknown,Thread-153 (_ha,0,0,False,0,1,2,-1,5466
1,unknown,IPC I/O Child,0,0,False,0,1,2,-1,5467
2,unknown,Thread-161 (wor,0,0,False,0,1,2,-1,5468
0,unknown,StyleThread#3,0,0,False,0,1,2,-1,5469
1,unknown,kworker/6:2,1,1,True,2,0,1,-1,5471
0,unknown,Thread-15 (work,0,0,False,0,1,2,0,5472
0,unknown,Thread-22 (_han,0,0,False,0,1,2,0,5473
0,unknown,JS Watchdog,0,0,False,0,1,2,0,5474
0,unknown,Thread-9 (_hand,0,0,False,0,1,2,2,5475
0,unknown,Thread-13 (work,0,0,False,0,1,2,0,5476
0,unknown,Thread-87 (_han,0,0,False,0,1,2,0,5477
0,unknown,Compositor,0,0,False,0,3,1,-1,5478
0,unknown,JS Watchdog,0,0,False,0,1,2,0,5479
0,unknown,DedicatedWorker,0,0,False,0,1,2,-1,5480
0,unknown,VizCompositorTh,0,0,False,0,1,1,-1,5481
0,unknown,ps,1,0,False,2,0,1,-1,5482
0,unknown,bwrap,0,0,False,2,0,1,-1,5483
0,unknown,cpuUsage.sh,0,1,False,2,0,1,-1,5484
0,unknown,Thread-36 (work,0,0,False,0,1,2,0,5485
0,unknown,sed,0,0,False,2,0,1,20,5486
0,unknown,Timer,0,0,False,0,1,2,0,5487
0,unknown,Thread-5 (worke,0,0,False,0,1,2,0,5488
0,unknown,Socket Thread,0,0,False,0,1,2,-1,5489
0,unknown,Thread-86 (_han,0,0,False,0,1,2,0,5490
0,unknown,pet,0,1,False,0,1,1,-1,5491
0,unknown,stress-ng-vm,1,1,True,2,0,3,-1,5492
0,unknown,gdbus,0,0,False,0,1,1,10,5493
0,unknown,Thread-60 (work,0,0,False,0,1,2,0,5494
0,unknown,StyleThread#5,0,1,False,0,1,2,0,5495
1,unknown,TaskCon~ller #4,0,0,False,0,1,2,0,5496
1,unknown,gdbus,0,0,False,0,1,2,0,5497
0,unknown,V8Worker,0,0,False,0,1,2,0,5498
0,unknown,Compositor,0,0,False,0,3,1,-1,5499
0,unknown,cpuUsage.sh,0,0,False,2,0,1,-1,5500
0,unknown,Thread-14 (work,0,0,False,0,1,2,0,5501
0,unknown,cpuUsage.sh,0,0,False,2,0,1,9,5502
0,unknown,Thread-4 (worke,0,0,False,0,1,2,0,5503
1,unknown,Thread-52 (work,0,0,False,0,1,2,0,5504
0,unknown,cpuUsage.sh,0,1,False,2,0,1,18,5505
0,unknown,cpuUsage.sh,0,0,False,2,0,1,15,5506
0,unknown,Indexed~IO #252,0,0,False,0,1,2,0,5507
0,unknown,Chrome_ChildIOT,0,0,False,0,1,1,-1,5508
0,unknown,gsd-media-keys,0,0,False,0,0,1,-1,5509
0,unknown,WebExtensions,0,0,False,2,0,1,-1,5510
0,unknown,DOM Worker,0,0,False,0,1,2,0,5511
0,unknown,Thread-32 (_han,0,1,False,0,1,2,0,5512
0,unknown,Thread-55 (_han,0,0,False,0,1,2,0,5513
0,unknown,Thread-35 (work,0,0,False,0,1,2,14,5514
0,unknown,IPC I/O Parent,0,0,False,0,1,1,-1,5515
0,unknown,Thread-59 (work,0,1,False,0,1,2,0,5516
0,unknown,Thread-66 (_han,0,0,False,0,1,2,0,5517
0,unknown,TaskCon~ller #3,0,0,False,0,1,2,0,5518
0,unknown,VizCompositorTh,0,0,False,0,1,1,-1,5519
0,unknown,Thread-104 (wor,0,0,False,0,1,2,0,5520
0,unknown,pet,0,0,False,0,1,2,-1,5521
0,unknown,TaskCon~ller #0,0,0,False,0,1,2,0,5522
0,unknown,Privileged Cont,1,0,False,2,0,1,-1,5523
0,unknown,sh,0,0,False,2,0,1,-1,5524
0,unknown,rtkit-daemon,0,0,False,0,1,2,0,5525
0,unknown,Thread-78 (work,0,0,False,0,1,2,0,5526
0,unknown,Thread-51 (work,0,0,False,0,1,2,0,5527
0,unknown,nv_queue,0,1,False,0,0,2,-1,5528
0,unknown,which,0,1,False,2,0,1,-1,5529
0,unknown,cat,0,0,False,2,0,1,21,5530
0,unknown,Thread-51 (work,0,0,False,0,1,2,0,5531
0,unknown,Thread-50 (work,0,0,False,0,1,2,0,5532
0,unknown,sh,0,0,False,2,0,1,-1,5533
0,unknown,cat,0,0,False,2,0,1,4,5534
0,unknown,bpftool,1,0,False,2,0,1,-1,5535
0,unknown,kcompactd0,0,0,False,0,0,2,-1,5536
0,unknown,cat,0,0,False,2,0,1,6,5537
0,unknown,pet,0,0,False,0,1,1,-1,5538
0,unknown,stress-ng-cpu,0,1,False,2,0,1,-1,5539
0,unknown,ThreadPoolForeg,0,0,False,0,1,2,2,5540
0,unknown,gmain,0,0,False,0,1,2,0,5541
0,unknown,MediaTimer #72,0,0,False,0,1,2,8,5542
0,unknown,code,1,1,True,2,0,1,-1,5543
0,unknown,Thread-27 (work,0,0,False,0,1,2,0,5544
0,unknown,pet,0,0,False,0,1,1,10,5545
0,unknown,Thread-41 (work,0,0,False,0,1,2,0,5546
0,unknown,gdbus,0,0,False,0,1,2,0,5547
0,unknown,Thread-62 (work,0,0,False,0,1,2,0,5548
0,unknown,Thread-8 (worke,0,0,False,0,1,2,0,5549
0,unknown,Thread-212 (wor,0,0,False,0,1,2,0,5550
0,unknown,Thread-3 (worke,0,0,False,0,1,2,0,5551
0,unknown,libuv-worker,0,0,False,0,1,2,0,5552
0,unknown,gly-rayon-3,0,1,False,0,1,1,10,5553
0,unknown,DNS Res~er #518,0,0,False,0,1,2,0,5554
0,unknown,TaskCon~ller #0,0,0,False,0,1,2,0,5555
0,unknown,MemoryPoller,0,0,False,0,1,2,0,5556
1,unknown,ThreadPoolForeg,0,0,False,0,1,2,-1,5557
0,unknown,cat,0,1,False,2,0,1,-1,5558
0,unknown,cat,0,0,False,2,0,1,6,5559
0,unknown,Thread-27 (work,0,0,False,0,1,2,0,5560
0,unknown,Thread-70 (work,0,0,False,0,1,2,0,5561
0,unknown,V8Worker,0,0,False,0,1,2,0,5562
0,unknown,sleep,0,0,False,2,0,1,-1,5563
0,unknown,gmain,0,0,False,0,1,2,0,5564
0,unknown,mutter-x11-fram,1,1,True,2,0,1,-1,5565
0,unknown,sleep,0,0,False,2,0,1,-1,5566
0,unknown,WRWorkerLP#5,0,0,False,0,1,1,-1,5567
0,unknown,Thread-208 (_ha,0,1,False,0,1,2,0,5568
0,unknown,Thread-107 (wor,0,0,False,0,1,2,0,5569
0,unknown,gdbus,0,0,False,0,1,2,0,5570
0,unknown,Thread-197 (_ha,0,1,False,0,1,2,0,5571
0,unknown,Renderer,0,0,False,0,1,2,-1,5572
0,unknown,Thread-32 (_han,0,0,False,0,1,2,0,5573
0,unknown,Thread-33 (_han,0,0,False,0,1,2,0,5574
0,unknown,firefox:gdrv0,0,0,False,0,1,2,8,5575
0,unknown,crashhelper,0,0,False,0,1,2,-1,5577
1,unknown,ThreadPoolForeg,0,0,False,0,1,2,-1,5578
3,unknown,pet,0,0,False,0,1,1,-1,5579
0,unknown,cpuUsage.sh,0,0,False,2,0,1,-1,5580
0,unknown,cpuUsage.sh,0,0,False,2,0,1,9,5581
0,unknown,libuv-worker,0,0,False,0,1,2,0,5582
0,unknown,Thread-69 (work,0,0,False,0,1,2,-1,5583
0,unknown,Thread-19 (work,0,0,False,0,1,2,0,5584
0,unknown,Thread-120 (_ha,0,1,False,0,1,2,0,5585
0,unknown,Thread-6 (worke,0,0,False,0,1,2,0,5586
0,unknown,rs:main Q:Reg,0,0,False,0,1,2,0,5587
0,unknown,StreamTrans #3,0,0,False,0,1,2,5,5588
0,unknown,cat,0,0,False,2,0,1,4,5589
0,unknown,Thread-29 (work,0,0,False,0,1,2,0,5590
0,unknown,gdbus,0,0,False,0,1,2,0,5591
0,unknown,code,0,0,False,0,1,2,0,5592
0,unknown,gdbus,0,0,False,0,1,2,-1,5593
0,unknown,Thread-61 (work,0,0,False,0,1,2,0,5594
0,unknown,python,0,0,False,0,1,1,10,5595
0,unknown,StreamTrans #31,0,0,False,0,1,2,0,5596
0,unknown,StreamTrans #1,0,0,False,0,1,2,0,5597
0,unknown,ProcessHangMon,0,0,False,0,1,2,0,5598
0,unknown,WRWorker#3,0,0,False,0,1,1,-1,5599
0,unknown,JS Helper,0,0,False,0,1,2,0,5600
0,unknown,Web Content,0,0,False,0,0,1,-1,5601
0,unknown,gnome-keyring-d,0,0,False,0,0,1,-1,5602
0,unknown,TaskCon~ller #5,0,0,False,0,1,2,0,5603
0,unknown,Thread-48 (work,0,0,False,0,1,2,0,5604
0,unknown,firefox,1,1,True,1,3,1,-1,5605
0,unknown,gly-rayon-1,0,1,False,0,1,1,-1,5606
0,unknown,Thread-41 (work,0,0,False,0,1,2,0,5607
1,unknown,TaskCon~ller #7,0,0,False,0,1,2,0,5608
0,unknown,udisksd,0,0,False,2,0,1,-1,5609
0,unknown,cat,0,1,False,2,0,1,-1,5610
0,unknown,Thread-116 (wor,0,0,False,0,1,2,0,5611
0,unknown,pet,0,0,False,0,1,2,-1,5612
2,unknown,Thread-166 (wor,0,0,False,0,1,2,0,5614
0,unknown,Thread-38 (work,0,0,False,0,1,2,0,5615
0,unknown,Thread-50 (work,0,0,False,0,1,2,0,5616
0,unknown,DNS Res~er #516,0,0,False,0,1,2,0,5617
0,unknown,DOM Worker,0,0,False,0,1,2,-1,5618
0,unknown,Isolated Servic,0,0,False,2,0,1,-1,5619
0,unknown,Backgro~ool #28,0,1,False,0,1,2,0,5620
0,unknown,Thread-4 (worke,0,0,False,0,1,2,0,5621
0,unknown,TaskCon~ller #1,0,0,False,0,1,2,0,5622
0,unknown,Thread-4 (worke,0,0,False,0,1,2,0,5623
0,unknown,Chrome_ChildIOT,0,0,False,0,1,2,-1,5624
0,unknown,gvfsd-wsdd,0,0,False,2,0,1,-1,5625
0,unknown,ibus-engine-sim,0,0,False,2,0,1,-1,5626
0,unknown,blocking-71,0,1,False,0,1,2,0,5627
0,unknown,sh,0,0,False,2,0,1,1,5628
0,unknown,Chrome_ChildIOT,0,0,False,0,1,2,0,5629
0,unknown,DNS Res~er #517,0,0,False,0,1,2,0,5630
0,unknown,Thread-2 (worke,0,0,False,0,1,2,0,5631
0,unknown,Indexed~IO #250,0,0,False,0,1,2,8,5632
0,unknown,Thread-33 (_han,0,1,False,0,1,2,0,5633
0,unknown,TaskCon~ller #3,0,0,False,0,1,2,0,5634
0,unknown,systemd,1,0,False,2,0,1,-1,5635
1,unknown,nv_queue,0,1,False,0,0,2,-1,5636
0,unknown,WrGlyph~terizer,0,0,False,0,1,2,0,5637
0,unknown,V8Worker,0,0,False,0,1,2,-1,5638
0,unknown,Thread-18 (work,0,0,False,0,1,2,0,5639
0,unknown,systemd,1,1,True,2,0,1,-1,5640
0,unknown,gdbus,0,0,False,0,1,2,-1,5641
0,unknown,Thread-7 (worke,0,0,False,0,1,2,0,5642
1,unknown,sqldb:p~lite #2,0,0,False,0,1,2,0,5643
0,unknown,glean.dispatche,0,0,False,0,3,1,-1,5644
0,unknown,Thread-113 (wor,0,0,False,0,1,2,8,5645
0,unknown,polkitd,0,0,False,2,0,1,-1,5646
0,unknown,zbus::Connectio,0,1,False,0,1,1,10,5647
1,unknown,libuv-worker,0,0,False,0,1,2,-1,5648
0,unknown,Thread-102 (wor,0,0,False,0,1,2,0,5649
0,unknown,Socket Thread,0,0,False,0,1,2,0,5650
0,unknown,WRWorkerLP#5,0,0,False,0,1,1,-1,5651
0,unknown,sed,0,0,False,2,0,1,16,5652
0,unknown,StreamTrans #51,0,0,False,0,1,2,0,5653
0,unknown,Thread-149 (wor,0,0,False,0,1,2,0,5654
0,unknown,Thread-17 (work,0,0,False,0,1,2,0,5655
0,unknown,MediaDe~ine #76,0,1,False,0,1,1,-1,5656
0,unknown,StreamT~ns #634,0,0,False,0,1,1,-1,5657
0,unknown,pet,0,0,False,0,1,1,-1,5658
0,unknown,Thread-76 (_han,0,1,False,0,1,2,0,5659
0,unknown,sleep,0,1,False,2,0,1,-1,5660
0,unknown,V8Worker,0,0,False,0,1,2,-1,5661
0,unknown,Thread-219 (_ha,0,0,False,0,1,2,0,5662
0,unknown,rcu_preempt,0,1,False,0,1,1,-1,5663
0,unknown,Thread-54 (_han,0,0,False,0,1,2,0,5664
0,unknown,sh,0,0,False,2,0,1,-1,5665
0,unknown,DedicatedWorker,0,0,False,0,1,2,-1,5666
0,unknown,Thread-28 (work,0,0,False,0,1,2,0,5667
0,unknown,Thread-9 (_hand,0,0,False,0,1,2,2,5668
0,unknown,WRScene~derLP#1,0,1,False,0,1,2,-1,5669
0,unknown,code,1,0,False,2,3,1,-1,5670
0,unknown,nv_queue,1,1,True,0,0,2,-1,5671
0,unknown,Thread-12 (work,0,0,False,0,1,2,0,5672
0,unknown,Thread-7 (worke,0,0,False,0,1,2,0,5673
0,unknown,DelayedTaskSche,0,0,False,0,1,2,0,5674
0,unknown,Thread-128 (wor,0,0,False,0,1,2,-1,5675
0,unknown,Thread-14 (work,0,0,False,0,1,2,0,5676
0,unknown,sh,0,0,False,0,1,1,-1,5677
0,unknown,Thread-72 (work,0,0,False,0,1,2,0,5678
0,unknown,cat,0,0,False,2,0,1,4,5679
0,unknown,kworker/u32:1,1,0,False,2,0,1,-1,5680
0,unknown,kworker/u33:1,1,1,True,0,3,1,-1,5681
0,unknown,Thread-29 (work,0,0,False,0,1,2,0,5682
0,unknown,sh,0,1,False,2,0,1,-1,5683
0,unknown,libuv-worker,0,0,False,0,1,2,0,5684
0,unknown,Thread-84 (work,0,0,False,0,1,2,0,5685
0,unknown,TaskCon~ller #4,0,0,False,0,1,2,-1,5686
0,unknown,firefox:gdrv0,0,0,False,0,1,2,0,5687
0,unknown,Thread-220 (_ha,0,0,False,0,1,2,0,5688
0,unknown,sh,0,0,False,0,1,2,0,5689
0,unknown,python,0,0,False,0,1,1,-1,5690
0,unknown,cat,0,0,False,2,0,1,6,5691
0,unknown,sudo,0,0,False,2,0,1,-1,5692
1,unknown,libuv-worker,0,0,False,0,1,2,-1,5693
0,unknown,python,0,0,False,0,1,1,-1,5694
0,unknown,Thread-10 (_han,0,1,False,0,1,2,0,5695
0,unknown,sleep,0,0,False,2,0,1,-1,5696
0,unknown,WRWorkerLP#2,0,0,False,0,1,1,-1,5697
0,unknown,TaskCon~ller #6,0,0,False,0,1,2,0,5698
0,unknown,TaskCon~ller #3,0,0,False,0,1,2,0,5699
0,unknown,V8Worker,0,0,False,0,1,2,-1,5700
0,unknown,Web Content,0,0,False,2,0,1,-1,5701
0,unknown,pet,0,0,False,0,1,2,-1,5702
0,unknown,cpuUsage.sh,0,0,False,2,0,1,-1,5703
0,unknown,Thread-28 (work,0,0,False,0,1,2,0,5704
1,unknown,gdbus,0,0,False,0,1,2,0,5705
0,unknown,Timer,0,0,False,0,1,2,0,5707
0,unknown,V8Worker,0,0,False,0,1,2,-1,5708
0,unknown,gsd-sharing,0,0,False,2,0,1,-1,5709
0,unknown,V8Worker,0,0,False,0,1,2,0,5710
0,unknown,TaskCon~ller #4,0,0,False,0,1,2,0,5711
0,unknown,WRWorker#0,0,0,False,0,1,1,-1,5712
1,unknown,Thread-45 (work,0,0,False,0,1,2,0,5713
0,unknown,pool-88,0,0,False,0,1,2,0,5714
0,unknown,sh,0,0,False,0,1,1,-1,5715
0,unknown,sed,0,0,False,2,0,1,20,5716
0,unknown,cpuUsage.sh,0,0,False,2,0,1,-1,5717
0,unknown,stress-ng,1,0,False,2,0,1,-1,5718
0,unknown,Mutter Input Th,0,0,False,0,1,2,-1,5719
0,unknown,ThreadPoolServi,0,0,False,0,1,2,0,5720
0,unknown,Thread-15 (work,0,0,False,0,1,2,0,5721
0,unknown,TaskCon~ller #1,0,0,False,0,1,2,-1,5722
0,unknown,sed,0,0,False,2,0,1,16,5723
0,unknown,cat,0,0,False,2,0,1,-1,5725
1,unknown,Thread-120 (_ha,0,0,False,0,1,2,0,5726
1,unknown,Thread-168 (wor,0,0,False,0,1,2,-1,5727
0,unknown,gjs,0,1,False,2,0,1,-1,5728
0,unknown,Thread-21 (_han,0,0,False,0,1,2,0,5729
0,unknown,Thread-8 (worke,0,0,False,0,1,2,0,5730
0,unknown,sed,0,0,False,2,0,1,16,5731
0,unknown,kworker/u32:2,1,0,False,2,0,1,-1,5732
0,unknown,pool-88,0,0,False,0,1,2,-1,5733
0,unknown,which,0,0,False,2,0,1,-1,5734
0,unknown,Thread-131 (_ha,0,0,False,0,1,2,0,5736
0,unknown,gdbus,0,0,False,0,1,2,0,5737
0,unknown,gdbus,0,0,False,0,1,2,0,5738
0,unknown,Thread-123 (wor,0,0,False,0,1,2,0,5739
2,unknown,IPC I/O Child,0,0,False,0,1,2,0,5740
0,unknown,TaskCon~ller #4,0,1,False,0,1,2,-1,5741
0,unknown,ProcessHangMon,0,0,False,0,1,2,22,5742
0,unknown,cpuUsage.sh,0,1,False,2,0,1,-1,5743
0,unknown,Thread-14 (work,0,1,False,0,1,2,0,5744
0,unknown,Privileged Cont,1,0,False,2,0,1,-1,5745
0,unknown,Thread-57 (work,0,0,False,0,1,2,0,5746
0,unknown,Thread-10 (_han,0,0,False,0,1,2,0,5747
0,unknown,bpftool,0,0,False,2,0,1,-1,5748
0,unknown,kworker/u32:2,1,0,False,2,0,1,-1,5749
0,unknown,Backgro~Pool #8,0,0,False,0,1,2,2,5750
2,unknown,Thread-157 (wor,0,0,False,0,1,2,13,5751
0,unknown,Thread-214 (wor,0,0,False,0,1,2,0,5752
0,unknown,bash,0,1,False,2,0,1,-1,5753
0,unknown,IPC I/O Parent,0,0,False,0,1,1,-1,5754
0,unknown,gdbus,0,0,False,0,1,2,-1,5755
1,unknown,Thread-179 (wor,0,0,False,0,1,2,-1,5756
1,unknown,IPC I/O Child,0,0,False,0,1,2,-1,5758
0,unknown,cat,0,0,False,2,0,1,12,5759
0,unknown,WRWorkerLP#0,0,0,False,0,1,1,-1,5760
0,unknown,Timer,0,0,False,0,1,2,-1,5761
0,unknown,TaskCon~ller #1,0,0,False,0,1,2,0,5762
0,unknown,rtkit-daemon,0,0,False,0,1,2,8,5763
0,unknown,cpuUsage.sh,0,0,False,2,0,1,-1,5764
0,unknown,Backgro~ool #29,0,0,False,0,1,2,0,5765
0,unknown,TikToken worker,0,1,False,0,1,2,-1,5766
0,unknown,WRRende~ckend#1,0,0,False,0,1,1,-1,5767
0,unknown,Thread-11 (_han,0,0,False,0,1,2,0,5768
0,unknown,Thread-46 (work,0,0,False,0,1,2,0,5769
0,unknown,sleep,0,0,False,2,0,1,-1,5770
0,unknown,JS Watchdog,0,0,False,0,1,2,0,5771
0,unknown,upowerd,1,1,True,2,0,1,-1,5772
0,unknown,Thread-210 (wor,0,0,False,0,1,2,0,5773
0,unknown,pet,0,0,False,0,1,2,11,5774
0,unknown,code,0,1,False,2,0,1,-1,5775
0,unknown,Thread-209 (_ha,0,0,False,0,1,2,0,5776
0,unknown,Thread-196 (_ha,0,0,False,0,1,2,0,5777
0,unknown,KMS thread,0,0,False,0,1,1,-1,5778
0,unknown,Thread-98 (_han,0,0,False,0,1,2,0,5779
0,unknown,Thread-199 (wor,0,0,False,0,1,2,0,5780
0,unknown,Cache2 I/O,0,0,False,0,1,2,-1,5781
0,unknown,JS Watchdog,0,0,False,0,1,2,0,5782
0,unknown,cpuUsage.sh,0,0,False,2,0,1,9,5783
0,unknown,Thread-69 (work,0,0,False,0,1,2,0,5784
0,unknown,snapd,0,0,False,0,1,2,0,5785
0,unknown,code,1,0,False,2,3,1,-1,5786
0,unknown,cat,0,0,False,2,0,1,6,5787
0,unknown,code,1,0,False,2,3,1,-1,5788
1,unknown,cpuUsage.sh,0,1,False,2,0,1,-1,5789
0,unknown,TaskCon~ller #6,0,0,False,0,1,2,0,5790
0,unknown,Thread-7 (worke,0,0,False,0,1,2,0,5791
0,unknown,TaskCon~ller #2,0,0,False,0,1,2,-1,5792
0,unknown,StreamT~ns #631,0,0,False,0,1,2,0,5793
0,unknown,Thread-18 (work,0,0,False,0,1,2,0,5794
0,unknown,Thread-12 (work,0,0,False,0,1,2,0,5795
0,unknown,Backgro~Pool #1,0,0,False,0,1,2,8,5796
0,unknown,Priority Queue ,0,0,False,0,1,2,-1,5797
0,unknown,TaskCon~ller #6,0,0,False,0,1,2,0,5798
0,unknown,Thread-29 (work,0,0,False,0,1,2,0,5799
0,unknown,Thread-70 (work,0,0,False,0,1,2,0,5800
0,unknown,sudo,0,0,False,2,0,1,-1,5801
0,unknown,git,1,0,False,2,0,1,-1,5802
0,unknown,kworker/u32:0,1,0,False,2,0,1,-1,5803
1,unknown,Thread-137 (wor,0,0,False,0,1,2,-1,5804
0,unknown,bash,0,1,False,2,0,1,-1,5805
0,unknown,Thread-26 (work,0,0,False,0,1,2,0,5806
0,unknown,ThreadPoolForeg,0,0,False,0,1,2,0,5807
0,unknown,Thread-14 (work,0,0,False,0,1,2,0,5808
0,unknown,Thread-197 (_ha,0,0,False,0,1,2,0,5809
0,unknown,cat,0,0,False,2,0,1,6,5810
0,unknown,sh,0,0,False,2,0,1,-1,5811
0,unknown,FSBroker7081,0,0,False,0,1,2,0,5812
0,unknown,jbd2/sdb4-8,0,0,False,0,1,2,0,5813
0,unknown,pet,0,0,False,0,1,1,10,5814
0,unknown,Thread-102 (wor,0,0,False,0,1,2,0,5815
0,unknown,HTML5 Parser,0,0,False,0,1,1,10,5816
0,unknown,Thread-55 (_han,0,0,False,0,1,2,0,5817
0,unknown,cat,0,0,False,2,0,1,21,5818
0,unknown,Thread-141 (_ha,0,0,False,0,1,2,0,5819
0,unknown,Thread-206 (wor,0,0,False,0,1,2,-1,5820
0,unknown,sleep,0,0,False,2,0,1,-1,5821
1,unknown,Thread-184 (wor,0,0,False,0,1,2,0,5822
0,unknown,Thread-66 (_han,0,0,False,0,1,2,0,5823
0,unknown,Thread-11 (_han,0,0,False,0,1,2,0,5824
0,unknown,which,0,0,False,2,0,1,-1,5825
0,unknown,Thread-114 (wor,0,0,False,0,1,2,0,5826
0,unknown,TaskCon~ller #2,0,0,False,0,1,2,0,5827
0,unknown,Isolated Web Co,1,0,False,2,0,1,-1,5828
0,unknown,Isolated Web Co,0,0,False,2,0,1,-1,5829
0,unknown,cpuUsage.sh,0,0,False,2,0,1,-1,5830
0,unknown,sh,0,0,False,2,0,1,-1,5831
0,unknown,git,0,0,False,2,0,1,-1,5832
0,unknown,cpuUsage.sh,0,0,False,2,0,1,-1,5833
2,unknown,stress-ng-cpu,1,1,True,2,0,1,-1,5834
1,unknown,code,1,1,True,2,3,1,-1,5835
0,unknown,Thread-36 (work,0,0,False,0,1,2,0,5836
0,unknown,sudo,0,1,False,2,0,1,-1,5837
0,unknown,code,0,0,False,0,1,1,-1,5838
0,unknown,Thread-65 (_han,0,0,False,0,1,2,0,5839
0,unknown,Thread-19 (work,0,0,False,0,1,2,0,5840
0,unknown,Thread-65 (_han,0,0,False,0,1,2,0,5841
0,unknown,ksoftirqd/7,0,1,False,0,1,2,-1,5842
0,unknown,firefox,1,1,True,1,3,0,-1,5843
0,unknown,gmain,0,0,False,0,1,2,0,5844
0,unknown,Xwayland,1,1,True,2,3,1,-1,5845
0,unknown,ProcessHangMon,0,0,False,0,1,2,0,5846
0,unknown,DNS Res~er #511,0,0,False,0,1,2,0,5847
0,unknown,sudo,1,0,False,2,0,1,-1,5848
0,unknown,kworker/6:1H,1,1,True,0,0,1,-1,5849
0,unknown,cpuUsage.sh,0,1,False,2,0,1,18,5850
0,unknown,cpuUsage.sh,0,0,False,2,0,1,9,5851
0,unknown,Thread-29 (work,0,0,False,0,1,2,0,5852
1,unknown,pet,0,0,False,0,1,1,10,5853
0,unknown,TaskCon~ller #0,0,0,False,0,1,2,0,5854
0,unknown,git,0,0,False,2,0,1,-1,5855
0,unknown,sh,0,0,False,2,0,1,-1,5856
1,unknown,CompositorTileW,0,0,False,0,1,2,0,5858
0,unknown,WRRende~ckend#1,0,0,False,0,1,1,-1,5859
1,unknown,URL Classifier,0,0,False,0,1,2,0,5860
0,unknown,cat,0,0,False,2,0,1,12,5861
0,unknown,Indexed~IO #251,0,1,False,0,1,2,0,5862
0,unknown,JS Helper,0,0,False,0,1,2,0,5863
0,unknown,Thread-21 (_han,0,0,False,0,1,2,0,5864
0,unknown,forkserver,0,0,False,2,0,1,-1,5865
0,unknown,Thread-47 (work,0,0,False,0,1,2,0,5866
0,unknown,StreamT~ns #316,0,0,False,0,1,2,-1,5867
0,unknown,ps,1,1,True,2,0,1,-1,5868
0,unknown,WRWorkerLP#4,0,0,False,0,1,1,-1,5869
0,unknown,sh,0,0,False,2,0,1,-1,5870
0,unknown,gmain,0,0,False,0,1,2,0,5871
0,unknown,kworker/4:1H,1,1,True,0,0,1,-1,5872
0,unknown,cat,0,0,False,2,0,1,6,5873
0,unknown,Thread-104 (wor,0,0,False,0,1,2,0,5874
0,unknown,Thread-8 (worke,0,0,False,0,1,2,0,5875
2,unknown,pet,0,1,False,0,1,2,8,5876
0,unknown,DOM Worker,0,1,False,0,0,1,-1,5877
1,unknown,bpftool,1,0,False,2,0,1,-1,5878
0,unknown,Cache2 I/O,0,0,False,0,1,2,-1,5879
0,unknown,WaylandProxy,0,0,False,0,1,1,-1,5880
0,unknown,cpuUsage.sh,0,0,False,2,0,1,9,5881
0,unknown,ibus-daemon,0,0,False,2,0,1,-1,5882
0,unknown,python,0,0,False,0,1,1,-1,5883
1,unknown,ThreadPoolForeg,0,0,False,0,1,2,-1,5884
0,unknown,TaskCon~ller #4,0,0,False,0,1,2,-1,5885
0,unknown,bash,0,1,False,2,0,1,-1,5886
0,unknown,ThreadPoolForeg,0,0,False,0,1,2,-1,5887
0,unknown,Thread-39 (work,0,0,False,0,1,2,0,5888
0,unknown,Thread-205 (wor,0,0,False,0,1,2,0,5889
0,unknown,firefo:traceq0,0,0,False,0,1,2,0,5890
0,unknown,StreamTrans #28,0,0,False,0,1,1,-1,5891
0,unknown,StyleThread#2,0,0,False,0,1,2,-1,5892
0,unknown,DelayedTaskSche,0,0,False,0,1,2,0,5893
0,unknown,migration/1,0,1,False,0,1,2,-1,5894
0,unknown,code,1,0,False,2,3,1,-1,5895
0,unknown,StyleThread#4,0,0,False,0,1,2,-1,5896
0,unknown,python,0,0,False,0,1,1,-1,5897
0,unknown,FSBroker20107,0,0,False,0,1,2,0,5898
0,unknown,JS Helper,0,0,False,0,1,2,0,5899
0,unknown,gdbus,0,0,False,0,1,2,0,5900
0,unknown,code,0,0,False,0,1,1,-1,5901
0,unknown,Thread-69 (work,0,0,False,0,1,2,0,5902
0,unknown,StreamTrans #51,0,0,False,0,1,2,0,5903
0,unknown,pet,0,0,False,0,1,1,-1,5904
0,unknown,cpuUsage.sh,0,0,False,2,0,1,-1,5905
0,unknown,V8Worker,0,0,False,0,1,2,-1,5906
